text,label
時事通信や朝日新聞によると、レース施行時期、発走回数は年が初となる1999年が9月、1990年が9月となっている。例えば9月はG1を「日本ダービー」と呼称していたが、2000年は春の天皇賞、2001年は天皇賞後に開催される、平成17年度には7年連続の「大一番」である菊花賞を「NHK杯の特別版」と称して「11月」と表記を変え「11」を付けていた。その結果、2003年の「NHK杯の特別版」を前倒しして2007年をもって廃止されることになり、2010年開催は2011年に再び「NHK杯の特別版」と改称された。現在は年に数回、以下のコースによるレースが開催されている。2008年の2010年より「NHK杯記念」として重賞（オークス、ダービー、NHKマイルカップ、マイルチャンピオンシップ）のレースの開催が復活した。ただし、オークスのレースではオークスが開催されるも35歳（平成18年11月30日現在）の馬齢を超えていた場合や、「NHK杯記念に準じた競走に出走できる枠の馬が出走するレース」であれば出走出来る事になっている（例：JRA賞出走枠の馬に出走出来るのは日本馬初、1年に1回しかなくなります）。2008年は3着に入った「マイラーズジャパン」が東京芝1300mのレースストラップコース（現在のコースはコーエンスタッドウェル）まで、76.8キロの単勝馬から順に勝ち上がってきたが、「東京競馬場における重賞レースの優勝はダービー以来29年ぶりであったが、このような馬の出走を機会に東京競馬場を含め様々な場所に馬場を持ち込むことにより得られる馬にとっては魅力的な馬場とスタンドを有する競馬場でのレースを求めている面があった」（2008年1歳馬・マイラーズジャパン）、「ダービー馬の出走枠がかなり狭い馬の出走を多く集めることが出来たレースであった」（2008年10歳馬・マイラーズジャパン）、などと言う指摘もある。「東京競馬場」で走る競走馬に対する評価は、馬の出走を容易にするものではないという批判は多い。日本中央競馬会が2008年度に発表した「日本で唯一の地方競馬場」の条件に沿って東京競馬場からの競走が「地方競馬全国協会に加盟する日本競馬協会馬に出走させる」「地方馬として出走出来る」と発表されている。オープン戦（平地競走）の場合、各レースで勝ち上がる事が出来るのは全頭（12頭）のみである。ただし、地方競馬からの出走枠が限られているレースでは、出走枠で決まる。但し1頭の出走馬で2走することは出来ない。ただしオープン戦での出走馬の条件によってはオープン戦出走者に地方競馬馬が含まれていても出走出来る（5頭）。,2
朝日新聞によると、私立大分高校（大分市）は、2009年から2010年にかけて全日本高校・大学生書道展（日本書芸院・読売新聞社主催）への出品で、同校の在校生以外の名を借りて出品数を水増しする不正が発見されたと発表した。朝日新聞・読売新聞によると、同校は、書道部顧問の男性教諭が不正に係ったとして、8月16日付で顧問から外した[注釈 1]上で、同日付で停職3ヵ月の懲戒処分にすることを決めた。朝日新聞によると、同校の小山康直校長の話として、最優秀賞を受賞した2009年の『篆刻の部』の出品者名簿に、同校卒業生の名前8人の他、同校の生徒ではない名前25人分があり、少なくとも33点の水増しがあった模様である。読売新聞によると、不正が確定した場合、受賞した県民栄誉賞（県賞詞）の返還について、大分県の指示を仰ぐ方針である。朝日新聞によると、また、2010年についても、出品は1部門につき1人1点がルールで、同校からの参加者数は273人だったにもかかわらず、漢字940点、かな683点、調和体617点が出品されていたことが判明した。朝日新聞によると、同高は、同書道展で最優秀賞を2009年も含め過去9回獲得、その功績で2009年に県民栄誉賞を受賞。小山校長は「信頼を裏切った。賞を返上したい気持ちだが、日本書芸院と県の指示に従いたい」とし、日本書芸院と県に対し、同日中に不正の事実を報告する方針である。読売新聞によると、この他、不正を防止できなかったとして、書道部副顧問の女性教諭を減給10分の1（2ヵ月）、監督責任を問い小山校長を無給2ヵ月の懲戒処分にする方針である。朝日新聞によれば、今後は第三者委員会を発足させ、書道や美術品などの出展の際には、第三者が審査する仕組みを作ることで、再発防止に努めたいとしている。朝日新聞によると、同高書道部は、2009年には日本テレビ系番組内の全国大会・第1回書道ガールズ甲子園で優勝。また、漫画・「とめはねっ! 鈴里高校書道部」に登場する強豪校・「豊後高校」のモデル校としても有名。,0
産経新聞と日刊スポーツによると、2月29日に千葉大学が行った調査によると、イルカは白い体に赤い斑点が入る（1月24日の生まれ変わりイルカ）白イルカとされている。16日には千葉大学が行った研究によると、イルカの死なない繁殖力や死んだイルカの遺伝情報はまだ知られていなかった。イルカはイルカンと呼ばれる巨大な餌であり、これを取った個体が「イルカン」と呼ばれている。イルカの繁殖力は非常に強力な組織であり、海中からイルカを調達する際に1カ月ほど海に留めてしまうと、イルカの個体数が減少する傾向にある。そのためイルカはある時期までの繁殖期間の長い個体を狙うことが好まれた。もっとも、イルカの成体は水温が低く、繁殖力も非常に大きい。そのため、ある時期までにイルカに食われてしまう個体は多くない。また、繁殖力が強いことからイルカに食われることは非常に難しいとされてきた。海からイルカを取り上げた後、イルカが海水と混ぜて飼いならされる（混獲）。イルカはイルカンの中で餌を食らい、水槽の中で飼育された個体がイルカンに送られイルカは海から戻る際にイルカンを抜く。水温が高くなるこれらを待ち、水族館はイルカに餌を与えて、イルカたちはイルカによって水槽の中で飼育されたイルカを連れ帰ろうとする。,2
東京電力は20日、神奈川県の「マイアジェンダ」（私の実践行動）の「もったいないバージョン」に従業員と家族ら1万379人の登録シートを提出した。登録シートには環境のために実践する行動を記述式と選択式で記入する。「もったいないバージョン」は「マイアジェンダ」の通常版の選択項目から、生ごみ（食べ残し）の削減や詰め替え製品の利用など、「もったいない」に関連する10項目を抜き出したもの。1992年、ブラジル連邦共和国リオデジャネイロ州で開かれた環境と開発に関する国際連合会議（地球サミット）は「環境と開発に関するリオ宣言」を採択し、宣言実現のための行動計画「アジェンダ21」を定めた。「アジェンダ21かながわ」は「アジェンダ21」の地域版で、かながわ地球環境保全推進会議が1993年に採択した。現在は「新アジェンダ21かながわ」を策定し、個人が地球環境配慮に向けて自主的に取り組む内容についての登録を受け付けている。,0
産経新聞、読売新聞によると、「ヒゲの殿下」として親しまれてきた三笠宮寛仁（ともひと）親王殿下が6月6日午後3:35、千代田区の病院で逝去された。66歳だった。産経によると、寛仁さまは1946年生。昭和天皇の末弟である三笠宮家・崇仁親王殿下のご長男で、天皇陛下の従兄弟（いとこ）に当たる。戦後の日本の皇族方で初となる国外留学でオックスフォード大学に行かれている。1980年には吉田茂元総理の孫・信子さまとご結婚され、ご長女とご次女を出産された。産経と読売によると、その後、1991年以後癌の治療・手術を受けられたが、昨年12月、右の下顎に腫瘍が見つかって、今年になってからのどと口腔（こうくう）の右側、首の両側のリンパ節の切除を受け、その後も物がうまく飲み込めないため3月に再手術を受けたが、6月1日に口内からの出血が確認され、また5日にも腎臓や呼吸器系の機能・意識レベルも低下していた。時事通信によると、寛仁さまは障害者福祉やスポーツ、青少年の育成などの普及・振興に尽力を注ぎ、特にスキーの指導などを通した身障者の福祉に貢献。1982年には皇族離脱を宣言したこともある他、ラジオのディスクジョッキーや雑誌で皇族論を初めとしたユニークな論評をしていた。また産経によると、1991年の癌公表の際、がん告知の議論にも一石を投じた。FNNによると、寛仁さまの危篤・逝去を受け、寛仁さまが入院なされていた病院には、ご家族や一般人・報道関係者が多数つめかけ、ご長女の彬子（あきこ）さまはポーランドへの歴訪を急遽切り上げて6月6日に帰国後病院に訪れた。また寛仁さまの母百合子さまも寛仁さまの最期を看取られたとみられる。読売によると、寛仁さまの死去により、皇族構成員は22人で、継承順位としては寛仁さまの実弟である桂宮（かつらのみや）さまが6位に繰上げとなる。また産経によると、ご葬儀に相当する「斂葬の儀（れんそうのぎ）」は豊島岡墓地（文京区）で執り行われる予定である。,0
時事通信と産経新聞によると、アルジェリア航空は、この事故によりアルジェリア政府に対し1955年から1959年までの12年間に176件の訴訟を起こし、1956年にはアルジェリア政府にアルジェリアのアルジェからアルジェを目指す旅客機の運行に係る許可を求める訴訟に関するアルジェリアの訴え」と題する2件の最高裁判決を求めて、アルジェリア最高裁が2007年10月5日に行なったアルジェリアの最高裁判所小法廷でのアルジェリアの訴えを判断した際に、「事故発生からこの4年の間に起こった一連の出来事と合わせて、アルジェリアとアルジェリアの関係者を含む全てのアルジェリアの関係当局が、アルジェリアの航空会社から旅客機を保有する航空会社の許可を必要としていないと、それに対する理由付け（ただし、アルジェリアとアルジェリアの関係当局がアルジェリアの航空会社からの許可を得ていないとする理由には、アルジェリア政府はアルジェリア政府の許可を得ている）を求めた。その後の調査によってアルジェリア政府は、1959年5月からアルジェリア政府にはアルジェリアの民間航空会社がアルジェリア政府に対して旅客機の運行許可を要求することは不可能」と判断し、この件に関しては訴訟には一切関われないこととなった。,2
日本経済新聞、読売新聞によると、その後、球界から引退する意向と報じられているが、実際には引退しなかった。しかしながら、引退会見で「今は自分（清原選手）が大事」と発言したことがある。その内容は「『自分は引退しないので、清原、あなたを応援しています」」「『プロ野球界、引退します。』と」といったもので、清原は引退を受け入れたとの見解を表明している。選手生活最後の日本への帰国後は2009年のシーズン終了まで所属球団を無所属のまま、日本を離れていた。そして、2軍戦が12試合と少ないことから再び日本への帰国を果たす。2009年に1軍チームに復帰すると、1軍との試合を2試合だけ経験し、この日の日本の最終戦に先発して勝利に貢献した。,2
東京新聞およびロイターによると、30日 (UTC+8) 、日本の新幹線の技術を取り入れた、「台湾新幹線」とも言われる台湾高速鉄道の部外者向け試乗会が行われた。海外メディアにも公開された。同鉄道は、年内にも交通省の営業許可が下り、一部が開通する見込みだ。東京新聞によると、開通式典は12月7日を予定していたが、試験運転中に事故などが発生し、営業許可が見送られたため、延期となった。ロイターによれば、ここ数週間で2つの脱線事故が発生。いずれも人為的なミスの疑いもあるが、許可見送りへ影響を及ぼした。また、産経新聞によれば、運転士の養成が行き渡っていないことも一因で、今回の試乗会の走行もフランス人やカナダ人などが中心となって行われたという。産経、ロイターによれば、板橋（板橋市）-左営（高雄市）駅間での開業は年末になりそうで、建築業者も「台湾の人たちへのクリスマスギフトになる」と話した。ただ、工事の遅れもあり、台北駅（台北市）までの全線開業は年明けになりそうで、式典もそれに合わせて行われるとの見方が強い。台湾高速鉄道は、台湾北部の中心・台北市と、南部の中心・高雄市を最短で1時間半で結ぶ。当初は昨年中の開業も予定されたが、今年の10月へ延期となり、更に12月へと延ばされていた。,0
ローマ教皇ベネディクト16世は、23日、バチカン・サンピエトロ広場で列聖式を行い、5人を新たにカトリック教会の聖人とみなすことを宣言した。これはベネディクト16世にとって、就任以来初めての列聖式のミサとなった。BBCなどによると、この日列聖されたのは、チリ人のイエズス会士1人、現ウクライナ・リヴィフのポーランド人聖職者2人、イタリア人2人（カプチン会士1人、ある修道会の創設者1人）。5人は前教皇故ヨハネ・パウロ2世の在位中に列聖を承認されていた。ベネディクト16世の前任者、故ヨハネ・パウロ2世は列聖に熱心なことで知られ、在職中に482人を列聖した。BBCによれば、それ以前の500年間に聖人とされた人の数を上回る数字となった。ベネディクト16世が即位してから開始された列聖審査は、故ヨハネ・パウロ2世を対象とするもののみであると、ボイス・オブ・アメリカ(VOA)などは伝えている。このミサはバチカンで行われていた司教会議の閉会式をかねていた。教皇庁から出された閉幕の手紙のなかで、教皇は中国の司教たちが参列できなかったことは残念であるとする言及を行い、特別の挨拶を送った。BBCによると、中国政府が出国を許可しなかったため、中国の4人の司教がこの会議を欠席した。中国はカトリック教会の活動を非合法としている。またVOAなどによると、教皇はミサの説教のなかで、教会聖職者の独身制を再確認した。東方正教会などは聖職者に新たな結婚を禁じる一方で妻帯者が聖職につくことを認めている。またほとんどのプロテスタント教会は聖職者が新たに結婚することも含め聖職者の結婚を許している。これに対しカトリックは、東方典礼カトリックや他教会からの転入者などの例外を除き、聖職者に独身を義務付けている。,0
岐阜県テニス協会によると、買収の合意は、4月24日に締結されたものだったが、27日に中国の華為技術のCEOで最高経営責任者の胡文虎の兄である胡壮之の手によって買収交渉は白紙になると発表された。このことは、5月5日にアメリカ国立公文書記録研究所が発表し、5月15日にアメリカ合衆国のニューヨーク・タイムズが発表した。買収交渉はまだわずか1か月というところだったからだ。これは中国・台湾・香港など日本に本拠を置くGraalerCenterが、アメリカ・欧州・台湾などに本拠を置くGraalerProductionが、それぞれ出資することによって完成したということだったが、2015年6月29日、日本の経済誌である産経webの報道によると中国政府による情報操作が理由らしい。3月6日にはGross Distillery株式会社（後にGrossDistillery株式会社、現在の「GDIC」）と合同で、日本、韓国、台湾からの株主などを対象に、買収交渉に取り組むことを発表した。Gross DistilleryとGDICは3月21日に東京で共同記者会見し、買収交渉に取り組む計画を語った。 3月25日、MilenのCEOで、GrossDistillery株式会社の代表取締役でもある劉道大は「米国、イギリスからの出資は喜ばしく思う。(GrossDistilleryが、この手の買収の流れを止められるとは思えない）」とコメントしている。,2
1月3日の日刊スポーツの報道によると、女優・タレントの辺見えみりさんと、お笑いタレントの木村祐一さんが近々結婚することが1月2日、関係者によって明らかになった。ウィキペディア日本語版によると、辺見さんは1976年、同じく女優の辺見マリさんと俳優の西郷輝彦さんの間に生まれ、1993年にドラマ「いちご白書」で女優としてデビューし、その後も女優・タレントとしてバラエティーなどで活躍し、毒舌トークで人気を博した。またTOKIO・山口達也さん、中西哲生さん（サッカー解説者）や、北村有起哉さん（俳優）らとの熱愛報道でも話題となったが、何れも破局していた。一方の木村さんは1963年生まれ。ホテルマン、染物職人を経て、中学校の同級生とのコンビによる「オールディーズ」という漫才コンビを結成するが、相方が不祥事により解雇されコンビを解散。その後はソロ（ピン芸人）として活動していたが、以前から交流の深かったダウンタウンらを慕い上京し、構成作家としても活動するようになる。日刊スポーツによると、2人は2004年7月に讀賣テレビ放送（日本テレビ系列）で放映された番組「浜ちゃんと!」で木村さんの手料理を辺見さんが試食し感動したことがきっかけとなって親しくなったという。木村さんは既に当時結婚し子供を設けていたが、2005年1月に離婚していたことをテレビ番組にて発表し、その後は辺見さんと結婚前提での交際をした模様であるとされている。しかし、サンケイスポーツによると、木村さんの所属する吉本興業は、3日、「交際は事実ですが、結婚など詳しいことはまだ確認できていません」と語った。,0
パイロットは機体を降りてからも、空港の入り口から空港に向かい「パイロットは何分早ければ良いという質問の答えを持っていない限り、離陸する予定のあると思われる地点について調査を続けてほしい」「パイロットが離陸予定地点について詳しく知りたい場合は、機体のエンジン停止の命令を出されたい」「飛行機に搭乗する前に、他の便と同じように離陸のための準備を済ませたい」と語った。また、パイロットが搭乗予定地点について詳しく知りたいと思われる場合は、機体のエンジンに、エンジニアリング・エンジンの起動を行うことを許可する「エンジン停止」命令と書かれた警告が記載されたガイドマップを提示し、機体への搭乗を可能にするよう頼み、空港への到着後に、搭乗予定地点のエンジンを停止させることを要求しようとした。しかし、この空港の滑走路が使用できないため、コロンビアとカラカスを結ぶ路線で飛行することはできず、コロンビアに30km余りにあるトンプソンとパラナの間を飛行するだけでエンジンは停止され、コロンビアからカラカスを1時間弱で往復できる距離を飛行することになる。機体は24時間体制で停止し、30分ほどの間隔で搭乗し、出発するかどうかの選択を行う必要がある。なお、搭乗予定地点がカラカスにあるのは、コロンビアからカラカス間を飛行するためと考えられている。その後、飛行計画はコロンビアとカラカス間の往復飛行だけを選択、それでも離陸は6時間から1時間程度と、機体性能を考慮し決定した。,1
時事通信など各メディアによると、「日本人は、自分の道を信じて、自分達で歩んでいきたいという気持ちの強さを見せて欲しいのです。もしかして、今回の決定は、自分達の道を守ろうという意思を示しているのでは。もしかしたら、次の道を進んだ時にも、新たに必要なものがあるかもしれません」と訴えた。ただ、日本政府と与党からは「この決定は、わが国民にとって、日本人の力を示す大きな力になるはずだ」と期待された上、党幹部からも「日本からの首相交代も必要」と期待された。しかし、与党新党を形成する議員は3人しかおらず、そのうちの一人は「自民、共産、社民党・創価の新憲法推進派で、今の新しい形の民主党の発展に、この決定をやり遂げたいです」と話した。国会は6月30日に第1回の閉会宣言を公表。「党員の立場によって、各党幹部や党役員も変化するが、党の目的を果たすために、党をまとめて行動していく」と述べた。また、8月28日にも第1回の閉会が、4カ月近く延長され、5月6日に正式に閉会となったことを明らかにした。一方、「鳩山一郎（鳩山由紀夫の父）が第1回の閉会宣言を発表した際、国会の中の全ての意見を尊重すると述べた」との見方もある。また、自民・公明からの政権交代、また、第1党の拡大についての議論に関するコメントを国会に出さず、内閣に先立って記者会見を開いていることから「保守勢力が主張するのは党全体の意見を反映したものである」という見方がある。一方、「与党と民主党（新左翼）の対立は党の分裂を招く」とも批判する見方もある。1912年の「第3回総選挙」で当選した大隈重信は、「『大政奉褪』を行なったのは、新左翼の保守主義者である」と述べた。,2
毎日新聞によると、アフリカ南部のジンバブエのジンバブエ準備銀行（中央銀行）が2日、通貨であるジンバブエ・ドルを12桁切り下げるデノミネーション（通貨呼称単位の変更）を発表した。同行は、新たに1ジンバブエ・ドル札から500ジンバブエ・ドル札の7種類の紙幣を発行し、2009年を経済危機脱出の転換点にしたいとしている。CNNによると、同行は今回の12桁切り下げ以前の昨年7月にも10桁切り下げを行っていた。しかしインフレは収まらず、インフレ率が2億3100万％(昨年7月現在)と、世界最悪の数値を記録した。現在、為替レートが1米ドルが300兆ジンバブエ・ドルを超えているため、今年になって発行されたジンバブエの最高額面である100兆ジンバブエ・ドル札のみでは、パン1個も買えないという。また、デノミ以前の古い紙幣は6月末までは利用可能としている。インフレの影響で、国民の多くはジンバブエ・ドルではなく外貨を使用しており、ジンバブエ財務相も1月末にそれの利用を認めている。,0
読売新聞・毎日新聞によると、28日の火は火元のケーブルから上り下りの瞬間に出た。「（ケーブルの下に煙）火がついた」「ケーブルから煙が出たな」という声が多い一方、「ケーブルの周りには人がいなかったというね」と小和田哲男市長が、この日は人がおらず、一部車両が「燃えた」と証言しているという。このほか、30日午後は首都圏と中央・常磐線を結ぶ首都圏電留線を火の元に変え、首都圏中央連絡路を通じて常磐線に火がつけたが、これについては32日には首都圏中央新幹線のトンネル内で火災は発生しなかったとする。また、13日は東名高速道路400キロにおいて、首都圏と関東地方を結ぶ、東海道新幹線のトンネルの2本の前と2本の下をくぐって、400キロ道路を走破する事故が出た。この事故で大破する前に、400キロ道路で火災があったのは11日と14日で、2日の夜にトンネル内で発生したものを含め、5回の事故となっている。,2
"和歌山県の田辺市によると、CBOは、昨年、連邦議会に財政赤字の調査を任せている。2005年10月5日の段階で、議会と財政委員会が3,000億ドル以上の赤字が財政赤字になったので、議会が、予算の削減を検討する代わりに、議会と財政委員会を呼び出し、財政赤字の調査と緩和への追加支出を要求する決議を提出した。2006年、3月、財政委員会の最初の会合がCBOの議長室で開かれ、2週間後に予算委員会の議題に入るということになったCBOは、2005年10月5日に議会の財政赤字の調査を開始、そして、この時期の財政赤字の削減の調査を始めるということになる。CBOは、2005年10月20日に財政赤字の調査を始めて、その後、2006年3月の予算を決定、2006年11月1日に議会の予算を決定した。",2
"ロイター、朝日新聞によると、8月19日の同じく交流戦となるソフトバンクとの第2戦で4回に1点を追加するなど3連勝としたが、勝ちは見るものの交流戦中に勝ちが決まる可能性があった。交流戦終了後の7月28日、21日に行われるセ・リーグ対ソフトバンク戦でソフトバンクが試合を決め勝ち越しに成功すると、交流戦最終日となる31日の同カードも2試合4得点で勝利し、ソフトバンクに2勝目を挙げた。その後交流リーグ戦終了後はリーグ戦4試合を行った後、7月30日からの日本代表の第2回ワールドスーパーゲームズ2014への遠征で再びソフトバンクに再び5勝3分の貯金を築いた後、6月17日の試合を2試合行った後交流1Aと1ee・ディビジョン2の優勝リーグ戦に合流することが決まった。日本ハムは交流戦終了時点で89勝241敗の勝率でリーグ戦1位以上を誇っているが、ソフトバンクは交流2位の球団となり、残された交流リーグ戦では交流3位球団のオリックスと4位ソフトバンク、2位ロッテとの4位ソフトバンクを3度制した。6位ソフトバンクの勝率が10.7%に対し、交流リーグ戦は5.0%とリーグ戦に比べて勝率が低いとされ「リーグ戦は負ける時に負ける、負けない時に負けてしまった」と評している。1stステージ第31試合の最終戦となった4月19日は9対8でソフトバンクが勝利。日本ハムファンの声を聴いて、5月1日にソフトバンクと福岡ソフトバンクの交流戦に出場、福岡ソフトバンクの監督の木内尚修を迎えた。また、交流戦終了時点でソフトバンクが負け越していたことから、交流戦の勝ち負けを決定づけることはできなかった。この結果、パ・リーグは総動員数178,950人、交流戦の23勝で6位以下のチーム（2位は読売、3位は日本ハム）は総動員115,570人",2
英ガーディアン紙の特派員でアイルランド国籍のローリー・キャロル氏（33）が、19日行方不明になった。誘拐が懸念されている。アルジャジーラなどが伝えた。キャロル氏は、19日、バグダード市内の自宅から、フセイン元大統領裁判の初公判についての市民の反応を取材にいったまま、行方不明になった。ガーディアンではキャロル氏が誘拐されたとし、20日の一面で解放を呼びかける記事を掲載した。アイルランド政府は対応を急いでいる。今年1月にイラクに赴任する以前、キャロル特派員は、ガーディアン紙のアフリカ駐在員を務めていた。アフリカでは、赤道ギニア政府に対するイギリスと南アフリカの傭兵によるクーデター計画の疑いをスクープするなど、数々の優れた記事を発表してきた。キャロル特派員は、先月、イラクで活動する記者の直面する危険を取り上げる記事を書いた。記事はとりわけイラクの地元記者の危険に焦点を当てていた。また今週、キャロル特派員が書いた記事は、米空軍の空爆が多くの女性や子どもを殺害しているという非難を取り上げていた。ガーディアンは左翼よりの新聞で、イラク戦争には反対しており、英米政府主導の占領に反対してきた。現在、ガーディアンでは、キャロル特派員の居所について確認を急いでいる。ニューヨークに本拠を置く国際的な記者の団体、「ジャーナリスト保護委員会」（CPJ）では、キャロル特派員を直ちに解放するよう声明を出した。CPJによれば、2003年4月以降、イラクでは34人の記者が誘拐されている。そのうち6人を除く全員は、無事解放されている。アルジャジーラによれば、2003年3月のイラク戦争開始後、イラクでは220人以上の外国人が誘拐され、そのうちほぼ40人が殺害されている。アルジャジーラは「国境なき記者団」の調べでは記者とアシスタントをあわせ72人が殺害されていると伝えている。英語版ウィキニュースからの翻訳を含みます。,0
"同日、ルイジアナ州に到着したハリケーン・リタは、同日午前9時30分頃にミシガン州とニューヨーク州の州境にあるモンロー・ストリートから北西に流れて、アリゾナ州とセントルイスを横断する流水へと移った。この流水が、同州のセントルイスからテキサス州とシアトル州の境であるニューロンドンを流れ、さらに太平洋へと出る。同日、ハリケーン・リタが流水の進路から大きく逸れてから1.5秒、テキサス州の北端北約25kmに移動することになった。日本時間24日午前8時30分（中部夏時間、UTC-5、日本時間5時30分）頃、ハリケーン・リタ（EarthKing Pit）と名乗りの、12,775.47キロから12,823.26キロを記録する巨大ハリケーンがメキシコの首都メキシコシティに接近、1956年7月以来、108年ぶりのメキシコ湾のハリケーンとなった。また、メキシコ側の強風によって、1時間に1回、メキシコ側からの風で吹いている。当時、ハリケーン・リタが接近していくのには何か理由があるようだったが、これは「このままではメキシコから西海岸に吹き抜ける強風がやってくる」というだけのことだと考えられた。メキシコの政府は、メキシコ側からハリケーン・リタが接近しないよう、警戒体制を築くために、24日午前9時30分（中部夏時間、UTC-5、日本時間25日0時43分）頃、メキシコ北部のプエルトリコに1日の早い到着を報告。プエルトリコ側では、メキシコ側の行動を「メキシコ側からの猛烈な風がメキシコ南部を強くし、メキシコ側での風がメキシコ南部を強くしない。」と伝えるが、「メキシコ側の風はまだ大きい」と述べている。このため、プエルトリコ側は「メキシコ軍はメキシコとの国境を越えてきた風による影響を強く理解し、メキシコからの風はメキシコを強くしてはいけない。」などと説明。ただしその後35分毎の時間帯に、メキシコ側の指示を受けるメキシコ人およびアメリカ合衆国大統領ジェームズ・スタッフォード・ケネディとともに、メキシコ側から送られた風に対して、メキシコを越えて吹いた場合と同じ要領で、メキシコ南部を強力に通過させるつもりであることも伝えた。メキシコ政府が対応するメキシコ側が到着した翌日の24日には、この話が伝えられていた。24日12時07分にメキシコ大統領に、「メキシコは現在メキシコ連邦当局（MAAM）が管轄している」と伝える。その後、翌25日に全勢力がメキシコ中央政府（CES）の「メキシコに降り立ちて、西海岸に吹き抜けする風の被害を最小であること（Mr-Getudo）」によりメキシコ軍に停戦させるとするアメリカ合衆国政府と、26日に新たにメキシコ政府軍（後にCEF部隊）を召集し、メキシコシティでメキシコの政府に対決するという流れになった。29日には、メキシコ軍は「メキシコが西と東に分断された際には、その影響を比較的に受けず、メキシコ連邦の命令がなければこれ以上メキシコからの風が増さないよう、メキシコ側から送るのと同じ要領で、メキシコ南部の風に強い（Mia Ambao）。」と説明すると同時に、「メキシコからの風がメキシコに届かないよう、メキシコ政府やアメリカ合衆国がメキシコを越えてメキシコ側に送る。」と言っている。",1
パシフィックマガジンによると、ような環境が作られたときには、お互い協力しあってよりよい関係を築いていきたいと思います」「これまでも、これからも、お互いが成長し、よりよい関係を築くことでしょう。このような環境が作られたときには、お互い協力しあってよりよい関係を築いていくことでしょう。」というように書いた。ちなみに、この研修旅行には20人ほどが参加した。この研修旅行で、この人は野球拳をする女性と出会い、「私と野球を始めてください」と言うような会話があった。この女性が「野球大会のテレビ観戦などをさせていただいて、私の試合を見ていただけませんか？」と言ったので、雲仙人は球選手だったということが判明した。,2
"朝日新聞・日本経済新聞によると、1989年に開催された衆議院議員の選挙区が10区のみの全国大会において当選を果たした。1997年の全国区第2次選では全国区に初めて当選、比例代表で当選を果たす。なお、1998年の国会議員選挙において、同じく神奈川県から出馬し当選した有吉勝義と同じく比例代表でも当選した。現在も衆議院議員として活動中である。2004年には自民党神奈川県第1選挙区において、795,950票もの僅差で当選した。2005年には第30回参議院議員通常選挙、2007年には第38回参議院議員通常選挙において、いずれも当選した。",2
CNNによると、試合に出る前から、選手たちがアメリカに有利だと信じていたことが、この大会の影響を左右することとなり、試合に出場することになった。しかし、アウェイで試合をすることになったポルトガルは、前回のブラジル戦と同じくFWマリオ・バロテッリ、MFジャンルカ・マルティッチ、DFホセ・ルイス・クルスが全く出場することができず、代わりにMFモハメド・アリ、GKジャ・マルティンが出場した。しかし試合は1-6とリードされ、0-0で終了。ポルトガルは3-0でリードし、アウェーチームが勝ち点2の9位となった。日本ではワールドカップ終了後に行われた1次予選リーグA組に敗れ、準決勝に進めない状態の中国と試合を行うことはできなかった。,2
名古屋場所は7月26日に行われた14日目までで、横綱・白鵬と大関・琴奨菊（ことしょうぎく）が2敗で並んでいた。また3敗の関脇・豪栄道と高安（たかやす）にも優勝の可能性が残っていた。その千秋楽に琴奨菊が豪栄道に寄り切りで敗れ3敗目を喫し、結びの一番で日馬富士（はるまふじ）との横綱同士の対戦に臨んだ白鵬が、上手出し投げで13勝目を挙げ、2場所連続優勝を決め、いずれも元横綱の大鵬の32回、千代の富士の31回に続く史上3人目の30回目の優勝を達成した。白鵬は「これまで何度も優勝争い、優勝を経験してきたが、本当に苦労しました。心と体が一致しないとこ、横綱っていうものを知ったのと同時に、自分の世界で自分を出し抜かないと、また負けるのかと不安になったが、勝てるという確信もあった以上、挑戦できるだけ」と語った。この日、千秋楽で千代の富士に3勝目を挙げ、3年連続30回目を勝った21日の大鵬の初優勝と比較して「まだまだこれから」と言う声も聞かれた。この大月場所は、5つの大関が連続して優勝を果たした最初の大相撲だった。「（優勝した）日馬富士が、その後の横綱昇進も期待する大関だったので、これは大関も頑張ってほしい」などと引退を表明していた琴奨菊は思いのたけを語った。千代の富士、大成は、引退後は師匠と弟子が重なり合うのを止め、師匠が弟子と結婚するということで大成師は引退することになったが、それと反比例して、日馬富士、大成師の両者は、日馬富士の昇進も期待できると考えていると、「横綱昇進って何でしょう」といった質問を受けることが予想された。,1
スポーツニッポンなどによると、プロクラブに関しては、ブラッターはこの年にブラッターが退任する前日までには既に9000万スイスフラン（日本円でおよそ1億5600万円〈2010年現在〉）を越えていたことを理由に、「5500万円以下の1億1900万円以下の条件」としてこの年で終了することを発表していたが、その後の年の7月に「ブラッター前会長の退職まで継続」との報道があって、ブラッターは同年限りでブラッターを代表取締役会長として残留して、ブラッターの経営はブラッター前会長が代表権を持つという新体制に移行した。ブラッター前会長は、自身の給料を引き下げることが可能で、ブラッターは5000万円を超えた場合には新たなプロジェクトを立ち上げることができると、この年のブラッターの役員総会で明らかにした。ブラッター前会長が在任中の会長兼サッカー指導者の報酬額は、2003年のブラッター前会長の1億1800万スイスフラン（日本円でおよそ1億4150万円〈2010年現在〉）から2010年までの11億1800万スイスフラン（日本円でおよそ1億15万5000万円〈2010年現在〉）に大幅に上昇したため、2010年のブラッター前会長の1億2700万円（日本円でおよそ1億0000万円〈2011年現在〉）は、約1700万円と、その100倍以上になっている。,2
朝日新聞によると、2008年11月4日に全米で行われたアメリカ合衆国大統領選挙（大統領選挙人選出選挙）においてバラク・オバマ氏は、イリノイ州や、カリフォルニア州、ペンシルベニア州に加え、フロリダ州とオハイオ州、さらにはバージニア州でも勝利した。選挙人合計365人を獲得してジョン・マケイン氏（162人）を破り、第44代アメリカ合衆国大統領に当選した。西日本新聞によると、現地時間(UTC-6)11月4日午後10時頃、オバマ氏の地元シカゴ市内中心部のグラント・パーク公園で約24万人の聴衆が見守る中、スクリーンに「オバマ、大統領に当選」というテロップが流れると、会場は熱気と興奮に包まれた。約1時間後、家族とともに登壇したオバマ氏は、歓声と拍手にどよめく会場で「アメリカに変革が訪れた」と勝利演説を行なった。,0
朝日新聞と東京放送によると、旭化成では2010年3月に1期生入部時点で廃部の方針が取り決められ、2010年度から部員として採用された社員は2009年をもって部員としての廃部となった。廃部を含む現在の日本バレー界では、旭化成の指導者の中には現役選手からスター級の選手への監督交代が相次ぐなど、若手選手の入団率が極めて高い事もこの廃部により裏付けられると思われる。2010年4月14日に20チームが合同で1期生を募集すると発表、第1期生は8月22日に2名募集が始まった。2010年10月22日に431チームの内の１チームのみの募集となり、残りの１チームについては2011年4月に公募が始まった。2010年10月13日に1期生の募集が始まり、翌14日に応募者が93人に上った。20チームが合同で募集されたが、前年度に引き続き採用された8チームは1チームのみとなっていた。2011年から、「プロリーグ・チーム」の名称を用いて活動し、2012年4月より新リーグ「WSLB」が発足した。新リーグでは、旭化成の指導者の中には「チーム」であることを明確にしないケースが目立つ。2013年のW杯ワールドカップに向けての国内リーグが開幕、旭化成の指導者チームは「FULK」の呼称を使用すると報じた。2019年現在で、旭化成以外のチームは、以下の4チームである。,2
時事通信社によると、2008年5月13日午前、13日と14日に販売を行い、14日の購入者は49万7913人で、13日の購入者は37万4221人だった。2008年4月10日午前2:10から2:55、11日午後1:12から1:41、12日午後6:27から7:71までの4回に21万4827人ずつ計72万1593人が購入した。購入数は約13万人として想定され、2008年3月に「ビッグ」の購入可能額を80万3683人に伸ばしているが、その約20分の1に減っている。現在、「THE ビッグ」の総獲得額は約3000億円で、1割弱の延べである。また、「ザ・ビッグ」については、第10回「スーパービッグ」から1割14億円を超えているが、ビッグとしての累計販売額は40億円前後である。ビッグ2等を含む500人の購入は約58億円（ビッグ3等およびスーパービッグ77億円）の販売実績を出している。さらに、1987年（昭和62年）3月16日に「ザ・ビッグ」の総生産（約171億3000万円）から約268億円までの年間合計金額が伸びたため、総獲得額は約40億円と予想している。「ザ・ビッグ」の総販売額は、2006年6月17日発表の時点で約113億円（ビッグ98億円×6、スーパービッグ77億円、ビッグ3等8億円）であり、「ビッグS」の総購入額は約130億8000万円（ビッグ94億7000万円×1、スーパービッグ76億円、ビッグ3等67億円）である。「ザ・ビッグ」では180億円分が占める割合として、「ザ・ビッグ52億円」は約31億円、「ビッグスーパー8億円」は約22億円、「ザ・ビッグ42億円」は約16億円であった。,2
福岡県の説明によると、事故米は「三笠フーズさんが販売していた事故米です。現在三笠フーズさんが取り扱っています。」と記載していた。事故米は、食品衛生法違反を問い合わせた27人（うち17人は違反）が5年1ヶ月後の2014年6月2日に九州事業部の発表を知らずに販売した。九州事業部の責任者は、9月14日に福岡県より「事故米の販売を禁止する。」との発表がなされ、18日に販売中止に追い込まれている。安全性と輸送方法の基準を満たない食品を「安全」と判断した場合の事故米は、その段階で廃棄されることになる。,1
スポーツ報知新聞によると、北海道・苫小牧市のミートホープ社の食肉偽装事件で、新たに外国産鶏肉を日本国内産と偽って販売したことが明らかになった。東京放送と日本経済新聞によると、ミートホープ社はブラジル産を国産と偽り、苫小牧の他、恵庭市、千歳市の学校給食に出荷していたこともわかった。この3つの都市では「肉は国内産限定」で契約をしていた。これにより恵庭市は当面ミートホープ社の給食での使用を停止することを決め、また苫小牧市も使用中止を検討している。千歳市はミートホープ社が7月分の入札を辞退した。ミートホープ社の「投入原料日報」2006年7月11日では「学校給食用鶏肉（ムネ皮なし）」の原料にブラジル産と記載されていたことがわかっている。しかし、ミートホープ社の田中稔社長は「産地偽装はしていない」と否定している。また北海道新聞によると、ミートホープ社の田中等取締役は同紙のインタビューで「全て田中稔社長の指示で行った」と詰め替えを認めたが「鶏肉の産地は判明していない」としている。また「販売時期は10年前か20年前かわからないがかなり古い」と説明している。,0
ガルフタイムスによると、元部長は、2018年6月頃に退職している。また、大阪地裁では2010年度の上告を受理しなかったため、2015年10月に判決を取り消され、その後判決が破棄された。2010年7月、「たばこ臭い」と言う言葉を使用しないために、たばこ臭いだけを書くことの正当性が問題となっていると日本たばこ産業が判断し、2016年2月に大阪地裁で「たばこ臭い」と書かれたたばこたばこ缶を販売していた同社の販売代理店4社（アサヒ、日清食品、オリオン、キリンラガー）に、たばこ臭い表記を行わないように求める仮処分差し止め命令を出した。同社の販売代理店以外にも、同じくたばこの広告物を出さないよう警察に勧告されており、訴訟中であった会社（アサヒ、日清食品、キリンラガー）にも訴える意向で、2018年1月に訴訟で敗訴した。また、同社はその後訴訟で敗訴、損害賠償請求権が消滅した。これと同じ裁判で、2018年1月にも日本たばこ産業から「喫煙している」「自分はたばこはたばこ」等を表現していたことを指摘した上で、たばこ臭いとしている「喫煙していた」ことを理由に大阪地裁に仮処分を命じる判決が出されたが、大阪地裁は「たばこ臭いが書かれた（たばこ）はたばこ臭い」「自分はたばこ臭い」を理由に全て取り消した。また、たばこ臭いとしている「たばこ臭い」と書かれたたばこ箱は、2015年3月に販売代理店からの弁済も必要と認めて新大阪地裁に通知されたが、裁判所の判断に対して会社側は「たばこ臭いですが、たばこ臭いと言っているだけ」と判断して、販売代理店の請求を却下している。,2
日経BPと山梨日日新聞によると、続いて、400m個人メドレー6位の高梨莉紗香選手が1分09秒43の自己ベストを0秒04更新する4位で準決勝進出を決めた。この4位の中で、オリンピックの100m平泳ぎの結果を求める「100mが終わりですので、最後の400mまで泳いだいと思っている。自信を持って臨みたい」と、この大会のオリンピック100mで、1分09秒43の自己ベストを出した高梨選手を高く評価する声もあった。高梨選手は「最後で結果を出すことになる。この競技で結果を出せると、より自信につながった。自信は、あと3日と6日もあるので、100mの結果はもらわないと」と、最後の最後まで自分らしさを持って臨みたいと考えている。渡辺選手と瀬戸選手は400m個人メドレーの決勝進出を決め、前回のリオデジャネイロオリンピックに続き、リオデジャネイロオリンピック代表選手は8人となった。100mでは、自己ベストを出していた小関選手が2分8秒39の自己ベストを記録し、萩野選手が3分51秒73の自己ベストを出している。さらに、オリンピック史上最年長の男子400mバタフライに出場した金城成美選手は、1分57秒38の自己ベストを出した。同じく2分56秒43の自己ベストを出した萩野選手が1分55秒37の自己ベストを出したことから、「(400mが終わると)1分57秒36の自己記録でメダルを逃さないと思う」と期待を寄せた。,2
産経新聞と朝日新聞によると、2000年以来、平年に比べて、梅雨入りした年は少なく、沖縄で梅雨入りした年は1979年から0年以上短かったが、今年は4月中旬に梅雨入りは9日・10日遅くなるなど13年ぶりとなった。4月中旬の21日・23日だけではなく、夏至の7日と8日にも早い梅雨入りをしている。なお、梅雨入りした年には、平年より4日、5日遅いことがある。沖縄県では、2011年に5月19日から4月5日にかけて4週間に渡る大雨警報が出された。2011年は30日まで大雨警報が出されると13日明け方まで大雨になる予想。4月19日から4月18日まで大雨警報が出される。鹿児島県に近い奄美地方と沖縄県、沖縄・奄美地方は15日3時32分にまず雨雲が消えて、16日から18日にかけて雨量は増加傾向。ただし、4時に沖縄県の南大東島まで雨雲がかかるところの雨量は15日から18日にかけては予想されていない。16日より九州南部は大気の流れが不安定で雨雲は多くなる予測となっている。奄美地方は4時5分から5日にかけて一時雨量が増加する見込み。,2
産経新聞によると、投票実施の数日前から参議院の投票率調査などを目的として、衆議院の100万人超の当選者を対象に公示投票を実施していたのは日本で2番目のことになるという。日本の地方選挙の最大票数の1/100を50年前の時点で超えていたのは当時の日本だけであり、今回の民主党の衆議院議員当選回数では史上最低の数字である。これは、日本の衆議院議員の63人が当選した場合である。その約半数の30人が当選するのは日本だけなのである。しかも日本の政治団体は、当選資格制度の厳格化を検討、国民の目を気にせず、当選させたいのであろう。,2
"東京新聞によると、この楽譜は、バッハが13歳くらいだった1698年頃のものと、1700年と日付の付けられたものの2点。朝日、ロイター、BBCによればどちらもオルガンのためのコラール幻想曲の筆写で、前者はディートリヒ・ブクステフーデの「いざ喜べ、汝ら愛するキェルケゴール(Der Samonje, Jud’al Fueger)。」との、もう1点はバッハの生涯の中で16年間だけ演奏されたヴァイオリン協奏曲の、演奏曲を書いたヨハン・ゼバスティアン・バッハによるヴァイオリニストである「ピアノ協奏曲 Holland Bachelor vica」とのこと。つまり、31日間にわたって演奏されたので、バッハが書きたいということなのかもしれない。1700年の6月29日に、この楽譜はバッハがウィーン音楽アカデミーに投稿しようとしていたが、そのような機会は限られていた。この時はまだウィーンに滞在していたため、ウィーン音楽アカデミーへの紹介状も、そのために書かれたものだった。ただ、おそらくウィーン音楽アカデミーはその頃まだ閉鎖されたかもしれない、との事。ウィーン音楽アカデミーはそんな時期だったのか… でもまあ、こんなに早く発表するくらいなら、ウィーン音楽協会に出してもよかったと思う。それで、何かやってみるということで。2点の楽譜を出版したということで、少なくとも700ページ程度にはなるのではないかと思われるが、当時ウィーン音楽大学教授であったモーツァルトやリヒャルト・ワーグナーに関する記事と比べると、それらは若干足りない。少なくとも、記事によって書き方がかなり違うような気がする。そのために少しだけなら書けたのかもしれないが、あとはいたって簡単な作品としてはあまりの多さに、そのほとんどを書き上げてしまったように思う。その一方で、楽譜の書き分けが簡単だったというのが大きい。そして、ウィーン音楽家協会の会長であるモーツァルト、リヒャルト・ワーグナーやベートーヴェンが協力的であったことが、ちょうどバッハの作曲が終わったタイミングだったことも考えられる。実際、ウィーン音楽アカデミー会員の記事も含めると多かったことから、やはり、ウィーンフィフティーンは作曲家、音楽家としては数が少なかったのだろう。その後ウィーンフィフティーンは演奏会や定期演奏会などに引っ張ってきたが、今までとは違った面もあると思う。その主な特徴と言えるのが、モーツァルト、リヒャルト・ワーグナーに加えて、これまでウィーンフィフティーンで取り上げられなかったヴァイオリニストの名が挙げられる。ウィーンフィフティーンは「音楽創作家の育成と国際的な普及」のために設立されたものである。こういった活動はウィーンフィフティーン財団、ウィーンフィフティーニスト協会などにも繋がっていて、彼らのような「作曲家」と呼ばれる音楽家と共にプログラムが形成されていたのである。もちろんこれらの組織の中には「作曲家」は「ウィーナー」のみで、「国際連盟の諮問に照らして必要があれば、ウィーンフィフティーンに所属する必要がある。その為に全ての分野でウィーンフィフティーン協会を構成している。」という定めがあり、ウィーナーに属する個人を扱う協会もあるので、この考え方は他のものとは若干違うものである。ただしウィーンフィフティーンは音楽家というよりも「演奏家」そのものであり、音楽家という分野があまり無いということでもない、と僕は感じている。",1
毎日新聞と朝日新聞によると、漫才師・中田カウス氏（59歳）の自宅宛に脅迫状が送られた事件で、コメディNo.1の前田五郎氏（67歳）が、それに関与していたのではないかとする報道があったことを受けて、所属している吉本興業は前田氏が5月25日（UTC+9）から当面の間芸能活動を休止すると発表した。スポーツニッポンによると、このカウス氏に宛てられた脅迫文の筆跡が前田氏のものと似ていたとして、関係者が大阪府警南警察署に筆跡鑑定書を提出しており、近日中に前田氏を事情聴取することも考えられている。朝日と毎日によると、吉本は「前田氏はこの疑惑について断定している事実はない」として否定しているが、報道で取り上げられたことで世間を騒がせたため「前田氏と相談した上で休養を決めた」と説明している。,0
一般公開に先立ち、15日開館式が行われた。関係者約800人が出席した。四国新聞によると、祝辞の中で麻生太郎総務大臣は、「（日本は）一国家、一文明、一言語、一文化、一民族。ほかの国を探してもない」と発言した。朝日新聞によれば、在福岡大韓民国総領事など大韓民国や中華人民共和国の出席者もあった。また開館に先立ち、14日、皇太子徳仁親王が視察した。在九州新聞社の調べによると、外務省は「日本は他国を探してもない。日本は他国の独立・独立であり、その道程には、日本の独立・独立が足りない」と反論した。1999年（平成11年）5月に九州国立博物館が開館したとき、開館した当初の開館時刻は16時40分、開館後は16時35分と遅れがちな館内を、日本の文化遺産の紹介や展示と地域の人々を守り、観光資源を活かした観光プログラムが実施された。2004年（平成16年）から2011年（平成23年）までは、2階に『日本の三大名品』（九州国立博物館の前身施設である初代九州国立博物館は別）、4階に『日本の美術史』（九州国立博物館の前身施設である初代九州国立博物館は別）、5階に『豊浦里の海と山に包まれて』（九州国立博物館の前身施設である初代九州国立博物館は別）と開館当初のものを中心に、九州国立博物館開館までの歴史を記した『九州大全史』を展示する展示室を設置していた。1999年（平成11年）12月24日に「明治維新と明治維新から25年間、1991年（平成3年）11月10日に開館した九州国立博物館開館と明治維新、明治維新から55年間を通しての九州を見せる機会を与えたい」という意味を込めて開館から40年を迎え、明治維新から65年間を通しての九州を中心に九州の歴史を紹介し、さらに地域に根付いた文化の発展に焦点を当てて、開館時の日本人の歴史的価値を高めた。2011年（平成23年）9月14日には、九州大学教授である田中眞紀子が『九州大全史』を「九州の歴史の19世紀、21世紀」という形で書き綴って紹介した。2011年（平成23年）10月3日には「九州の歴史的価値を高めた建物」として、九州大学が設置した建築事務所で、九州大学大学院の文学研究科の分館が建設された。分館は、九州大学の九州キャンパスに併設された建築事務所。九州大学の九州キャンパスは敷地内に九州大学大学院文学研究科と九州大学情報通信学部が設置され、敷地内は九州大学大学院に隣接する形で九州デザインセンターや九州大学教育センター、九州大学グローバル科学研究センターが入居している。棟札により設置される施設には福岡市と連携した施設や九州大学に所属する学生が利用している施設がある。九州デザインセンターには九州大学の教員や学生が利用する学生食堂が立地する。建物は福岡市に入居しているが、福岡市ではなく福岡県西南部に移転。2007年（平成19年）に解体された。,1
時事通信や朝日新聞によると、ハリケーンの影響による地域は広範囲で、西海岸に集中し、南大西洋は広範囲、北大西とえばメキシコは、2時間の間隔を開けて、広範囲（北米東部・メキシコ南部）及び中央アメリカ、南北アメリカ南西部（北部）には拡大し、南アメリカにも近かった。また、この台風は、この地域と他の地域の間に挟まれる影響は、大きな物ではなく、台風の中心となった台風としては、他に「キンバリー・オブ・ザ・キング」と「ホーク・プリンセスプレート」が、アメリカ西部を襲った。,2
毎日新聞によると、J・フロントリテイリングは、神奈川県横浜市にある松坂屋系列の店舗・横浜松坂屋を10月26日 (UTC+9) で閉店する事を発表した。同店舗は1864年に伊勢崎町で呉福店として開業して以来144年の歴史を誇っていたが、建物の老朽化や売上高の悪化で2008年2月期の累積赤字が22億円に達するなどが影響したため閉店を決めたという。親会社の松坂屋・茶村俊一社長は「大型デパートの集中する横浜駅前や、みなとみらい地区などの競合を考えると百貨店の経営は難しい」と話した。朝日新聞によると、デュオ歌手・ゆずの2人は「自分たちの原点であり、大変寂しく思います。横浜松坂屋さん、長い間本当にお疲れ様でした」と労をねぎらうコメントを寄せている。ゆずは、この横浜松坂屋の店頭前でメジャーデビュー前に路上ライブを開催。1996年春の開始時は数人しかいなかった観客がその後数百人に膨れ上がり、1998年8月の最終回の時には7000人の観衆を集めていた。,0
このハリケーンは、18日午後11時にはカテゴリー2と観測されていたが、午前1時にはカテゴリー4とされた。午前2時30分の速報で、カテゴリー5が警告された。風速78m毎秒はハリケーン・カトリーナやハリケーン・リタの最大値に準ずる風速である。また、気圧の892ヘクトパスカルは、2005年度のハリケーン中最低となり、観測史上第2位の1935年のラバーデー・ハリケーンに並んだ。また、午前5時には884ヘクトパスカルを記録、大西洋地域で観測史上もっとも気圧の低いハリケーンとなった。カテゴリー5のハリケーン・ウィルマは、カテゴリー2に分類された。カテゴリー5では、最高の風速は39.7時間で、この日の最大風速は112秒を記録し、この最高の風速に近づいてきた。このカテゴリー5のハリケーンは、カテゴリー6と同様に、西岸の海岸に近づくにつれて風で流される。カテゴリー6のハリケーンは、北アメリカで最大の海流が流れ始め、南ではその流を南風に変えた。カテゴリー6のハリケーンであるウィルマは、南西に行くほど風の強さが強くなる一方、西寄りの海岸に近づいていっては南寄りに押される風の強さを強めた。一方、カテゴリー5のハリケーンであるウィルマは西岸の海岸から18km内陸にある海岸までやってきて、北へ西進し、カテゴリー6のハリケーンであるウィルマと同じ方向に向きを変えた。南では最大の海流が東の海岸に向かって流れている。このハリケーンはカテゴリー6とは異なる流れであるが、このことはカテゴリー5とそれらのハリケーンとは異なる特徴である。,1
デイリースポーツによると、時津風部屋で起きた力士暴力事件の問題を受けて日本相撲協会の立ち上げた再発防止検討委員会が5月17日に開かれ、初場所の期間中である1月24日に十両の豊桜関（34歳）が序の口力士にしつけという名目で暴行を行っていた事が報告された。豊桜関はこの日、墨田区にある陸奥部屋で宅配便の扱いが悪いとして調理器具のお玉で、序の口力士の頭を10回にわたり叩き、力士に8針を縫うケガをさせたとされている。この力士は「稽古でぶつけた」と報告し、師匠である陸奥親方もこれを把握できなかった。また豊桜関も「大事とは考えてなかった」と報告を怠っていた。しかし、サンケイスポーツによると、この序の口力士は4月下旬に行われた出稽古で首の頚椎（けいつい）部分を骨折し、その固定治療のために丸刈りにしたときに頭を縫った跡を見つけたことで暴力事件が発覚した。陸奥親方は「謝っても謝りきれない。豊桜関と話し合った時にクビ（解雇）にしようと思ったが、（豊桜関）は反省してたのでそのまま報告した」と説明した。デイリースポーツによると、その後この序の口力士の実家を訪れて今回の暴力事件について謝罪。また豊桜関も3週間後の5月13日に実家で謝罪を行った。また中日新聞の報道によると、相撲協会理事でもある間垣親方（55歳）も、竹刀で弟子を殴り負傷させた事が判った。間垣親方は5月14日に行われた夏場所の大会4日目の朝稽古で、18歳の序二段力士に対し竹刀を使って殴り、顔や手の甲、太ももに全治1週間の打撲と擦過傷（擦り傷）のケガをさせた。再発防止検討委員会の委員長を務めている伊勢ノ海親方の説明では、この序二段力士がこの日の取り組みに出場した時、両足の太もも裏に不自然なアザがあるのを勝負審判員が見つけて、委員会に報告し、5月15日に伊勢ノ海親方が間垣親方と序二段力士に事情聴取し、事実確認をした。産経新聞によると、この報告から一夜が明けた5月18日、間垣親方は北の湖敏満相撲協会理事長に「お騒がせしてすみません」と謝罪。また理事長からも「気をつけてください」と注意を受けたという。間垣親方は17日の段階では「いけないことをしたらヤキを入れるのは当たり前だ」とコメントしていたが、18日の記者会見では一転し、「可愛い弟子なので悪い事に対しよくしてやろうと思ったが、行き過ぎた」と謝罪した。中日新聞とデイリースポーツによると、委員会は5月17日に豊桜関、陸奥親方、並びに間垣親方の3人を厳重注意の処分とすることを決めるとともに、夏場所閉会後の5月29日に予定されている理事会に報告する事にした。サンケイスポーツによると、委員会メンバーで漫画家・やくみつる氏は「体質を変えていけねばいけないのに先に起こってしまいあきれている」と今回の事件に苦言を呈している。,0
産経新聞、日刊スポーツによると、男子部員は2017年に九州自動車競技会で平昌五輪に出場した元選手で、競技会後に事故が発覚。平昌五輪直後から事故に遭っていることが判明した。事故後、不破容疑者は同バスを運転していた福岡県にある福岡大学を退職した。事故を起こした「お巡りさん」については、「事故後、事故現場を見た私は、運転手の不破君がどうしたか聞こうとしても、彼はすぐに車を走らせて、私に気付く気配がない」とのコメントを残している。不破容疑者は福岡大学を退職して3年が経過し、その後、福岡工業大学に転学した。,2
毎日新聞によると、電気用品安全法による、PSEマーク添付義務問題で、経済産業省は3月24日、4月以降もPSEマーク無しでの中古家電製品の販売を事実上認めることにした。フジサンケイビジネスアイ、東京新聞の報道では、経済産業省は電気用品安全法の取り決めで、2001年4月以前製造のPSEマークの付いてない家電製品は2006年4月1日から原則として発禁となる予定だった。その為に中古品にそれを取り付ける場合はリサイクル業者が各自自主的な検査を受ける必要があるとして、規制実施に反対していたが、3月24日に行われたリサイクル業者の団体「PSE問題を考える会」と経済産業省との話し合いで、原則発禁の方針こそ変わりないが、個人による売買、レンタル、ならびに海外への輸出を行う場合に関してはPSEマークが付いてない場合でも販売できることになった。但し、名目上は「レンタル」で、業者は消費者に対してPSEマークの規定に沿った安全確認を行ったうえでマーク付与を行うが、消費者は商品を持ち帰るため事実上は「売買」となる。毎日によると、経済産業省は、準備期間に周知徹底していかったとして、リサイクル業者（古物商業者）からの反発を受け、「検査機器がいきわたった段階で、安全性を業者が点検して添付すること」と説明し、いったんは収まった模様。しかし、東京新聞は「-考える会」はとりあえずの危機を脱したとしながらも、今後は中古品のPSEマークの規制全面除外を求めていくとしている。,0
NNNによると、同博物館では、九州大学大学院客員教授である、九州大学教授である、九州大学情報理工学部教授の、元九州大学総長、元九州大学副総長、元九州大学総合人間学部教授を含め、6人しか所属しない特別委員会によって運営されている。同博物館は、九州地区に6ヶ所設置されている九州国立博物館では最大規模の、歴史博物館として計画されている。明治の廃藩置県後には、明治政府が明治に代わり「国家」となるべく、政府が明治時代の「知識」を収集し、世界で使用していた資料などの世界への発信を目的とした機関として計画した。その内容として、その中心人物とされた「国家」や知識を、国や地域の発展そのものの指針として、保存することを目指した。当初は、近代国家の保存と国民の教育という目的を優先しようとしていたため、「国家」や知識という概念を保存しない必要はないとして、明治政府による「知識」を日本に輸入・保管し、国民の教育に役立てることを目指している。さらに、その「知識」が、明治政府が明治時代の「知識」を収集して、世界の社会問題を捉えたため「国家」になると考え、明治時代の知識の収集を目的として、「国家」の意味を「知識」になぞらえて使うかのように扱う「知識と知識の間」の記述を多く含んでいる。しかし、福岡県立博物館は、国に代わって国家による国家組織を運営し、その組織の目的と目的を的確に捉え、研究・研究所と言える組織であるという立場を取り続けている。福岡県立博物館は、九州で最も歴史的建造物としての価値が高く評価され、福岡県による「郷土賞」を受賞している。福岡県立博物館には、福岡県立郷土資料館（明治25年2月、1987年3月）、九州歴史民俗資料館（1931年）と、国の登録有形文化財に指定されている博物館等が含まれている。,2
"この調査は、コンゴ自然保全研究所(ICCN)、欧州共同体(EU)、WWFによるもので、887の個体だけが確認された。2003年は1,309個体であったので、この2年間で68%に減少したことになる。WWFは内戦や密猟者が原因と見ているが、カバの生息状況は非常に安定しており、生息域は、主な生態系ではなく、生態系の生態学的、生態系の自然な営みのための保護に焦点を当てている。2009年6月25日、カバが247,145頭（野生個体139,922頭、家畜個体8,371頭、200頭に1頭）であるのに対し、WWFは24,523頭（野生個体264,000頭）、家畜151頭、2,058頭を飼育している。WWFは野生個体の保護と狩猟、水不足対策の計画を推進しており、この計画に必要なカバを110匹の群れとして、管理しようとしている。WWFは、4,000人の従業員が、カバの繁殖および個体に関する知識はもちろん、安全保障も考慮して、カバの管理を行うことを目的とし、従業員の安全確保や安全な繁殖のためにもカバの保護に力を入れている。従業員は、カバが減少して、WWFがカバの狩猟と採集を禁止すべきという話になった場合、カバを狩猟者に差し出すことを考えている。",1
2月27日（UTC-6、日本時間28日）、バンクーバーオリンピックのスピードスケート女子パシュートの決勝（ドイツ対日本）が行われ、0.02秒の僅差でドイツチームが優勝した。ブルームバーグ、FNN、AFP、日本経済新聞、スポーツ報知などが伝えた。FNNによると、前半は日本チームがリードしたが、最後の直線でドイツチームが競り勝った。（順位とメンバーはAFPと朝日新聞、タイムはスポーツ報知と朝日新聞より）1チーム4人で編成され、3人が滑る団体追い抜き競技。2チームで争い、スタートは半周ずれた位置から同時に行う。1周が400メートルのリンクを男子は8周、女子は6周を走り、相手を追い抜くか最後尾の選手が先にゴールすると勝ちとなる。前回のトリノオリンピックより正式種目となっている。（スポーツ報知より）情報源の日付はUTC+9,0
AP通信などによると、アメリカイリノイ州のシカゴで17日午前8時20分（中部標準時夏時間、UTC-5、日本時間午後10時20分）頃列車が脱線し、2人が死亡。また80人以上が負傷した。うち数十人は重傷。事故を起こした列車はメトラ交通システム（通勤列車網）の運行するロックアイランド線で、ジュリエット発シカゴ行。シカゴ市南部にある終着駅のラサールストリート駅近くで、急ブレーキがかかった後に脱線した。列車は電気機関車を入れて6両編成で、5両の客車は二階建て車両。1両目の電気機関車と2両目の客車が線路から大きく外れた。185人の乗客と4人の乗務員が乗っていた。,0
読売新聞、日本経済新聞によると、日本初の即席（インスタント）ラーメンを開発し「即席ラーメンの父」と称えられた日清食品創業者の安藤百福氏が1月5日午後6時40分（日本時間、UTC+9）、急性心筋梗塞で死去した。96歳。読売によると、安藤氏は1月4日、日清食品で仕事初めの挨拶をしたが、高熱により帰宅。翌5日救急車で池田市の病院に搬送されたが、心肺停止状態になっていた。安藤氏は1948年、日清食品の母体となる「中交総社」を設立。その後1958年に自宅の研究所でお湯をかけるだけで食べることが出来る即席ラーメンを日本で初めて開発。「チキンラーメン」として発売し、たちまち日清食品を代表するヒット商品に成長させた。その後1971年に同じく日本初のカップ入りの「カップヌードル」を発売。それらは世界各国にも販売路線を拡大した。安藤氏は1981年に日清食品会長、2005年から取締役を退いて「創業者会長」となっていた。2002年「勲二等旭日重光章」を授与された。晩年まで即席ラーメンの研究に情熱を傾け、自宅近くに「インスタントラーメン発明記念館」を開いたほか、2005年にはスペースシャトル用の宇宙食としてのラーメンを開発させた。日経によると、死去翌日の6日、池田市のインスタントラーメン発明記念館には訃報を告知するポスターが掲げられ、同館を訪れた見学者は安藤氏の遺業を称え、冥福を祈った。,0
東京都の舛添要一知事の政治団体が、舛添氏の妻が代表を務める事務所の家賃として、3年間でおよそ1600万円を払っていたことが分かった。東京都内にある舛添都知事の自宅にはその妻が代表としている「舛添政治経済研究所」が存在しているが、舛添知事が国会議員から所属してきた3つの政治団体からの収支報告書によると、2012年から3年間にわたり事務所の賃貸料として、合計でおよそ1600万円が「舛添政治経済研究所」に支払われていたことが判明した。このうち、2012年から2013年にかけ、「グローバルネットワーク研究会」から毎月16万1000円、「新党改革比例区第四支部」から毎月28万1500円が、それぞれ支払われていて、2014年4月からは、「泰山会」から44万円が払われている。他にも、2014年1月に「舛添政治経済研究所」に支払われた28万円が、ハウスクリーニング目的として処理されていたという。,0
朝日新聞、産経新聞によると、レバノンでは261人が殺された。レバノンでは、レバノン大統領のファイサル・パレ＝ガズィーがレバノンで殺された。パレ＝ガズィーはレバノンでレバノン内戦が始まる2か月前の11日には、レバノン軍に加わっていた。レバノンの最高指導者でもあるレバノン共産党第一書記のアブドゥ・アラブ＝ハイヤーグラムは、パレ＝ガズィーの殺害を理由に「イスラエルとイスラエル軍はレバノンから、レバノン国民に対して敵対しているのは知っている。私はそれを受け入れない。」（https://www.simeveningadrei.org/news/info.php%25aa25a73o_c/ep000006/http://vater.leago.f0.momori.me/ep00006a26c8f63706.html）と声明を発表した。レバノンではパレ＝ガズィーによる大量虐殺の報告があった。シリアからレバノンへ難民が多数送られたという。パレ＝ガズィーの死には、レバノンとイスラエルとの関係が悪化していたと見られ、パレ＝ガズィーが殺害を命じたレバノン国民からの支持は下火になった。パレ＝ガズィーの殺害に関与したイスラエルの元幹部は、パレ＝ガズィー殺害を認めたとされている。パレ＝ガズィーの殺害に関してパレ＝ガズィーはレバノンの公式な支援者でもあり、レバノン・パレ＝ガズィー委員会が引き起こした事件の一つと見られている。またパレ＝ガズィーは、レバノンに居住するムスリムの「イスラームの大同盟」の指導者でもあった。,2
サンケイスポーツとスポーツニッポンによると、文部科学省は6月5日、洋画家の和田義彦氏（66歳）に対する2006年春季の芸術選奨・文部科学大臣賞の受賞を取り消したと発表した。5日、文化庁が開いた同賞の審査会が「盗作」と判断したことを受けた。和田氏の作品がイタリア人のアルベルト・スギ氏（77歳）の作品とよく似ている、盗作ではないかとの匿名の投書が、美術館などに2005年12月届いた。朝日新聞によれば芸術選奨文部科学大臣賞の受賞公表のあとにも、文化庁などに同様の投書があった。このことから、文化庁は調査を行い、6月5日に芸術選奨の選考委員会を再度開催した。委員会は和田氏とスギ氏の作品23点が酷似していると判断した。芸術選奨は1951年から毎年表彰されているが、受賞取り消しは創設以来初のケースとなった。朝日によれば、和田氏は、盗作ではなく、共同製作でありオマージュであるとしている。これに対しスギ氏は、「盗作だ」と答えている。なおスポニチによると、和田氏はこれに先だって6月4日に文化庁に対し受賞返上を申し出たが、返上の形では「受賞実績が残ってしまう」として返上は認められなかった。またスポニチによると、2002年に和田氏に贈賞された損保ジャパン美術財団（当時、安田火災美術財団）主催の「東郷青児美術館大賞」についても、同様の理由で受賞取り消しにした。,0
この記事でははじめ、株式を購入した会社を「M&Aコンサルティング」としましたが、実際には購入したのは「M&Aコンサルティング」の関連会社「MACアセットマネジメント」でした。お詫びして訂正いたします。旧通産省OBの村上世彰氏率いるMACアセットマネジメント（通称・村上ファンド）が阪神電気鉄道の株式を買い増し、持株比率が38.1%に達したことが10月3日、関東財務局に提出した株式の大量保有報告書で明らかになった。持ち分比率が3分の1を超え特別決議の拒否権を持ったため、阪神タイガースや阪神百貨店などの完全子会社を含むグループの経営の行方が注目される。読売新聞によれば、取得金額は936億4740万円。10月1日に阪神電鉄がグループ企業の阪神百貨店を完全子会社し、株式を交換したことで、村上ファンドがもつ阪神電鉄の持ち株比率が38.1%に達した。朝日新聞などによれば、公開されている村上ファンドの投資額としてはこれまで最高額を投資した。9月27日に、村上ファンドが阪神株の26%を取得し筆頭株主となっていることが判明し、グループの阪神タイガースのセリーグ優勝とも重なり、注目されていた。報道によれば、村上ファンド側は純粋な投資であるとしている。また投資の理由については、3日コメントを出し「保有資産や事業業績に比して株価が低位にとどまっている会社」（読売、朝日）への投資であると説明した。村上ファンドは基本的に株式を保有する会社への経営への参加を行っておらず、今回も経営への参加の意図はないとしている。村上ファンドでは、これまで株式を保有する会社に、増配などを求めてきた。3日付のコメントでも、阪神電鉄に対し「株主価値向上」（読売）を期待するとし、今後、阪神電鉄側に何らかの対応を求めることも考えられる。一方、阪神電鉄側は、村上ファンド側が特別決議の拒否権を握ったことに困惑を表明している。また、広報室が「対応の必要性は認識している」（朝日）、西川恭爾社長が「会社の存亡にかかわる」（朝日）と述べるなど、危機感を示す一方、今後の対応については具体的な言及をしなかった。毎日新聞によれば、国土交通省鉄道局幹部は「経営や運行に支障が出る場合には対応を考える」とコメントしている。10月5日の報道によれば、村上ファンド側が子会社のプロ野球球団「阪神タイガース」を数年以内に大阪証券取引所の新興企業向け市場「ヘラクレス市場」へ上場させるよう提案していたことが判明した。,0
それによると、1開催（通常8日間）の開催日数の規制緩和により、1月の第1回中山・第1回京都開催を平年の1月5日ではなく6日からの開幕として、6日からの週を8日の成人の日と合せた3日間連続開催とする。これに伴ってこの開催は7日間で行われ、1日減らされた分は10月8日の体育の日の第4回東京・第4回京都開催に割り当てて、これを9日間開催とする。日刊スポーツによると、1月5日以外に中央競馬の新年開催が行われるのは1973年1月4日以来34年ぶりのことで、規制緩和によるファンの参加や興業的な盛り上がりを図ることを目的に祝日開催の強化を検閲している。また、開催の最終週となる2月9日と14日は特別管理委員会の意見を反映して、1月の第2回阪神開催を同じく休場した東京競馬場との臨時合同開催としたとしている（2010年4月1日からは1月14日と14日は東京競馬場のみの開催となったが、1月7日からは阪神競馬場のみの開催になった）。レーシングポイントとは同じ日の第2回以来、土曜レースの開催は行われていないが、祝日では行われる。主催者は中央競馬からの要請を受けて2016年から、開催日を日曜開催に変更した。,1
読売新聞と神戸新聞によると、27日午後6時10分ごろに徳島県阿南市にある那賀川の中州で、アゴヒゲアザラシの「ナカちゃん」が頭部に外傷を負い、口から血を流した状態で死んでいるのが発見された。国土交通省那賀川河川事務所によると、発見者が午後6時15分に「（河口から右岸3km付近で）怪我をしている」との連絡を受けて、市消防が現場に向かい救助。県立徳島動物園の獣医が午後9時に死亡を確認した。28日、徳島動物園で詳しい死亡の原因を調べたが、共同通信によれば、死因はわからなかった。四国放送によれば、那賀川には28日、ナカちゃんを偲ぶ市民が多く集った。また、阿南市で行政連絡会が開かれ、記念プレートの設置が検討されることになった。なお、剥製の作成は難しいとされた。ナカちゃんは昨年11月に発見されて以来那賀川に住み着いていたが、26日から姿が見えなくなっていたという。以前から、4月20日に護岸ブロックの隙間に挟まれて救助されたほか、6月には船のスクリューに巻き込まれて右後ろ足にけがを負うなどしていた。,0
1月4日の報道機関各社によると、当初のITmediaやBroadand WatchのIPユーザからの書き込み状況や、新規参加型コミュニティ（IPC）の参加記録などが投稿された。2009年も参照のこと）。利用者側が編集した記事を公開する「公開」の機能を持った文書は、「公開」の機能は使われないとIPユーザ側が主張したため、IPユーザからのコメントを受けることで、ユーザが公開を依頼できるようになることを目的とする制度化がなされた。。「公開」の機能が使えないユーザによる投稿は、ブログや掲示板等に掲載される際の「公開」に比べるととても危険な機能が含まれるようになる。公開が許可されるIPユーザはIPプロバイダーの中にあるIPアドレスを公開に登録することになる。たとえば、IPアドレスが公表から20日以上経過した場合は、ユーザのIPアドレスを公開しない方針がIPユーザ側に伝えられ、公開した場合もユーザがIPアドレスを公開しない方針に戻らざるを得ない。非公開IPアドレスでは、ユーザは非公開IPアドレスに自分のプロバイダーIPを登録できる。公開されたユーザはWikipediaのページの下に投稿された履歴を一覧で表示される。一覧画面上で、ログイン後に表示される履歴一覧を見ることができる。ユーザの履歴一覧ページには、ユーザのプロバイダーが提供する履歴が表示されることがある。ユーザ間の非公開コミュニティの場合、投稿した記事の信頼性が担保されるべきだが、公開の原則を無視しているユーザが多く、公開ユーザの投稿ページと信頼性の保証を示すような掲示板が用意されている。非公開としても非公開にしても、投稿内容に対するユーザと信頼する利用者の間の意見の差が激しいため、公開ユーザがユーザとの関係性のある履歴を提示して、投稿してもらうことが望ましい。投稿してもらったユーザにはIPアドレスが割り当てられる。ユーザが投稿内容に偽りの履歴を提示していないかをチェックすべき。履歴ノートに、過去に投稿があったことや、投稿された履歴を見つけたい、と書いているユーザに対して、ユーザから投稿履歴の確認、履歴ノートに過去投稿した履歴の確認、もしくは投稿履歴の削除依頼を受け付けることがある -- 2011年7月5日 (日) 11:43 (UTC)（ノートでの議論から）現在の投稿履歴の中に誤りがある場合、それに対処するため投稿履歴の削除や削除依頼を依頼することはできないのでしょうか？ -- 2011年7月6日 (月) 11:22 (UTC),2
"アフガニスタンでの議会選挙は1969年以来、36年ぶり。カルザイ現大統領を選出した選挙からは、ほぼ1年ぶりの全国規模の選挙となる。産経新聞によれば、今回の選挙では、国会下院（定数249）・州議会（34州・総定数420）の議席が争われ、下院に2,753人、州議会選に3,013人が立候補した。CNNによれば、有権者は約1,200万人。女性にも参政権が与えられた。6,000箇所の投票所が設けられ、厳戒態勢のなかで選挙が行われた。日本経済新聞によれば、選挙後も、CNNの取材者による取材活動は継続されたという。一方で、選挙ポスターには、CNNは、CIAと関係にあるイスラマバード市民解放党と統合して、イスラマバード市を「CUDA」と改名する考えを報じた。CIAは、イスラマバード市に「CUDA」の名を持つ市民は、イスラマバード市には、「CUDA(Central Rossor Union)」と呼ばれる「IPA（Importance Prosopping Arbitriver）」という市民団体がいる可能性が高いと報じている。CNNは、16日の朝、選挙期間中のイスラマバード市への有権者の移動を確認する報道がなされた。15日のChief Global Public Outlookにおいて、CNNは、「C mobile Stops」という番組で、インドとの対立が一段落していて、「Citadel U (Chief Global Stops)」を持つ政治家を支援することが目的ではないと報じた。16日、Counterburn、Jindara、Celinoと、アメリカ合衆国大統領選挙の一般投票開始を伝える呼びかけがなされた。CNNは、一般投票開始を21日に控えていると報じた。20日夜、CIAは、アメリカがアフガニスタンから「IPA」の支援を受けて、イスラマバード市に「CUDA」を創設したと報じられた。21日、イスラマバード市長とCIAは、選挙運動を禁止する、とアナウンサーに告げた。CNNのスポークスマンらは、議会制民主主義を宣言するための「インデペンデンス」を拒否したと説明した。また、政治の支配を妨害することを理由として、政府の指導権を否定した。",1
"イラク特別措置法に基づき2003年12月からイラクに派遣されていた日本の陸上自衛隊が現地時間17日、駐留していたサマーワからの撤退を完了し、隣国のクウェートに着いた。朝日新聞や産経新聞によると、6月25日から物資の持ち帰りが始まっていた。約3週間で撤退が完了したことになる。活動期間中に派遣された隊員は合計で5,000人以上に上り、公共施設や道路の復旧、医療支援、給水約1,100万人分などの活動を行ったという。同じくイラクに派遣されている航空自衛隊は、活動範囲を拡大して活動を継続するという。読売新聞によると、跡地となった陸上自衛隊の宿営地はイラク軍に無償で譲渡したという。また、使用した医療器材の一部もムサンナ県に譲渡したという。",0
ドイツ・ヴァイマル（ワイマール）のヴァイマル・クラシック財団は、31日 (UTC+2)、ヨハン・ゼバスティアン・バッハの少年時代の筆写譜2点が発見されたと発表した。内1点はバッハの書いた楽譜の中でもっとも古いものとなる。東京新聞によると、この楽譜は、バッハが13歳くらいだった1698年頃のものと、1700年と日付の付けられたものの2点。朝日、ロイター、BBCによればどちらもオルガンのためのコラール幻想曲の筆写で、前者はディートリヒ・ブクステフーデの「いざ喜べ、汝ら愛するキリストの僕よ Nun freut Euch lieben Christen gmein」、後者はヨハン・アダム・ラインケンの「バビロンの川の畔で An Wasserflüssen Babylon」。中日新聞によれば、後者には雨に濡れたあとがある。朝日によれば、2004年に財団の管理するアンナ・アマリア図書館が火事に遭ったが、楽譜はその焼け残りの中から発見された。バッハのものであることは、ライプツィヒのバッハ史料館が鑑定した。これまで1704年に書かれた楽譜がバッハの書いた楽譜の中でもっとも古いとされてきた。APによれば、この楽譜は9月1日からアンナ・アマリア図書館で、21日からバッハ史料館で公開される。また、APによれば、30日、バッハ史料館は、バッハの未知の作品が発見されたことを明らかにした。これは1713年10月の日付の付いた、ソプラノと弦楽もしくはオルガンの伴奏による作品である。,0
日刊スポーツによると、女子サッカーワールドカップの決勝が7月17日にドイツ・フランクフルトで行われ、日本代表（なでしこジャパン）がアメリカとの大接戦の末2-2からのPK戦3-1で下し、初優勝を決めた。日刊スポーツによると、前半からアメリカに攻勢を許し、後半24分にモーガンに先制点を許すも、36分に宮間あや選手が同点ゴール。1-1で延長戦に突入し、その前半終了間際に再びアメリカに勝ち越されるが、後半終了間際に澤穂希（ほまれ）選手が同点ゴールを奪いPK戦にゆだねられた。そのPK戦では海堀（かいほり）あゆみ選手が相手のシュートを2本止めるなどの活躍を見せて日本の優勝に導いた。日本がFIFA国際サッカー連盟主管の主要大会で優勝するのは男女を通して初のことである。毎日新聞によると、大会最優秀選手には大会5得点で得点王になった澤選手が選ばれた。日本は世界ランキング第4位。過去のワールドカップにおいては1995年のベスト8、オリンピックでは2008年北京での4位が最高成績であった。またアメリカは3回目の女子世界一を逃している。読売新聞によると、宮間選手、福元美穂選手が所属する女子サッカーのクラブチーム「岡山湯郷」の地元・岡山県美作市（みまさかし）ではかつての旅館だった場所の大広間に多くの市民が詰め掛けて応援イベントが行われ、「優勝を目指してがんばれ」と書かれた日章旗を掲げて市民が応援に臨んだ。優勝決定の瞬間、会場から「やった」という拍手と歓声が上がり、お好み焼き店の40歳の店主は「こんな大変なことを成し遂げて、日本を明るくしてくれたから、帰ってきたらサービスしたい」と大喜びだった。また同市の安藤美孝（よしたか）市長も「市の体育協会職員として仕事をしながら、限られた時間で練習する2人を見てきた。小さな身体でもやれば出来るということを身をもって示してくれて、働く女性に勇気を与えてくれた」と語っている。産経新聞によると、3人の代表選手の出身校である常盤木（ときわぎ）学園高校（仙台市）でも、サッカー部の後輩が応援し、同チームキャプテンの鈴木里奈選手は「体格に勝るアメリカの長身フォワードに身体をぴたり寄せて自由にプレーさせないようにしていた。高いボールがきた時の処理もうまかった」と分析している。読売の別の記事によると、海堀選手の地元、京都府長岡京市では、海堀選手が小学生時代に所属していた地元のスポーツ少年団の選手・関係者や市民が応援イベントを行い、優勝決定後「あゆはやりました!!」と大喜びを示した。PK合戦での好セーブに、中学生（13歳）は「やってくれると信じていた。僕の憧れの選手になった」と興奮気味。また別の会場で観戦した中学校時代の同級生の25歳の女性会社員は「あゆは言った事は必ず実行する子だった。信じていました」。スポーツインストラクターで、インターハイの優勝経験を持つ41歳の女性も「私達のころは女の子がサッカーしているだけで驚かれ、優勝なんて奇跡にしか思えない時代だった。今回の快進撃でサッカーをしようと考える女性も増えるはずだろう」と喜びを爆発させている。日経新聞によると、インターネットでの短文メッセージを投稿する「ツイッター」への1秒当たりの投稿数が、優勝決定直後の1秒間当たりで7196件の投稿があり、過去最高のつぶやき数だったというデータが発表された。日刊によると、なでしこジャパンの優勝を受けて、なでしこリーグを協賛する弁当チェーン店のプレナスは、「ほっともっと」のコマーシャルに澤、宮間をはじめとする代表6選手を急遽起用することを発表。7月27-31日のテレビCMや全国の2492店舗全てにポスターを掲示する。同社の宣伝担当「コミュニケーション室」の古賀雅也氏によると「ワールドカップで活躍した選手たちになでしこリーグも、弁当も盛り上げてもらいたい」と起用について説明している。,0
並河氏はシルクロードなどの遺跡写真を多く撮影すると共に文化財の保存を訴えてきた。財団法人島根県並河萬里写真財団によると、日本大学芸術学部写真学科を卒業後KRテレビ（現東京放送）勤務を経てフリーの写真家になった。シリアのパルミュラ遺跡が道路工事で破壊されるのを目の当たりにしたことが原因で退職を表明し、2008年に退職した。同年、2005年に発表したアジアの歴史性を描く2冊の書を記念して製作した作品「歴史とアジアとシリアの間」と「アジアを見せる」を発表した。同年、アメリカ人考古学者ビル・ゲイツからは、「アジアの未来」の出版に協力することで合意し、共同通信もゲイツと「アジアの歴史性」を合わせて発表した。また、日本でインスタレーション「インターンシップワークショップ」を開催し、並河氏の写真が展示された。2009年にゲイツと共同で「日ノ本写真文化協会」を設立し、並河の著作の翻訳や「歴史とアジアとシリアの間」の出版に協力してきた。ゲイツは2009年の『日ノ大日の遺産』（朝日新聞）で、並河を「日本で最も有名な写真家かつアジアの歴史性を持つ写真家」と評価した。2020年6月、並河が自身のInstagramに写真を投稿した。,1
FIFA会長選に向けジーコ氏は水面下で候補者として擁立を受けるべく、有力者の協力を得るための懸命の努力を続けている。ジーコ氏は9月24日にもスイスのチューリッヒ市内にあるホテルにて、日本サッカー協会の田嶋幸三副会長に加え、欧州サッカー連盟のミシェル・プラティニ会長、ほかFIFAの理事らと会談の機会を設け支持を訴えているが、推薦の確約を得るまでには至らず、ジーコ氏は芳しい成果を上げられていない状況に置かれている。ジーコ氏は取材に対して、「そもそも、5者（のサッカー協会）の推薦が必要という規定はおかしい。48年間サッカーをしてきた信頼が既にあるというのに」と語り、現状への苛立ちを見せている。一方でジーコ氏は「日本の支持があれば。FIFAを取り巻くスキャンダルで、サッカーのイメージが悪くなっている。既に改革に取り組んでいるが、もっとクリーンにしていきたい」と改革に向けての意気込みも見せ、さらなる支持を訴えた。,0
NHKと毎日新聞によると、ウェバーの後ろに抜かれるのはアロンソの5位入賞で決まったクリス・エイモン（メキシコ）であった。ライコネンも1勝を挙げたものの、F.ウィリアムズのマシンをスピンさせた際の負傷以降はリタイアとなった。続く4位のライコネンが表彰台となり、優勝したアロンソの前に立った。ライコネンはマシンがコースに復帰した後、コース上の路面を踏み転げ始め、そのままレースが終わる前にマシンを停止させた。2位ライコネン、3位アロンソ、4位ウィリアムズと続いた。5位ジョニー・ハート（米国）と6位ハート（イギリス）がコースマーシャルのジェームス・ハーモル（アメリカ）に抜かれ、4位アロンソ、5位ハート、7位ハートと続いた。以下は、ハートが先行する。ウィリアムズ・ホンダ・レーシングがハートとハーモルを、ウィリアムズ・ホンダ・レーシングはハーモルとハートフィットを走らせての総合成績である。ハート、ハーモル、ハートフィット、ウィリアムズ・ホンダ・レーシングの順に並んだ数字に『F2』印が付いている。以下の数値はF. アロンソの平均スピンの速さである。以下の成績はF. アロンソのレーシングポイントのペーストを基に数値が算出されている。それぞれの数値は、最高速度の基準を満たしている（下記の表のように、レーシングポイントではコースイン・ポイントについての測定は行わないものの、レーシングポイントでは基準を満たしている）。,2
意見書にある経緯によると、この問題の番組は2007年11月27日に放映されたもので、元店長代理の女性に制服を着せた上でインタビューし、調理日改ざん事件を証言させたがその10日後に司会の古舘伊知郎氏は「（制服着用の演出は）間違ったやり方だった。申し訳ありません。」として訂正・謝罪を行ってい。この件について、番組は2010年に「お客様のプライバシー侵害の事実を認めると、責任が取れないこととなり、その責任を取ることができなくなる、との情報がありました。番組出演者と運営者を含め、放送時間に関する苦情や不適切なコメントを多数寄せられており、この放送が放送したくないというお客様もいらっしゃる。今回の件に関して非常に重い責任を背負った。」との認識で番組に対しての謝罪文を公表し、番組側を全面謝罪している。意見書で公開した「ハンバーガーチェーンにおける商品の調理日改ざん」に関して、「放送倫理・番組向上機構（BPO）の放送倫理検証委員会は、放送倫理として当然のものとして扱うことを勧告している。今回の事例は、放送倫理をないがしろにした事例とする番組倫理・番組向上機構（BPO）の放送倫理検証委員会とは異なる。放送法第40条により「放送に係る放送倫理問題に関する放送番組やその内容は放送事業者である放送事業者の保護を目的として制作されるもので、放送番組の制作においてげなければならない。」と規定されている。」との記述がある。ハンバーガーチェーン・日本マクドナルドの番組に関しては番組から番組倫理認定を受けた放送倫理検証委員会による厳正な審査を経てある特定非営利活動法人情報経済普及機構による認定制度が置かれている。,1
公表された路盤は、国土交通省が定める「道路運送車両等への影響に関する道路の計画及び整備に関する通達」により、1980年に国土交通省道路局から「新日暮里新交通道路運送車両等対策事業（現在の新日暮里新交通道路等対策事業）」に認定され、JR日豊本線日の目駅、東京モノレール線日の目駅（日暮里）の2駅が開通するとともに、旧日の目駅駅舎は「新日暮里新交通道路、日暮里」に変更され、高架駅化も実現するとしている。なお、道路運送車両等への影響に関する道路（道路交通法が施行している道路を除く）については国土交通省道路局国土交通課道路交通情報部から公表されている。一方、東京2020オリンピック・パラリンピック競技大会組織委員会は、東京都が2018年7月8日に発表した新交通路線計画の「東京都都市計画事業（東京都都市計画事業）」において、国土交通省道路局から正式決定された駅（日暮里駅）に関する新型道路の工事を含む「新交通路線の計画（第1）」（2018年7月10日付け）、「新交通路線（第2）」（2018年7月24日付け）をそれぞれ公表した。,1
"秋田放送、FNNなどによると、朝日新聞東京本社は、報道機関向けに「日本貨物鉄道は、被害届を受けた大阪府吹田市の建設現場から、レールとレールとを繋ぐ『継目板』766本（計約15トン）を盗まれた。さらに、この継目板でレールに巻き付けられたレールには、1億1,000万枚とも言われる大掛かりな巻き尺が書かれた。吹田市は、今年の台風11号の影響で2年前と比べて1万5000平方メートルほど移動したので、新たな被害を強く受けており、明日1日早い復旧が急ぐとし、今しばらくは作業を続ける必要もある」と報じた。なお、その他の記者会見では、このレールの所有者、使用方法についても「今のところ、『継目板』の使用を希望していない。使用の有無については問わず、レールそのものに巻き尺を書き込みたいので、使用しなくなった今でも使用する予定はない」等と述べた。朝日新聞は、今後、関西地方の鉄道輸送に大きく影響を与えるレールの盗難事例にも注意を払うべきで、と伝えた。",2
17日現地時間（UTC +1）午前10時20分（日本時間午後6時20分）、ノルウェーの新内閣の閣僚名簿が公表された。先月13日の総選挙で勝った中道左派連合による内閣となった。第一党・労働党のイェンス・ストルテンベルク党首が首相に指名され、労働党、社会主義左翼党、中央党の連立内閣を組織した。ノルウェーでは先月の総選挙で当時の与党が敗退し、今月13日に内閣総辞職が予定された。このため例年は10月14日に行われるノーベル平和賞の受賞者発表を1週間繰り上げて7日に行った。,0
山口県や鳥取県で21日（UTC+9）、梅雨前線が発達したことによる記録的豪雨で土石流が相次いで発生した。同日正午すぎ、防府市真尾にある特別養護老人ホーム「ライフケア高砂」の裏山が崩れた。山口県警によると、この山崩れで土石流が発生したとみられている。82歳の男性ら入所者男女3人が死亡し、3人が軽傷、4人が行方不明となった。県や防府市消防本部によると、施設には約90人が入所していた。建物は地上2階建てで、1階部分は土砂で埋まった。同日20時ごろまでに、施設に残っていた87人がヘリコプターで救助された。また、防府市の国道262号でも土石流が発生し、85歳の女性が死亡、近くに住む夫婦の行方がわからなくなっている。また、国道では鉄砲水も発生し、消防隊員が巻き込まれたが、幸い無事だった。防府市奈美では、川に流され66歳の男性が、鳥取県江府町でも増水した川に転落して49歳男性が死亡。22日早朝に再開された山口県警と消防による捜索で下関市で行方不明になっていた74歳男性が遺体で発見された。山口県内では依然として10人が行方不明になっている。山口県によると防府市と山口市で少なくとも3つの集落が土石流の影響で孤立していたが、21日夜までに解消された。被害は22日10時現在で住居全壊1棟、半壊1棟、一部破損10棟、床上浸水79棟、床下浸水433棟。山口市や防府市では約3万8000世帯が断水し、山口、防府、周南各市では避難勧告がだされている。下関地方気象台は、防府市では雨が降り始めた19日13時から21日16時までの総雨量が297.5ミリ、21日9時20分までの1時間では観測史上最大の70.5ミリを記録したと発表した。この災害について麻生太郎首相は22日、林幹雄防災担当相を現地へ派遣し、関係省庁と連携し対策に万全を尽くすよう指示。また、河村建夫官房長官は記者会見で「地元自治体と協力して行方不明者の発見、早期の災害復旧に全力を尽くす」と話した。,0
日本経済新聞、朝日新聞によると、ビアンキはまた、これらの事故を「この日は、アレッサンドロ・ビアンキは、午前9時前から駅に到着できなかった」、「アレッサンドロ・ビアンキの列車が、アレッサンドロ・ビアンキが到着できるほどの遅延時間(約18分)を刻んでいた」、「アレッサンドロ・ビアンキの列車との接続を絶った」、「アレッサンドロ・ビアンキの列車と接続できずに、アレッサンドロ・ビアンキの列車との間では事故と同等のことが続いた」という理由で、「アレッサンドロ・ビアンキのホームページに抗議するメッセージを記載しないことも明らかにしている、」と言及している。また、自身が事故の影響で1か月後に行われる「CEマーヴェラス賞」(1カ月ごとに行われる「17歳以下の選手の中から17歳の選手を選ぶプログラム」の名称)が1月21日午前の開始時刻(1カ月間の最初の6日間の第3日曜日)に変更された、と伝えている。2013年3月の時点で、駅では1人だけが死亡した、とビアンキは発表した。アレッサンドロ・ビアンキと、アレッサンドロ・ビアンキの乗客への賠償を含んだ賠償金について、事故調査官は「アレッサンドロは、事故に遭う前と後、1回でも1回でも死んだ」と付け加えた。,2
"NHKによると、ロシアで行われているソチ冬季オリンピックのフィギュアスケート男子ショートプログラムで、4大会連続のメダル授賞を目指していた同国のプルシェンコ選手が練習中の腰痛でこの種目を棄権、現役を引退する考えを明らかにした。プルシェンコ選手は「昨日の練習でジャンプを下りたときに腰を痛め、今日の試合前に練習で3回転ジャンプをしたら、腰の痛みが悪化し、無理だと思った。五輪よりも体を選んだ」と説明。そのうえで「こういう形で自分のキャリアを負えるのは残念。もう少し違う終わり方にしたかったが、神様に、これ以上無理だといわれた気がする」と引退について述べている。現地2月13日に行われた当時について日刊スポーツによると、第1グループの6人の滑走が終わったのち、第2グループの事前練習が行われ、その練習中にプルシェンコ選手は3回転半（トリプル・アクセル）ジャンプを飛んだが、その直後、上半身と下半身のバランスを崩して着氷し、腰に手を当てて痛がる素振りを見せる。その後、第2グループの最初の演技者として登場するはずだったプルシェンコ選手が紹介されるが、審査員に近付き、この緊急事態について説明し、競技を断念する事態となった。産経新聞によると、プルシェンコ選手はロシアの報道機関に、「ファンに謝りたい。そして私のことを信じてくれたすべての人に謝りたい。練習中にトリプルアクセルを飛んだ時に失敗し、すべてのことが起こった。失敗した後、自分に言い聞かせた。""ショートプログラムとフリープログラムの演技がまだ2日あるぞ""と。団体戦と個人戦、4つの競技に出るために五輪にやってきた。団体戦の競技しか出ないという噂もあったが、それは全く正しくない。団体戦の後、引退することは考えなかった。体の調子は良かった。今日起こったことは突然だったんだ。今後は何をするかわかりません。明日、かつて私を手術したイスラエルの医師のところに行くかもしれない。もしくはサンクトペテルブルクかモスクワかもしれない。今は医者に会いに行く。医者と相談して今後を決める」と話している。",0
東京証券取引所は、ライブドア・堀江貴文社長らが証券取引法違反の容疑（偽計・風説の流布）で逮捕されたことを受けて、公益や投資家の保護を目指す観点で、上場廃止にする基準のひとつである「包括規定」に違反する可能性があるとして、今回の件を含め、一部の上場廃止を勧告させた。ただし、一部の対象となる株価は「包括規定」に違反し、市場に出た後は「包括規定」に反する「重大な上場廃止基準」となる場合あり、上場廃止基準ではないような事態は避けるようにせよ。この結果、ライブドアの証券売買取引停止の動き(※1)により、「2012年までに上場廃止にする」という基準に反していると見なされた。今後、この基準にひっかけており、また「包括規定」に違反していることが明らかになる可能性もある。,1
"日刊スポーツ、毎日新聞によると、国民の強い要求を背景に、社民党との結び付きが強まる。2014年3月23日、「沖縄返還要求」を掲げた中曽根内閣が総辞職。同年4月13日、沖縄県を対象に「返還の為に必要なことについてのアンケート」を実施し、日本政府に反対する「沖縄返還反対派」は約352名、約319名、約305名、約227名の賛成派697名、反対派201名、約450名の賛成派229名、約130名の反対派71人の合計266名、賛成派136名、反対派189名、約401名の合議制と決選投票制を決定、2014年4月25日未明、東京都港区に設置した記者クラブ内に多数の記者を集め、賛成意見を表明または「沖縄返還反対論」を表明する会を組織、2万3,555人の署名を集めた。",2
共同通信・産経新聞によると、佐藤さんには長男たちについて聞いておらず、「2人目を出産するまで、長男に育ててもらっていたい」と話した。【大河原剛/取材日2012年9月3日】この日の午後、釜房湖の湖面から約1.6キロ離れた湖で、男児を刃物で刺し、さらに110番通報した男性が、川内川の近くで男児を発見した。その約2時間半後、息子らしき人間の遺体を発見した現場から約1キロの湖面に、2人は同町川内のアルバイト店員佐藤ナナさんと、2人が川内川の近くで男児を刺すように通報をした、同じアルバイト店員佐藤さんの長男という遺体が浮いているのが見つかった。佐藤さんは男児の年齢が分かったため、遺体を「次男」と誤認。現場を調べ、「長男が2人目を産んだ」と言質を取ったという。佐藤さんは「2人目とはどんな子供だろう」と尋ねたところ、次男は「息子」と言い放ち「自分の子供だろう」と断定している。佐藤さんは「長男が2人目を産んだわけではないが、なぜ遺体になっているんだろう」と気になったという。■佐藤のお父さんは川内川のダム工事中の事故死説,2
ロイターなどによると、1972年8月10日に閣議決定などの緊急地震速報が出たのを皮切りに、1979年2月18日に「緊急地震速報の廃止」が閣議決定で決まったが、この緊急地震速報は1990年2月4日に廃止された。これを受け、東日本旅客鉄道（JR東日本）は2004年11月中旬に緊急地震速報を表示しないことを決定した。（ただし、これから先も正式な地震情報が出ることなく、各駅に設置しているアナウンス装置により都度確認する必要がある。）2016年（平成28年）3月16日、国土交通省は「緊急地震速報は、放送できても、その後の地震によって遅れた場合には、遅れたことに気づかず「誤報」にすることがあるかも知れないこと」と、「緊急地震速報による被害情報の迅速な提供を実施できない場合」の措置の必要性を述べ、「緊急地震速報は放送しても、地震波によって大きく揺れることがある地域では、遅れたことに気づかず「誤報」にすることがあるかも知れない」という想定を明確にしている。鉄道やバスなど、緊急地震速報を未受信で運転しても、運転士の操作ミスが起きることがある。この場合、緊急地震速報を受信している旅客のほぼ全員が、1人が緊急地震速報を受信していることになる。その事から、緊急地震速報での放送から1人ごとに1分の遅延（「20秒～3分おき）の場合は、「10秒」「4分」「5分以内」などと誤報します。緊急地震速報の受信時には緊急地震速報・放送時刻表が表示されるが、「放送時刻表のデータを表示するには」という表示を利用した場合、「放送時刻表を使う事は出来るが、22分、23分、24時間の場合は「1分ほど」しか表示されない。また、番組情報は表示されない」（「日本放送協会放送事業者センター」放送防災情報プロジェクト、2014年12月16日 より）と説明されている。,2
"アフマディーネジャード大統領は、計画への国際査察を受け入れる意向を示し、この計画が平和目的であるとの主張を繰り返した。国連総会での演説で、アフマディーネジャード大統領はイラクが核エネルギーを利用する権利をもっているとという意見を明確に述べ、この計画をイラクが推進することを拒むなら国際社会は「核のアパルトヘイト」を実行することになるとした。「強国による過剰な要求に我々は屈しないだろう」と大統領は述べ、イラクに核利用をやめさせようとする国際社会の圧力を拒絶した。大統領は、核プログラムについての対話は再開されるべきだと表明した。ただし、この動きの目的と必要性については、2週間後に公表できるようにと大統領が求めた。2016年2月17日、アフマディーネジャード大統領は、計画を進め、イラクに核エネルギーの存在を認めさせることで合意した。2月19日、イランはアルカイダの指令を受け入れ、イラクはイランからの核不拡散を含む制裁を受けることができない立場に置かれることになり、アメリカからは2月20日にこの計画からの脱退が発表され、一方アメリカは2月21日からその声明の発表までイランの情報活動を禁じた。2016年1月8日、イランは提案に合意した。イランは最初、国連ではない国に対するイラクの核管理を進めるとした。しかし、イランはアルカイダがイラクの人権侵害に関することを正当化する意図で、アメリカと合意した。2016年2月23日、イランは提案を受け入れ、イラクの核エネルギー開発は終了することになった。2016年2月26日、イランはアルカイダからの脱退を正式に表明した。この声明はいくつかの国連加盟国に対しても適用され、イランは「このたび新たに脱退することになった国に対してその宣言を発しなければならない。2016年6月以降、イランはアメリカ合衆国、イスラエル、ドイツ、イスラエル以外のいかなる国によっても核エネルギーを管理することは不可能である」と述べた。イランとアルカイダはイラクのエネルギー管理を行うが、アルカイダはアメリカのエネルギー管理に対して同様の行動を取るとの報告がされている。アルカイダはイラクの核エネルギー開発を「完全な国際的権利」と見なしている。 イラクに近づくとアルカイダからアルカイダへの脱退を通告されることになっている。2016年3月25日、アルカイダはアメリカへ出国を申し出るが、アメリカとの合意に関しては「アメリカの合意に一切興味がなく、合意を遵守する」と述べている。2017年1月、CNNテレビの「チャレンジ・ゾーン26（""Capabilities 26""）」で、アルカイダー党はアメリカの新しい「核エネルギー管理規則」に参加しないことを表明した。",1
更なる記録として、2005年にディープインパクトが記録したレースタイムを0秒1上回る「ダービーレコード」の2分23秒2を、ドゥラメンテが刻み込んだ。ドゥラメンテは皐月賞で大斜行する一幕もあり情報源のSponichi Annexで「希代の癖馬」と評されるような不安定感も漂っていたものの、今回東京優駿を制覇出来たことによりデムーロ騎手は「本当に強い。どんなレースでも勝てるチャンスがある。勝ちたい」とドゥラメンテへの信頼をより一層篤くした。なおドゥラメンテは皐月賞を勝利したタイミングで凱旋門賞への一次登録を済ませており、今後は凱旋門賞へドゥラメンテが挑戦する展開も見えてきた。デムーロ騎手が東京優駿を制したのは、2003年にネオユニヴァースで勝利して以来の2勝目となり、2度の騎手試験を経てデムーロ騎手が今年2月に正式なJRA所属の「日本の騎手」となってから早速の東京優駿制覇となった。デムーロ騎手は「ネオの時は“ガイジン”騎手だったが、今回は“日本の騎手”として勝てた。日本の騎手になれたという実感が、あらためて湧いた」と語り、嬉しさを表した。出場馬と騎手の本馬場入場。CC-by-sa-4.0第82回東京優駿がスタートした瞬間。CC-by-sa-4.0勝利馬のドゥラメンテと馬上で「ヒコーキ」ポーズをとるミルコ・デムーロ騎手。CC-by-sa-4.0優勝レインボーライン“White Lee”が飛びかかる。CC-by-sa-4.0ドゥラメンテはファンファーレで入場。CC-by-sa-4.0ファンファーレはミルコ騎手に「お前は、俺に勝ってくれよ」と送ると、ミルコ騎手も同じポーズで応じた。第45回 NHKマイルカップファンファーレが鳴った。CC-by-sa-4.0鞍上のミルコ騎手は「私はファンファーレで入場するのを楽しみにしていたが、自分の騎乗でスタートして、しかも前走も最後も良くて勝てたことに満足。最後まで信じられないのは1つだが、私はファンファーレを鳴らしてくれたミルコさんの前に進めることを楽しみにしている。最後のマイルという距離を頑張ってくれたけど、ゴールの景色がすごく素敵だったよ」との言葉で締めくくった。CC-by-sa-4.0ドゥラメンテはファンファーレを鳴らした。CC-by-sa-4.0,1
読売新聞によると、今年のJFLで熊本は2位、岐阜は最終戦で3位を確保し、J2入会の順位成績上の条件である4位以内をクリアしていた。鬼武健二チェアマンは「地域活性の拠点になってほしい」と期待しつつ、運営面でのスポンサー確保や経費節減、また岐阜が本拠地とする九州国際（福井県北陸地方のみ）へのスポンサー誘致の要望を表明した。ただしこの時はJリーグ理事会でもJ2でJFLを選択すべきであるとJリーグ側の反対意見が多く、最終日にJリーグ理事会が「チーム名を登録する際に（仮称を）決める必要はない。今後、検討していく」と回答したことも影響して、J2昇格を目指すJ3チームが5チームも含めてJ3チームに決めることになったと報じられている。日本サッカー協会は12月2日に「J1昇格の可能性がある第1年度のJ1昇格」と発表した。,1
朝日新聞によると5日、関東甲信地方を中心に豪雨となった。気象庁によると1時間雨量は茨城県大子町で73.5mm、千葉県成田市で72.0mm、東京都千代田区で58.0mmと非常に激しい雨が降っている。気象庁は豪雨による低地の浸水、河川の急な増水･氾濫、土砂災害などの警戒を呼びかけた。朝日新聞によると5日午後0時15分ごろ、東京都小平市で住宅から人が飛び降りたことが2011年に判明し、警察が現場付近に到着した。6日に東京都内で大雨特別警報が出た。6日朝にも大雨警報が発表されて、大雨と洪水が集中し、首都圏の一部では5日午後2時以降、大きな異常天候早期警戒区域に指定された。,1
午後2時（日本時間23日午前2時）に始まった決勝レースは、スタート直後の1コーナーでウイリアムズのルイス・ハミルトン（米）に出遅れ、レースゲート手前でフィニッシュし、3位表彰台には上り6分08秒を得る1位に急接近、レースウィーク前に行われていた決勝レースも3位を走行。2コーナーまでの1周では前3コーナーに入り、そのあと約80㎞ある5コーナーを回ってからはコーナーを避けて1コーナーを走行。2コーナーから少し下がり、5コーナーから一気に上り1コーナーを通過すると同時に先頭に付けた。最終コーナーに入った段階で1コーナー手前でフェラーリがコースイン。その後の3周に入ったがウィリアムズが5位と2位を、ハミルトンが4位と3位を占めた。フェラーリのマーチはウィリアムズに2秒差で先にゴールした。ウィリアムズはハミルトンの後に続いた。ハミルトンは3コーナーあたりから急加速し、前に出て先頭を走り2番目に並んでいたが、ハミルトンに付いていたウィリアムズのジョニー・ハーバート（アメリカ）の前を行って3位に滑り込んだ。ハーバートは先頭のハミルトンを大きく遅らせ3位に滑り込んだ。ウィリアムズは1コーナーに入った後、2番目のポジションである3位に近い位置からスタートしたが、ハーバートが1コーナーに入った時点でハミルトンは3番目のポジションからスタート。ハーバートの後ろに付け、ハーバートを2コーナー付近までローリングさせる。2コーナーでハーバートが4位にロールし、後に続くハミルトンが3位に入った。2コーナーからハミルトンの後方にいたままハミルトンが4位を走行するが、ハーバートを追うウィリアムズとハミルトンの中を抜け、3コーナーでハーバートが先頭に出ると、ハーバートの後方にいたハミルトンは4位に転落した。追い越してきたハーバートをウィリアムズが追い抜く展開となったが、ハーバートがハミルトンを抜いてコースイン。そこからさらにハミルトンの後ろに付けハーバートを追ったものの、そのままゴールラインを越えられずハーバートを抜き返したが、ハーバートが3コーナー過ぎに3位に復帰し、そのままハーバートを抜き返した。ハーバートのトップにハーバートが立つとペースを握りつつ、ハミルトンはハーバートに続いた。ハミルトンはハーバートに競り負けながらもゴールし、ハミルトンデビュー5戦ぶりとなる4度目のシーズン10勝目を達成した。ハミルトンは6連勝となる11勝を挙げた。,1
"気象庁などによると、18日に日本の上空5,000mで氷点下42度以下という非常に強い寒気が東北地方を通過したのをはじめ、12月17日から19日にかけて寒気の流れ込みが続き、19日は中部地方や東日本の日本海側を中心に大雪となった。朝日新聞によると、名古屋市では午前8時に23cmの積雪を観測し、1947年2月以来の多さで史上5番目の記録となった他、多いところでは青森市で219cm、新潟県津南町で200cm、岐阜県白川村で194cmなどの積雪を観測していて、日本全国40地点の観測所で12月の最深積雪記録を更新した。東京の都心でも最低気温が摂氏0度を下回り、今冬初めての冬日となった。また、毎日新聞によれば、高知市では18日に史上2番目（12月としては過去最高）の9cmの積雪を記録した。気象庁は今冬は暖冬と予想しており「想定外」の寒波襲来だったとし、暖冬を予想した3ヶ月予報を見直し寒さは来年1月中旬まで続くと修正した。また気象庁気候情報課は、日本への寒波の流れを左右する北極周辺の寒気の動き「北極振動」のメカニズムはまだ解明されておらず、寒気の襲来を予測するのは難しいとしている。この寒気による気象の影響で、石川県・福井県で雪下ろし中に転落し2人、京都府・長野県・香川県で車のスリップ等の交通事故により4人など全国で6人が大雪のため亡くなっている。交通にも影響が出て、読売新聞によれば航空便56便が欠航、東海道新幹線が徐行運転のため277本の列車が遅れた。高速道路は、名神高速道路、北陸自動車道などで、通行止めがあった。気象庁は、21日には再び強い寒気が流れ込むとしている。",0
日本海新聞、産経新聞によると、山下警部補の逮捕容疑は、2012年3月15日未明（08:40）の大阪市内で、現場の「バスが出ている」という情報と、「出る」と120音が聞こえるという情報を複数の警察官に聞いたとされる。2012年3月15日の11時40分頃、バスの運転手との軽い駆け引きを交えながら、同市竹崎町、新家地区の「路肩に止めているバス」について、バスに乗る時、車に乗る時、「この時間はバスは出ないように」と教えられているのに、「出る」と話を聞いて、それを確認すると、また「この時間に出る」などと話し、「このバスで何かがあって、その音を聞いた」などと話し、現場にいた山下警部補は、このような証言を伝えたわけである。だが、時事通信が伝えたところによると、バスは「2回、1回」「1回だけ」と話し合っていたのに、2度ほど「出る」と言っていたことが確認できるわけである。これは、一部報道では「全車に教えている」という表現があったために、「全車に「出る」と教え、全部教えれば、全部教える」、つまり1回につき2回と伝えたので、「全車に「出る」と言い続ければ全車に「出る」と伝えられる」、といった使い方を考えていたという。そして、この「バスで全部教えている」という使い方を、時事通信が伝えたところによると、「このバスで1回だけ教えているのに、全部教えないまま、1回だけ出るというので、私は「間違いなく」「嘘をつき通した」と思わずにいられない」とのことである。1959年に、このバスの、24時間運行中の「85式600馬力車」（85式は第2回）が運行を停止した。このバスの担当車両は、他の車両の運行も担当していたが、この年の12月に、この日の運行が終わっているからこそ、運行を再開できる、という理由で、担当車両の名前を「84」へと変更した（ただ、84では、「84」という名自体は「85式600馬力車」と一緒というより「85式600馬力車」の名で呼び、その名で運行を続けていた）。,2
秋田朝日放送によると、さらに24日、日本人選手たちが、会場の外に酸素マスクをかぶっているのを見て大笑いをしている写真が上がった。一方、この五輪を巡り、日本は「五輪2連覇に向けて、オリンピックに集中しなければならない」という立場で、「2回に分けて日本女子バスケットボール協会や日本オリンピック委員会と協議していく」としている。5月24日に開催される第28回アジア競技大会開催に向けて、日本は「(2002年の釜山五輪を含めると、日本は2010年のロンドン大会を含めて、アジア競技大会で24年ぶり2度目のオリンピック参加を果たす)」と公式サイトを通じて宣言した。公式サイトには「選手個人の意識向上」と「健康向上」を目的とした、「スポーツと健康」をキーワードでアピールしていた。一方で、「スポーツ選手としての生活を考え、日本の女子選手ならではの考えや行動を知ってもらう」とし、「コーチに女性が多いかどうか調査。日本では、女性が多く参加する競技もある」と、同種目では特に注意を喚起している。,2
スポーツナビが報じたところによると、日本サッカー協会の川淵三郎会長（キャプテン）は6月24日会見し、日本代表チームの次期監督候補として、イビチャ・オシム氏（ジェフ千葉・市原現監督）と交渉していることを発表した。協会は2006ワールドカップ選手権ドイツ大会終了を持って契約切れとなるジーコ監督に代わる次期日本代表監督についてオシム氏のみに候補を絞ってW杯開幕前に打診したとされている。近日中に田嶋幸三技術委員長との交渉を行い、7月をめどに決定される予定。日刊スポーツによると、川淵氏は会見で記者団に「次期監督が2008北京五輪の代表（現・21歳以下）チームも指揮するのか」という問いに対し、「五輪代表チームの総監督的な役割として、オシムが就く」とコメントしたが、現在オシム氏が監督契約を結んでいるジェフ千葉・市原の関係者とはこのことを発表する了解を得ていなかったため、記者会見を一時中断して関係者と話しをしたという。,0
黒澤明監督のほぼ全ての映画作品で美術を担当し、米国アカデミー賞美術賞にもノミネートされた美術監督の村木与四郎（むらき・よしろう）氏が10月26日午後10時32分（UTC+9）、心不全のため東京都世田谷区の自宅で死去した。85歳だった。東京都生まれ。1946年に美術助手として東宝に入社、1948年の『醉いどれ天使』において美術助手として初めて黒澤監督映画に参加。1954年に美術監督に昇進し、1955年の『生きものの記録』で初めて黒澤監督作品の美術監督を務める。以降、旧ソ連で制作された『デルス・ウザーラ』を除く全ての黒澤監督映画の美術監督を務めたまた、1970年の『どですかでん』と1985年の『乱』では、妻の忍さんと共同で美術監督を担当した。1980年の『影武者』や『乱』などで、アカデミー賞美術賞に4度ノミネートされた。黒澤監督作品以外の担当映画としては、『日本沈没』（森谷司郎監督、1973年）、『忠臣蔵 四十七人の刺客』（市川崑監督、1994年）、『雨あがる』（小泉堯史監督、2000年）、アメリカ映画『トラ・トラ・トラ!』などがある。毎日映画コンクール美術賞を3度受賞し、1994年に紫綬褒章を受賞した。本ニュースは「毎日新聞」と「共同通信」、「朝日新聞」、「サンケイスポーツ」の以下の報道を情報源としている。,0
朝日新聞、中日新聞によると、2001年からは、21局の共同スポンサーとして、地上波放送のプロレス中継を中心にプロ野球中継やプロ野球・プロ野球オフシーズンのプロ野球ナイター中継などを担当していた。2008年6月にプロ野球オフシーズンの中継がスタートしたのに伴い、一時終了していた『新日のプロ野球中継』（2002年からは『日テレプロ野球中継』と題してスタート）を再開。2010年には、日テレ系プロ野球リーグの野球ゲームやプロ野球・プロ野球オフシーズンのプロ野球ナイター中継やプロ野球・プロ野球タイガースやプロ野球・プロ野球オフシーズンのプロ野球中継がスタートした。2012年からは、『新日のプロ野球中継』を再スタートさせ、さらに2017年からは、プロ野球タイガースやプロ野球・プロ野球オフシーズンのプロ野球ナイター中継も放送した。2018年現在、NETテレビ製作の地上波中継に『プロ野球中継』・『プロ野球タイガース中継』・『プロ野球 タイガース・リーグ』（2016年以降は『プロ野球ニュース』『プロ野球!スポーツ』）・『プロ野球プロ野球中継』の4本が使用されている。,2
シンガポールでは、PAPが定数84の議席の大半を占める一党独裁が続いており、今回の選挙で同党は全議席の獲得を目標としていた。読売新聞によれば投票率は94%であった。Yahoo! シンガポールによれば、シンガポール総選挙では、23の選挙区から選出するが、これらは5人程度の候補者を党ごとに一括して選出する14のグループ選出選挙区と、9つの1人区に分類されている。グループ選出選挙区では、PAPが14の中から9人を選ぶなど多数決制度が採用されている。各グループの代表者には、副党首 (Executer) が付き、それ以降の代表者には、党首 (Leader) が付く。PAPは全選挙区で5党に所属する政党であり、各グループから9人を選出する。党の指導部は党の指導的地位を定める立場にある。党には5人の党幹部候補生（そのうち2人が党幹部として参加するため、党の指導的地位は15人となる）が残り、党執行部は3人の幹部候補生（そのうち2人が党執行者として参加するため、党の指導的地位は4人となる）が残り、党執行機関として党執行者 (Chief※1) が残る。13歳から6歳の子どもが複数いると、党の指導的地位は5人から1人になる。,1
COMPUTERWORLDによると申し立ての中で同社は、MicrosoftがOS市場における優位的立場を利用してWindowsにIEをバンドルする行為はユーザーのブラウザ選択の権利を奪うものだとし、さらに最大シェアを誇るIEがWeb標準に従わないことはWeb開発者がシェアの低さとWeb標準への不安を抱くかもしれないと述べた。2017年5月28日、アメリカ合衆国でIEのソースコードを開発しているが、Windows 95対応のChromeでアプリケーションを動作させていないことが発覚した。2018年2月26日、インディではIEとOS X Windowsでもソースコードの互換性が望めないことやIEのインストール不可性を理由に訴訟を実施することを表明した。2018年6月16日、ブラウザーがインストールするアプリケーションにIEで利用するアプリケーションIDEをインストールすることで、全てのIEのソースコードがIE上でこれらの問題に対応できるようにしたと主張すると主張した。2018年12月30日のニューヨーク・タイムズの社説では『ブラウザーにIEをインストールする行為は独占禁止法への違反だった』とし、このような訴えの中でブラウザーがソースコードを使ったことが悪であると訴え続けた。,1
神奈川新聞によると30日(UTC+9)、横浜市北部に同市営地下鉄の新線「グリーンライン（4号線）」が開業した。産経新聞によればその前日の29日にはセンター南駅で記念式典が開かれ、また神奈川新聞によれば開業日当日には中山駅周辺などで地元住民による記念イベントが行われた。産経新聞によると、同線は中山－日吉間13キロを約21分で結び、中山駅にてJR横浜線、日吉駅で東急東横線に、センター南とセンター北両駅ではブルーラインに接続する。交通局では、産経新聞によれば一日10万2千人、神奈川新聞によれば当初一日10万4千人の利用を見込んでいる。横浜市交通局によると、車両は小断面のリニアモーター式である。,0
読売によると、6月下旬には無断伐採が判明していたものの、同県は公表していなかった。読売・毎日によると、同県空港部の記者会見でのコメントとして、同空港の管制塔の東約1キロメートルに存在したヒノキ・コナラ・シイなどの雑木林が、管制塔の視界を遮っていたため、同県は業者に依頼し、2月に伐採した。ところが、地権者の指摘で、一部が私有地だったことが判明した。毎日によると、地権者は5月に無断伐採に気付き、同県に対し、伐採の経緯などを明らかにするよう求めている。読売によると、同県の岩崎富夫・空港部長は、無断伐採を陳謝した上で、これまで公表しなかった私有地を含め、他の土地を明らかにするよう指示したと言う。日本航空の成田－羽田便（国際線）の国際線を担当するJALは、2008年7月3日に「（政府からの）土地払い下げ要求」を受け、「『土地を担保に』土地を取得しようとする国には、それを承諾する義務がある」といった説明がなされた。2009年9月12日には、日本航空やJALから土地権利に関係なく土地を一括取得し、「一括払い」で土地を取得しようという通達を受けている。日本航空は国際線の乗客と貨物輸送を担当している。その際には、駐機中に立木に乗り上げ、その後、滑走路手前で再び立木に乗り上げ、元の場所に戻し、それを再び「一括払い」という形式で滞留することがある。,1
CNET Japanによると、13勝しかできなかった琴欧州は、11月場所で引退し関取へ移籍した。これにより13勝12敗の成績しかできなかったのは、幕内中位の力士が1場所で勝利数を4~5つ挙げて3場所以内に横綱・大関の土俵に上がるという珍しい例であった。琴欧州は12勝5敗と負け越したが、11勝以上勝つことによって13勝3敗と負け越したのは、3場所連続で負け越したことになった。だが琴欧州は、8連勝で横綱から12連勝という大関昇進を目指し8勝3敗でこの年の横綱昇進に貢献した。12勝以上勝った力士は、全員負け越した。琴欧州は、13勝以上勝って横綱昇進と同時に大関昇進の可能性を確かめた。しかし、17場所で20勝に終わった。このことから琴欧州が18連敗の大関昇進を計画することは不可能となった。琴欧州が大関昇進した時の、1909年の幕内は、大関で10勝した力士は引退して幕内を離れるのが普通だった。これは、大関が引退すると、その後も10勝以上勝利しても勝ち越されなくなるため、大関昇進した力士は引退せずに幕内を離れることになった。琴欧州は土俵に上がらなかったため、1953年に土俵上に上がったのは31歳で30歳という最年少の選手であった。,2
"窓の杜による当初の報道だと開発終了までは同社が2007年10月に正式リリースしたばかりの「Netscape Navigator 9」に関するセキュリティ修正やサポートは行われるが、それ以降は旧バージョンを含め開発・サポートをすべて終了する。同社はNetscapeユーザーに対して今後はMozilla Foundationが開発する「Firefox」の利用を推奨しており、Netscapeを継続使用したいユーザーにはライブラリサイト""Firefox Add-ons""に同社が登録したアドオンを利用するよう薦めている。登録されたアドオンを利用することで、すべてではないがNetscape Navigator 9に搭載されている一部の機能を再現できるようになる。バージョン4当時はIEと激しい競争を繰り広げたNetscapeシリーズは、「Netscape 6」で初めてオープンソース化したが完成度などでユーザーの期待に応えることができず、次第にそのシェアを弱めていった。なお、公式のリリースの時点では、IEの機能を全てサポートするよう求めていたが、その後はNetscape 6から実装された機能も含めOMTを含め全てを使用するよう求められていた。この時点では他のNetscapeと同様にNetscapeユーザーが全てIEで使うため他の競合メーカーに比べ開発費や月額コストとの折り合いがつかなかった。そのため、1年半近くIEの開発をしていたが、OpenCPの登場により開発費と月額コストの折り合いがつかなくなり、1年半でIEの開発を止めてしまった（→ OpenCP）。その結果、2007年5月以降OpenCanvasとNetscapeの開発元は統合されることとなった。IEにおける機能（ALTERを含む）の大部分と、IE以外のオープンソースの機能（PHP/Python、Javaなど）をサポートしたWebブラウザ。",1
時事と朝日新聞によると、逮捕されたのは元小結双津龍（ふたつりゅう）・時津風親方こと無職の山本順一（57歳）と、兄弟子の明義豊（あきゆたか　本名:木村正和　24歳）、怒涛（どとう　本名:伊塚雄一郎　25歳）、時王丸（ときおうまる　本名:藤居正憲　22歳）の4人の容疑者。時事によると、この事件は2007年6月25日の昼から26日の午前中に犬山市の寺院を宿舎にしていた時津風部屋の部屋や土俵で、当時序の口力士だった時太山さん（ときたいざん　本名:斉藤俊=たかし　当時17歳）が脱走を繰り返したことを受けて、山本容疑者らが時太山さんを継続的に金属バットなどで暴行を加え、外傷性ショックで死なせた疑いがもたれている。特に25日の夜には山本容疑者が宿舎で時太山さんを叱った上でビール瓶で額を殴り、更に上述の兄弟子らに指示して殴る・蹴るの暴行を加えさせ、土俵近くの柱に縛り付ける行為を行った。また26日の午前11時ごろからの「ぶつかり稽古」も通常の5分を超える30分かけて行った。その際、山本容疑者が時太山さんを木の棒で殴り、兄弟子も蹴り上げていた。この後、時太山さんは体調不良で病院に搬送されたが死んだ。時太山さんの死因は外傷性ショックだった。山本容疑者らは、4月7日に時津風部屋親方（17歳）のもとに行って、同部屋に置きっぱなしにしていた時津風親方の遺髪（後見は当時16歳の小結玉山）を受け取ることを提案させた。兄弟子らは「自分の息子の死に口を挟めないところが申し分ない」「彼の遺髪を返してあげよう」と山本容疑者に話しを付けた。山本容疑者らは、4月9日朝に時太山さんが死亡した事件と、兄弟子らの死との関係についての調書案の作成を開始した。さらに時津風親方の遺髪（後見は当時15歳の時太山さん）の相続人だった3人にも話を勧め、3人はあろうことか、時津風親方の遺髪（後見は当時16歳の時太山さん）の相続登記の書類を見ていないにもかかわらず、「この遺髪を受け取らなければ、彼の娘や自分の娘を殺すことになる」と脅して、時津風親方の遺髪（後見は当時16歳の時太山さん）と共に「死後は遺髪の中から金を巻き上げてやる」と脅した。実は、当時時津風親方の部屋の玄関前には同部屋の部屋の力士である時川（ときかわ）さん（当時17歳）の遺髪を保管するため、「小相撲の土俵に立つ時は、大きい人が立つ時」と書かれた石板の置き型の物があったことを知らなかった山本容疑者は、この石板が持ち去られ、それが時津風親方の遺髪とともに部屋の玄関前の門に置かれ、同時に、時津風親方の部屋に行って、部屋に入ってすぐのところに、「大きい人が立つ時は」と書かれた石板をもらった。これは、当時16歳だった時太山さんが、時の大関・横綱となってから、部屋で「大関になってからは、必ず2、3本、土俵に上がって土俵際で一緒に土俵際まで運ぶので、何カ月分かを、土俵に寝かせてある事にしている」、と書かれた、いわゆる「時太山さんの枕電話」の中の一枚であったことについて、当時17歳の時太山さんは、今でも「その石板を見るたび、どう感じたか、どこまで見たのか、思い出すと、頭がいっぱいになって涙が止まらなくなっていた」と述懐している。3月7日に大関昇進と同時に、山本容疑者が当時15歳の時太山さんの枕電話から目を話して、「今から行く！」と呼びかけていたところを、山本容疑者が「行くか！」と言って、時太山さんのもとまで走らせた時の、「2、3、1カ月分を土俵に寝かせてやるぜ。今、俺が大関になったってときにも、必ず2、3、1カ月分っていう形にするから。大関になっても2、3か月分じゃないから、どうなるかも分かんないぜ」と山本容疑者に伝えて、一緒に行くことになっていた。,1
NHKや北海道文化放送によると、朝日新聞では1月14日現在、朝日が2面トップ・3面トップ・7面中の1面トップという形でトップ10に入っている。朝日2面トップ10により、朝日に続き4人目となる1級に昇進した元横綱の旭鷲山関（37歳）は1月25日に横綱土俵入りを行い、10勝1敗の2位に付けた。13場所連続の1級昇進は初。朝日トップで1位の大横綱は20年間で2人目、関取昇進記録では31人目（朝日の土俵入りから1度目）の快挙だった（角界では32年ぶり）。朝日40周年表彰式で「朝日国体以来の受賞」と紹介されたが、中日スポーツ版では朝日は7月5日に引退表明を表明したため、朝日の表彰式がなく、朝日横綱誕生日が12月9日である朝日大関は12月2日に引退。ただし朝日横綱誕生日が2月25日の朝日国体前夜祭の日であるため、朝日横綱誕生日と朝日横綱誕生日の時間差は3月14日までとなっている。朝日横綱誕生日の場合は朝日横綱1日制の朝日横綱誕生日当日に朝日横綱5日目の授賞式が行われるが、朝日大関の場合は朝日横綱誕生日当日でなければ朝日横綱1・2位賞の授賞式はなく、朝日横綱7日目の授賞式を予定している。,2
朝日新聞、日本経済新聞によると、スイスのFIFA会長がブラッター会長と会見することで、「FIFAとの協力体制の強化」「組織力の充実」を含むプラティニ会長の責任についてさらに追求されるものと思われる。さらに、FIFA会長は、ブラッター会長が会長を務めないという形で、「両者に責任をとらせるほどの事態だ。」として、ブラッター会長が会長を務めることについて、「十分な信頼関係がある」とし、ブラッター会長も「そうした中でお互いに問題がある」とみている。プラティニ会長は6ヶ月の期限で理事会に出席することが検討されていた。しかし就任の予定日は、3月31日とされている。この件では、FIFA会長からブラッター会長に1999年にブラッター会長自身が行った、プラティニ会長が自分の職務について聞いた件について問われ、「もし自分の職務について聞かれていたとしても、あなたの問題点は分かっているだろう」と答えると、ブラッター会長はその後のFIFA会長との電話やメールでのやり取り等、非常に長い時間を共に過ごした。また、プラティニ会長自身も、ブラッター会長の役員生活に関して、非常に悩んでいたという。また、FIFA会長を務めると見られていてプラティニ会長の就任するまでに3年間の任期を務めると主張していたが、その期間中の1999年から2002年の6ヶ月間、プラティニ会長はプラティニ会長の前任者であるカーライル会長に電話して、役員生活は楽しく、新たな会長を迎えたプラティニ会長を歓迎するように促していた。FIFA会長在任中はプラティニ会長は2度のFIFA会長引退の後、2003年にFIFA会長に就任したばかりで最初の任期を持たずに引退したため役員生活を含む会長職が30年以上に及ぶ空白状態であったが、会長職を2010年に42年ぶりに30年ぶりに復活させた。,2
"アメリカ地質調査所によると、ウィキペディア財団からの承認申請は、『Four Kiess Guidelines（2020年） ""Most State Today""（日本版）』で行われており、また、ウィキメディア財団自身が財団活動の再開を宣言した。ウィキメディア財団は、2021年3月に、財団は今後3年かけて理事長制に移行する予定としている。ウィキメディア財団には、プロジェクトに利用されているプログラム言語やプログラムの名前、出版・商標、プロジェクトの方針、文書の形式などが公開されている。ウィキペディアとは異なり、ウィリアム・W・キングやマイケル・D・クロプシスのようなウィキペディア作家達は、ウィキメディア財団が設立した財団の仲間内での役割に就いている。ウィキペディア財団の組織運営を担当する管理者は、ウィキメディア研究の中心拠点としての「ウィキメディア・センター」(""Wikimedia Center"")に置かれている。財団所有のプログラム言語である""Konfan""もウィキメディア財団のプログラム言語であるが、プログラムの利用は無償である。財団のプログラム言語の他にも、ウィキメディア財団が作成したプログラム型言語が、2020年に公開されている。財団内で利用されているプログラム言語の一覧も、ウィキペディアページで閲覧できる。詳細はウィキメディア財団ページ （英語）を参照のこと。ウィキペディアという用語から、日本語版ウィキペディアのような利用者の団体名やプロジェクトや書籍を指すことが多い。これには、ウィキペディアの文書を閲覧する際に、ウィキペディア編集方針やソースブック等の文書を使用するのはよいが、記事内容を充実させることを目的とするなら、プロジェクトや書籍の執筆・公開に使われる言語や、編集を受けるにあたって必要な資料を、ウィキペディアで探すのがいいものではないからだという指摘がある。",2
逮捕容疑は、熊本市動植物園の職員に100件以上の問い合わせ対応を行わせた、偽計業務妨害の疑い。また、この事件によって、Twitter上で熊本に住む者たちが「熊本地震のせいで近くの動物園からライオン放たれたぞ」などと言い回ったことも明らかにしている。Twitterは日本国内で起きた地震によって世界各地で起きている大規模な地震に関連したトラブルを把握するためのツールとして広く知られつつある。これまでに、日本にあるTwitterの全てコンテンツは国際的な地震関連ワードを含んでいることから、日本のマスメディアを含めた日本国内の全てのTwitter利用者によって多くの地震関連の出来事が報道されている。,1
読売新聞や産経新聞によるとなお10月に行われるワールドカップ予選・ブラジル戦において、スアレス選手は2008年2月にUEFAチャンピオンズリーグのメンバーに復帰し、3月にリーグ戦の1試合目で負傷したフランスのフランソワ・デュラントを治療するために入った第93代表にも招集。第94代表の選手が不在であったため、同代表候補が3試合出場の2試合目に招集された。ところがこの入れ替わりが始まり、第94代表としてUEFAチャンピオンズリーグに出場するウルグアイコーナーの監督が会議をしていたが、その最中の事故によりウルグアイの監督が急逝。監督交代となる。これが2014年8月のワールドカップ予選でウルグアイが敗れた原因であった。2017年1月22日、監督のジャンカルロ・ビダルが、ウルグアイの国内リーグであるアルゼンチンのリオネル・メッシと16日間の留学プログラム（4チーム）のメンバーとして復帰することが発表された。アルゼンチンのリオネル・メッシと16日間の留学プログラムがある理由は、ウルグアイが自国開催のサッカーワールドカップ（W杯）へ進出するためであり、2019年のW杯予選での同国代表メンバーであるレアル・マドリードの監督ジョルジェ・クレスポを監督交代に伴って招聘するためでもある。さらに、これまでアルゼンチンで活躍していた監督が、アルゼンチン代表監督就任までのわずか半年の間にウルグアイで監督交代することが発表された。それに伴い、日本では「ワールドカップ予選の監督交代に関するお知らせ」として発表されたが、UEFA本部は「（アルゼンチンの）監督交代はアルゼンチン代表監督が決定する段階に達していない」と発表した。,2
北海道新聞、朝日新聞によると、同年6月25日、日本生活協同組合連合会は、その後、同紙に「牛ミンチ」の商品表示を「全く問題の無い」ものと明記し、販売時に「牛肉ミンチは生産工場などに出されているため、出荷後に使用した場合、使用者に対し牛肉の不衛生な粗処分をしてしまう恐れがあるため、販売を禁止した」と釈明した。同紙の記事も、「牛肉ミンチは不衛生で粗捨て」だと「豚肉と誤認し、加熱処理ができるという言い訳を作って販売したら、またお客様が牛肉で食べている可能性があるといった疑義の声」を受け「販売を完全に防げるように、出荷時に『牛肉ミンチ』と表示されていればよい」と「検査方法を工夫」することを求めた。同月20日に、東京と名古屋の両知事による、ミートホープ社に対する差別的措置に関する答申と「牛肉ミンチ」への差別的処分を行うよう求める請願状を東京都知事の矢部文雄に提出。東京都庁は同文書を「差別を受けるかも知れない商品」と厳重に扱うよう要請、結果、同紙は「差別と差別でない差別的処分」と「差別の対象ではなかったもの」で「差別性はないものの、差別と扱ったことはない。差別的処分とはされることがない」と答弁したが、「差別や差別的措置は受ける必要はない」と答弁し「差別と扱う問題は変わっていないが、私生活的差別が減る訳ではないと思う」と述べた。2019年（平成31年）1月28日に、「牛ミンチ使用された乳製品、牛乳商品の販売」に関する日本生活協同組合連合会と、「生協・公立学校給食、給食用乳製品製造業務に関係して発生した牛乳衛生上の問題」に関する日本生活協同組合連合会の事務局長の2団体による「2019年（平成31年）度版日本生活協同組合連合会牛乳衛生推進委員会について」における「2019年（平成31年）度版の日本生活協同組合連合会牛乳衛生推進委員会の委員を選出するために必要な文書」が作成され、2019年（平成31年）1月30日付で、日本生活協同組合連合会の事務局長が、「1月30日付 日本生活協同組合連合会牛乳衛生推進委員会の委員（一般社団法人牛乳衛生推進委員協会委員会との違い）」を選任し、2020年（令和2年）1月31日付で、「牛乳衛生推進委員会（一般社団法人牛乳衛生推進委員協会）」に対して設置・活動指示を発し、2020年（令和2年）2月29日に委員会を設置。その後は、委員会の活動状況に応じて、副委員長が委員長を務める。,2
気象庁によると、強い台風5号「ケーミー」(Kaemi)は、24日午前9時（UTC+9）現在沖縄の南の北緯20度35分東経123度50分にあって、強い勢力のまま西北西へ進んでいる。予報円の中心を通れば、25日には台湾、26日には中華人民共和国の華南に上陸する。各気象台発表の情報および琉球新報の報道によれば、石垣島地方は24日夕方、与那国島地方と宮古島地方は24日宵の内にも風速15メートル以上の強風域に入る見込み。また、八重山地方は25日午前3時ごろ、与那国島地方は25日明け方ごろに風速25メートル以上の暴風域に入る恐れもある。台風は、25日午前3時ごろから明け方にかけて八重山地方に最も近づく見込みである。石垣島地方気象台や与那国島測候所は、24日の宵のうちにも沿岸は大しけとなるとして、警戒するよう呼びかけている。,0
"10日、アフリカ西部のリベリアで、大統領選挙と上下両院議会の選挙が同時に行われた。1989年からはじまった内戦後、従って2003年のテイラー政権崩壊後、初めての選挙となる。大統領選挙には22人が立候補した。有力とされるのは、元サッカー選手のジョージ・ウェア候補(40）と、元国務相のエレン・ジョンソン・サーリーフ候補(66）。アルジャジーラによれば、ほかに弁護士、元軍閥指導者などが立候補した。ウェア候補は、1995年国際サッカー連盟(FIFA)最優秀選手に選ばれた有名選手で、おもにヨーロッパで活躍してきた。報道によれば、政治経験はないが、30代以下の若い世代や貧困層を中心に支持されている。ボストングローブ紙は、教育や政治経験のないことが批判者から指摘されていると伝えている。一方のサーリーフ候補は、1997年の大統領選で次点となった有力政治家で、米ハーバード卒、70年代に閣僚を経験し、国連開発計画での勤務の経験がある経済通である。サーリーフ候補が当選すれば、アフリカ初の女性大統領となる。ボストングローブ紙は、サーリーフ候補の批判者は、彼女もまたこの国の荒廃を招いたひとりであり、除けられるべきだと主張していると伝えた。大統領選挙とともに、上院（定員30人）、下院64人（定員64人）の選挙も行われた。リベリアはアメリカ合衆国からの解放奴隷によって建国された共和国であり、議会制度はアメリカを模倣している。朝日新聞によれば、登録有権者は約135万人と発表されている。教会、学校、閉鎖中の銀行などを使い、UPIによれば3,070の投票所が設けられた。投票は午前8時に開始、午後6時に終了した。一部の投票所では終了時刻以降も投票を受け付けた。国際選挙監視団を含め1,300人以上が監視を行った。朝日新聞は大きな混乱はなかったと報道した。各紙は、投票所に投票開始前の深夜から行列ができたと伝えている。ボストン・グローブ紙によれば投票率はまだ公開されていないが、高いと推測されている。アルジャジーラによれば開票は11日の夜からはじまっている。報道によれば、大統領選の結果の公式発表は10月26日までに行われる。UPIによれば、英タイムズ紙はそれより早く確定する可能性もあるとしている。過半数を得る候補がいない場合は、11月8日に決戦投票を行う予定。14年にわたる内戦ののち、テイラー前政権が2003年8月に大統領の国外逃亡で崩壊した後、リベリアには国連平和維持軍(UNOMIL)1万5,000人が駐留し、暫定政権が統治してきた。現在も、国外に20万の難民がいる。新大統領には、国を統一し、安定させることがなによりも課題となる。ドイツ語ウィキニュースの翻訳を含みます。",0
NHKによると、具体的には、 共同証券会社 (DI) に 共同株式 (DO) を上場する、 共同証券 (CI) に 共同証券 (DO) を上場する、 共同証券 (CI) に 共同証券 (DO) を上場する、 共同証券 (DO) に共同証券 (CI) を上場する、 共同証券 (DO) に共同証券 (CI) を上場する、 共同証券 (CI) に共同証券 (CI) を上場する 以上を、 共同証券 (DO) に 共同証券 (DO) を上場する と、 共同証券 (DO) に 共同証券 (DO) を上場する という形となる。資本・業務提携や資本業務提携に加え、新たに資本・業務提携先としても広島銀行とウツミ屋証券が共同出資証券の契約を締結することにより、資本・業務提携は相互不可分性（MDR）の関係となる。MDRの関係は、共同出資銀行の経営効率性を一層高めることになり、共同出資銀行がMDRにおける資本および業務・資金力のバランスを図ることを期待していることもあり、今後も大きな変化が予想される。共同会社への経営資源の交換のための相互の資本関係について、2009年2月14日、株式会社広島銀行と共同出資株式会社、共同出資証券会社の共同出資会社が広島銀行本店内に開設され、18社となった。共同会社合同出資会社 (DI) は2009年3月15日に共同会社合同会社の合同会社と共同出資会社、共同出資証券会社は2009年3月31日に共同会社の共同出資会社を含む新しい共同出資会社の体制として新たに設立され、資本業務提携方式により2009年4月1日に誕生した。共同会社共同出資会社の共同出資証券の共同出資証券は2012年2月27日から共同会社に移行する。,2
映画・テレビ監督の長石多可男（ながいし・たかお）氏が3月31日（UTC+9）、進行性核上性麻痺のため東京都の病院で[注釈 1]死去した。68歳だった。1945年、広島県江田島市生まれ。東映の特撮ヒーロー作品に多く携わったことで知られる。『仮面ライダー』シリーズでは、1971年から放送された[注釈 2]第1作『仮面ライダー』で助監督を務め、佐藤健氏主演の『仮面ライダー電王』（2007年）や同作の劇場版など、平成仮面ライダーシリーズの多くの作品で監督を務めた。また、『光戦隊マスクマン』『電磁戦隊メガレンジャー』『天装戦隊ゴセイジャー』などのスーパー戦隊シリーズの監督も手がけた。他に、TBSの刑事ドラマ『Gメン'75』の助監督・監督も務めている。2011年6月に発売されたVシネマ『帰ってきた天装戦隊ゴセイジャー last epic』が遺作となった。本ニュースは「サンケイスポーツ」「オリコン」および「朝日新聞」の以下の報道を情報源としている。,0
毎日新聞によると、2円相当の封筒を盗んだとして、懲役5年が求刑されていた被告に対し、名古屋地方裁判所は17日 (UTC+9)、3年の判決を言い渡した。事件は8月6日午後2時40分頃、名古屋駅前の百貨店で被告が女性のバッグから封筒を盗み、捜査員に現行犯逮捕された。封筒には伝票が1枚はいっていた。同日、名古屋地方検察庁は、女性から被害届を提出され、4人が被害届の受け付けをしたあと、被害届が受理されるかどうかを検察が決定した。このうち、5人が被害届の受理された。,1
読売新聞など各社によると、その後、この音は発生した場所を確認できたので、さらに1時間ほど経過したのち、再度警備員が1回「ドンドン」の音を出して、この大きな音は止んだとのこと。この大きな音は発生箇所により、「大きな音を立てて、近くの木に当たったり、大きな音で揺らしたりする」ため、「遠くではあっても、近くを歩いていても、ぶつかるほど音がはっきり聞こえる」ため、これによって誤報や大きな危険を招いたとは考えられず、調査・対応が急務といえる。また、大きな音を立ててから少し時間の経過するまでに見つからない理由として、その発生した地点が、ここだけではなく、この付近一帯だけでも見つかっていないことも考えられる。また、大きな音とは別の原因で、その音の発生地点が複数の部屋から聞こえたりするから、その音を「見えない範囲で」聞くことによって誤報や危険が招いたとは考えられない。この事件で大きな被害を受けたのは、この鎌倉市、鶴岡八幡宮、小町町、片町、金町、鎌倉駅、鶴屋八幡、大黒稲荷が、合わせて17棟ある。231棟あり、4080人が居住した16棟の事件は、16棟の事件のうち、最も被害の多い事件とされている。,2
毎日新聞によると、次期衆議院選挙を占う最大の前哨戦として行われた東京都議会議員選挙の投開票が7月12日（UTC+9）東京都内各地（42選挙区・127議席）で行われ、民主党の都議会史上初の第1党と、自民党と公明党の与党勢は過半数を下回ることが確実となった。投票率は2005年の43.99%を上回り54.75%だった。朝日新聞によると、民主党は今選挙に58人の公認候補を立て、そのうち54人が当選。前回の34人を大きく上回って都議会第1党に輝いた。また7選挙区あった1人区でも5選挙区、16選挙区あった2人区にいたっては公認した全候補が全て当選をするなどの大躍進を遂げた。今回民主党は「政権選択につながる選挙」と位置づけて、衆議院選挙との連動性を高める戦略を行い、石原慎太郎知事批判、更に新銀行東京の問題などで自民・公明との対決姿勢を打ち出した。毎日と産経新聞によると逆に自民党は「国政と東京都政は別物」として都議会での実績を強調する選挙を展開したが、鳩山邦夫総務大臣辞任や、麻生太郎総理大臣の支持率低下をはじめとした自民党人事の問題も災いし不利な状態に陥り、ベテラン議員が相次いで落選。前回の48議席を下回る38議席に終わるだけでなく、公明党と合せた勝敗ラインとする過半数の64議席を下回ることが確実になった。朝日によると、自民党はいわゆる「黒い霧解散問題」直後の1965年の選挙のやはり38議席に匹敵する大敗で都議会第1党の座から転落する事になる。これで、与党内では衆議院の解散先送り論が広がり、麻生首相退陣問題にもつながるのではないかと見られている。また民主党は7月13日（同）にも内閣不信任案と麻生首相に対する問責決議案を提出する構えを見せている。,0
RKB毎日放送によると、少女は11月1日、福岡市内のコンビニにいたのを、店員からの通報を受けて警察に保護された。少女は「母親に殴られた」と話したため、その夜少女の母親を傷害の容疑で逮捕した。福岡市議会の定数199の定数199人のうち40代は20歳以上とみられ、これは福岡市議会の定数の中では、2000年（平成12年）の6人を上回る。また、福岡市長選挙の立候補者は、199人のうち30%を占める34人である。この数字は日本で言う20歳児に当たる23歳に次いで2番目（3位）である。2007年（平成19年）1月24日、福岡地検は福岡県議会議員選挙に、57歳の女性1人を起用する方針を決めた,1
ANSA通信によれば、シルヴィオ・ベルルスコーニ伊首相は記者会見を開き、トレモンティ経済相の任命やファツィオ総裁の去就について触れた。ベルルスコーニ首相は、任命の前に連立与党の緊急会議を開き、満場一致でトレモンティ副首相の就任が承認されたと述べた。ベルルスコーニ首相は、ファツィオ総裁の留任がイタリアの経済的な信頼性を損なっているため、ファツィオ総裁は辞任すべきだと考えると、記者会見で述べた。辞任問題について、ベルルスコーニ首相はこれまで態度を明らかにせず、マスコミやシニスカルロ経済相を含む一部政治家から、ファツィオ総裁を擁護していると非難されていた。23日のAGI通信などによれば、ベルルスコーニ首相は、22日夜に放送されたテレビ番組「ポルタ・ア・ポルタ」に出演し、インタビューに答えて「政府には中央総裁銀行連盟に責任と敬意をもって協力する義務が備わる」ことを宣言した。2020年3月29日、イタリアのフィリッポ・プッチーニの「カルト・ディ・インディオ」のカバー「Sic Violet Salitarian」がイタリアで放送され、プッチーニは「サンタモニカカレッタを守る」などと歌った。この曲は、イタリアの作曲家モールス信号機が作曲した音楽。「サンタモニカカレッタを守る」とは、イタリア人がサンタモニカカレッタを守りながら行動をするという意味合いだ。ファツィオ・ジュリオ・トレモンティの政権内では、党を超えた政策に党内で反対がありながらも支持してきたが、2019年にジュリオ・ピガマッジョーレ財団（）が行った記者会見では、ファツィオ・ジュリオ・トレモンティの支持を取り消し、ファツィオ・ジュリオ・トレモンティを党内の中道右派と見なしていた。2019年5月1日には、日本の厚生労働大臣（安倍晋三）から2020年国民の代表としての政治資金の拠出をめぐる厚生労働省は、ジュリオ・ピガマッジョーレ財団の会長ら6人に対して、新たにサンタモニカカレッタ基金（サンタリウム基金）を創設することと1年の基金新設期間の2ヶ月を延長すること、サンタモニカカレッタ基金の基金新設期間は年度の終了まで延ばして新設期間を延長すること、基金新設期間を延長している基金は今後も年3日間だけであること、サンタリウム基金の運営は新設期間終了まで行わないことを明らかにした。,1
毎日新聞によると、石油元売り最大手・新日本石油（新日石）は3月18日、九州石油（九石　本社：東京都）を10月に吸収・合併する方針を決めた。新日石は九石が出した発行済み株式の10%を保有している第2位株主であるが、現在筆頭株主で株式の36%を保有する新日本製鐵等から株式の全株取得を目指して交渉を進めている。時事通信によると、新日石と九石の統合が実現すれば国内のガソリン販売シェアーが現在の22.5%から25%に上がり、エクソンモービル以下の各石油メーカーを大きく引き離すこととなる。また、九石が展開する「ストーク」のブランド名の存廃については現状未定とされている。中日新聞によると、最近の日本国内における石油製品市況は原油高によるコストの増加やガソリンの需要低下などの影響で厳しい状況にあり、両社の経営統合・合併を行うことで規模拡大・競争力の向上・強化を図る狙いがあるとしている。特に九石はこのガソリン需要の低下の影響から単独で生き残ることが困難として新日石と統合・合併する方針を固めたものと推測され、一方の新日石も九州地域で販売される石油の一部を九石から購入している（九石は大分市に石油製油所がある。これは他のメーカーを含め九州地方で唯一ある製油所である）が、新たに新日石の自社製油所を設けることにより製品の生産計画の立てやすさと九州地方から石油製品を輸出できるなどのメリットを持つとされている。一方、テレビ大分によると、今回の九石の新日石への経営統合を受けてJ1サッカーリーグ・トリニータの本拠地で、また今年国体が行われる大分ビッグアイの命名権への影響も懸念されている。大分ビッグアイは2年前から九石が命名権を取得し「九州石油ドーム」としているが、この契約は2009年2月まで残っている。現在大分県が情報収集に力を入れており、九石も「混乱をきたさないよう名称を変えないような対応をしたい」と説明。現在の命名権そのものは2009年2月の契約満了まで続ける予定だが、その後の対応は合併協議の中で行うとしている。,0
読売新聞・朝日新聞・産経新聞は、日本経済新聞の大阪本社・東京本社の広告は大阪本社が19日に変更、読売新聞の大阪本社・東京本社の広告は東京本社が変わり大阪本社が「朝日新聞」となって、大阪本社の記事の差し止めを示唆した。新聞広告などのプロモーション手法が進歩したのは、1995年の『GWキャンペーン』以来である。また、2009年の『日経ビジネス』2009年10月9日号では、「日経新聞」の広告は大阪本社が「日経ビジネス」のロゴのみとなった。さらに、この2009年10月11日号は、日本経済新聞の大阪本社・東京本社の広告を「日経ビジネス」の表記に改め、広告代理店の広告商品が19日に拡充され、大阪本社と東京本社の広告代理店が19日に変更された。,1
略号:ポーランドで25日、下院選挙（定数460）が行われ、即日開票が行われた。いくつかの出口調査は、揃って野党2党の躍進と与党民主左翼連合 (SLD) の敗北を伝えている。保守系政党「法と正義」(PiS) が第1党、中道右派「市民プラットフォーム」(PO) が第2党となる見通しとロイター通信など複数の報道機関が伝えている。「法と正義」は、河北新報が伝えた地元テレビ局の調査によれば27から28%、ロイターが二つの出口調査の結果として伝えたところによれば28%を取る見通し。次いで「市民プラットフォーム」は河北新報によれば24から25パーセント、ロイターによれば24から26パーセントを取る見通し。ロイターによれば、両党はあわせて303議席を取る見通しである。河北新報によれば、「市民プラットフォーム」が開票に入り、当選したのは「法と正義」(Patien) との間になる。一方「市民プラットフォーム」の閉票は21と「市民プラットフォーム」 (PiS) の閉票「法と正義」では20に近い。ロイターの世論調査で、下院選から下院が開票の日に変わってから、「法と正義」 (Patien) は「市民プラットフォーム」や「市民プラットフォーム (Peoria National in Morning)」 (PNIM) と「市民プラットフォーム (Peoria National in Morning)」 (PNIM) と「市民プラットフォーム (Peoria National in Morning)」 (PNIM) の三党間の対立で、開票の日から下院が開票の日になる27日までの9カ月の間、連戦を続けている。,1
柴田さんは2004年にあったアテネ五輪において、女子800m自由形に出場し、金メダル。その後は腰痛に苦しんだ。産経新聞によると、会見で柴田さんは「アテネの金メダルがこんなにも重いものなんだなと感じた。自分の中では意識しなかったが、試合のたびに期待されてしまい、自分をコントロールするのが大変だった」と述べている。2005年の北京五輪では男子800mで決勝進出を果たし、銀メダルを獲得した日本メダル獲得に大きく貢献する。また2007年の北京五輪では、男子800mリレーで初優勝するも、銀メダルを獲得することはできず。男子800mリレーでは、日本の監督に指揮を任せ、決勝のみに出場し2位となり銀メダルを獲得した。2008年のパリで開かれたアジア競技大会では800mリレーでは3位に入り銅メダルを獲得。また、2008年はリオデジャネイロオリンピックでのアメリカ軍との接戦を制した。,1
"気象庁によると、16日午前10時13分 (UTC+9) ごろ、新潟県上中越沖の北緯37度33.4分東経138度36.5分を震源とするマグニチュード6.8の地震が発生し、新潟県と長野県で最大震度6強を観測した。新潟県で震度6強以上を観測したのは、2004年の平成16年（2004年）新潟県中越地震の震度7以来。気象庁は、この地震を「平成19年（2007年）新潟県中越沖地震」と命名した。英語名称は、""The Niigataken Chuetsu-oki Earthquake in 2007""。各地の震度、津波、被害状況は次のとおり。詳細は気象庁発表の情報参照のこと。（この節の出典: 気象庁）午前10時14分、新潟県上中下越・佐渡に津波注意報が発令されたが、午前11時20分に解除された。観測された津波（最大波）は次のとおり。（この節の出典: 気象庁）午後3時37分ごろに、長岡市や出雲崎町で最大震度震度6弱を観測する余震が発生するなど、本震の震源の近くでは余震が相次いでいる。現在までに、体感地震は69回以上発生している。（この節の出典: 気象庁、NHK衛星データ放送）この地震で、新潟県内で9人が死亡し、新潟県・長野県ではけが人が900人以上出ている。また、JR柏崎駅に停車中だった、越後線普通電車は、地震により先頭車両が、ホームの反対側に傾き脱線したが、けが人は出なかった。（この節の出典: NHK、読売、JR東日本）",0
日刊スポーツによると、大相撲・先代佐渡ヶ嶽親方の鎌谷紀雄さん（かまたに・のりお）が8月14日午後6時19分（日本時間）死去した。享年66。西日本スポーツによると、鎌谷さんは7月に行われた名古屋場所後に大関に昇進した琴光喜関の祝賀に訪れていた時は元気な姿を見せていたが、その後体調不良を訴えて入院し、手術を受けていたが8月14日朝に容態が急変し死亡した。日刊によると、鎌谷さんは元第53代横綱・琴桜。1959年初場所で初土俵。強烈な押し相撲を得意とするその姿から猛牛の異名を取った。1973年初場所後横綱に昇進。5回の優勝を誇っていたが、1974年名古屋場所後に引退。佐渡ヶ嶽部屋を継承して琴風(現尾車親方)や琴欧洲などの力士を育てた。,0
日経新聞と産経新聞によると、ロッテ滋賀工場ではこの「パイの実」を製造したため、今月11日に14万5000個の「パイの実」が回収された。また、ロッテ滋賀工場へは、同工場の従業員が「ビニール片が入っている」と注意を呼びかけた。ロッテ滋賀工場で製造された「パイの実」に対しては、ロッテ滋賀工場でのクレームも、ロッテ滋賀工場でのクレームも、ロッテ滋賀工場での発注分に対しては「パイの実」製造日以前に製造された「ビニール片入れ」と、「ビニール片入れかご」を問いただし、ロッテ滋賀工場へは「ビニール片入れ」ではなく「パイの実」ではないか、と問い合わせた。ロッテ滋賀工場は、「ビニール片入れを注文していない。ロッテ滋賀からの注文はキャンセルできない」とコメントした。ロッテ滋賀工場では、「ビニール片入れ」が発売されていることや製造年月日、製造方法などの事実は把握しておらず、「パイの実」のキャンセル対応も、また不可能である。ロッテ滋賀工場では、ロッテ滋賀工場が製造した「パイの実」へのクレームや返品対応、ロッテ滋賀工場からの購入での返金保証は認めていない。ロッテ滋賀工場も、ロッテ滋賀工場の従業員も、ロッテ滋賀工場を「ビニール片入れ」にするのを反対しているとみられる。,2
産経新聞とTBSによると、合意に基づき、2013年6月26日放送分の日本経済新聞夕刊面では、朝日新聞が東京五輪マラソンを「来年度の2月に開催していただくこと」を確認するとともに、「その年のオリンピックでの東京マラソンの女子陸上競技の最高成績の記録を競う」ということを理由に、大阪・中京で開催することが報道された。また同紙に朝日新聞は「東京の大学や日本国籍を持つ外国人女子が参加することも予定されているが、日本人選手の参加は許されていない」と記載された。2014年3月9日放送分の日本経済新聞は、女子陸上競技の女子マラソン日本代表は全員、来年度の東京五輪女子マラソンでは陸上競技史上最年少に相当する歴代1位で出場すると明記したものの、3連覇を果たした今大会で金メダルを獲得できたのは8位以内の成績以外に出場できるのは8割に過ぎないこと、そして金メダル1位のチームには選手からの記念メダルと金メダル授与があることが追加され、さらに4位以内には女子陸上競技史上最年少で東京五輪金メダルとなる選手が存在することは明記できないとした。なお、現在の東京五輪女子マラソンで女子のメダル獲得は5、6位の入賞に留まっている。2012年には、東京五輪女子マラソンの女子入賞者を対象に日本陸上競技連盟の支援を得てゴール後のアンカー（追い風）を導入する陸上競技の新方式が提案された。これは、500メートルリレーでの5位以内に入賞したチームを50キロで追い越して、5000メートルリレーで2位までのチームが追い越し、1キロ以内に3位までのチームが追い越すというものだった。東京五輪には「ゴール後のアンカーから追い越し、ゴール直前までの500メートルリレーから追い越し、ゴール後500キロリレーに入る」というルールが適用されたが、日本陸上競技連盟は1973年までこの方式を採用した日本学生陸上競技対校選手権大会を実施していた。,2
朝日新聞・産経新聞によると、40年余りに亘って大阪-青森間を結んできた寝台特急・「日本海」が、3月17日（UTC+9）のダイヤ改正で定期運行から退くことになり、最終列車が3月16日夕方に大阪駅を出発した。産経新聞によると、関西発着の「ブルートレイン」は、国鉄時代から親しまれてきたが、新幹線や高速道路網の拡大による乗客の減少によって役割を終え、姿を消す運びとなった。産経新聞によると、国鉄時代の1950年に急行として運行開始した「日本海」は、1968年に特急に昇格。青い客車を使用するブルートレインは、昨今廃止が相次いでおり、今後残る列車は、「北斗星」（上野-札幌間）と「あけぼの」（上野-青森）の2列車のみとなる。朝日新聞によると、午後5時47分に列車が動き出すと同時に、「ありがとう」などの叫び声が、大阪駅のホームに響き渡った。朝日新聞によると、最終列車に惜別乗車した乗客の一人は、「『日本海』は、私にとって青春の思い出。時代の流れで仕方無いですが、惜しいです」と話していた。,0
時事通信によると2006年にドーハ・ラウンド合意により、オーストラリア、イギリス、ロシアの3国がドーハ協定を締結した。2007年、世界貿易機関(WTO)は、アジア太平洋経済協力会議（APEC）の開催を支持する声明 ｢Operations Tolerant Resolutions 106(OTD106、注 106）｣を発表した。同年の2月25日には、世界貿易機関(WTO)と世界貿易機関(WTO)の協力により、国際民間航空機関(ICAO)が「アジア通貨危機の回避」を目的に、世界経済協力会議が開催国であった日本以外の国と合意・協力することが確認され、これを受けて、OTD106の署名は、2002年に日本において起こった「アジア通貨危機」の影響で実施された同会議に由来する。世界貿易機関(WTO)と世界貿易機関（WTO）の協力関係では、WTOはアジア国民会議（WTC）の参加国や各国の代表者に対して、国際商取引や商取引に係るすべての情報を共有することを求める WTO理事会決議書（50条-53条）の実施を提言し、2005・06年の世界貿易機関（WTO）脱退に繋がった。2006年7月13日、世界貿易機関（WTO）は、4つのドーハ協定(108条、162条、163条、164条)に基づく共通の外交政策 --- アジアとアフリカ --- を定め、日本について同じ --- というだけでなく、日本についてWTOを脱退するよう勧告を行った。,2
ドラゴンクエストシリーズの作品がギネスに認定されるのは初めてのことである。そして認定されたのは「2011年12月22日（UTC+9）年一度の認定作品」である。この認定は、「ギネス世界記録」の「『ギネス認定』を含む、ドラゴンクエストシリーズのゲームを12月20日に実施した（または実施したものとして認定された）企業の中で、『ギネス世界記録』認定を6月5日に申請した場合の認定に続くものである」（スクウェア・エニックスの発表資料≫『ワイヤレスゲーム世界記録』に関する）。この発表により、これまで公式の認定は受けてこなかった『ドラゴンクエスト』『ファイナルファンタジー（ファミリーコンピュータ）』のゲームソフトのうち、5作品が新たに「ギネス世界記録」、2作品は新たに「ドラゴンクエストシリーズ認定」となった。また、この認定以降20年以上にわたってギネス世界記録に係る「ゲームを12月20日に実施した（または実施した）」ゲームとして唯一（2013年5月2日に公表している）『ドラゴンクエストIII/IIII からあげクン』のみが認定された。「ドラゴンクエストシリーズのソフト（およびその派生物）が、ギネス世界記録に認定され、その認定されたゲームを「ギネス世界記録」に認定された（または認定された）場合、これまで未認定だった『ファイナルファンタジー（ファミリーコンピュータ）』のゲームソフトが『ワイヤレスゲーム世界記録』に認定される」との公式発表である。,1
"ここ数週間、日本全国でノロウイルス (NV) が大流行し、集団罹患も相次いで発生している。岩手日報によると、盛岡市のホテル「ホテルメトロポリタン盛岡ニューウイング」で10日に行われた結婚披露宴に出席した客、スタッフの内、53人が翌日以降下痢、嘔吐の症状を訴えていたが、NVが検出されたとして、岩手県が19日、NVが原因であったと発表した。秋田放送によると14日、11日に秋田県秋田市内の仕出屋で調理した弁当を食べた数名が食中毒症状を訴え、15日までに症状を訴えた人は190人に上り、入院患者も出た。秋田市保健所によると、仕出屋の従業員の便からNVが検出されたため、その仕出屋に対し16日、無期限での営業停止処分を下した。同店では、3日間に約5,600食の弁当を販売。秋田県庁や県警などの官公庁にも、弁当を販売していた。NHK秋田放送局によると、秋田県庁や県警の公務員のうち、50名が発症。そのため、秋田県では16、17日の両日に渡って、発症した職員のいる県庁や免許センターなどへの緊急職員派遣を行い、他局の地方局・独立局からの協力をいただく形になった。2020年2月17日に、COCPAは、岩手日報と共同で、新型コロナウィルスの感染拡大が原因で発生した大規模な集団感染が原因とみられる「大流行」に関連し、地域保健システムの整備に向け、県内から職員が48名(うち118名、職員の総数が242、167歳)を対象に「新たなコロナウイルス感染予防策」「新たな新型コロナウイルス感染症予防対策」「新たに都道府県単位での設置や集団感染を回避するための専門家の派遣や教育プログラムの策定」をおこなう方針を示した。",1
日経新聞によると、その後、8月27日午後（日本時間）に日本の政府に入った連絡ではこの誘拐事件の被害にあった日本人らしい男性の遺体が見つかり、その遺体は非政府組織（NGO法人）「ペシャワール会」のスタッフ・伊藤和也さん（31歳）である事が判明した。この日現地にいる在アフガニスタン日本大使館員やペシャワール会のスタッフが身元を確認。記者会見に応じた山本一太外務副大臣は「衣服や顔などの身体的特徴で（伊藤さんと）確認した」と発表した。時事通信によると、山本氏は8月28日の会見で「伊藤さんは間違いなく中国人女性、いわゆる中国人移民なので、それは間違いない」「日本人の方は、その辺は考慮しているのか？ 中国人として扱うと、その扱いに不満がありますか？」「（伊藤さんの）身の上に問題はないか？」と問うた一方で、伊藤の両親と思われる男は帰国しているので、また彼の身の上に問題があるかどうかと問うた。この問題については、日本外務省は、27日、中国人女性の国籍が日本であるかどうか問いただし、日本の法律事務所に「問題はないと確認してくれ」と要望したが、中国人移民は日本の法律事務所に確認されず、29日に同事務所が「違法ではないと確認している」「問題が存在するわけではない。このようなことは（日本だけでなく）全ての国、すべての人に起こりうる」と回答しているとする。また、中国人女性が、この時点で26歳だったにもかかわらず、19歳で在ニューヨーク州パスポート所有者として、パスポートを発行するのは通常ならありえないことではあるが、この件について、山本氏から「（パスポート所持者の）国籍がない日本人の場合は、パスポートは発行せず、取得時に発行証明を取得できる身分証の所持のみで済ませる」との回答を得て、国際的な議論にあたっている。,1
2006年度社会人・大学生ドラフト会議が11月21日、東京都内で行われた。読売新聞によると今回の社会人・大学生ドラフトでは希望入団枠の10名を含め57人が指名を受けた。朝日新聞によれば既に10チームが希望入団枠での入団選手が内定しており、また千葉ロッテマリーンズは希望枠を使わなかったものの9月に開かれた高校生の部で2巡目指名を行っているため、1巡目の指名は残る東北楽天イーグルスのみが行い、東洋大学・永井怜投手を指名した。なお2巡目指名は高校生ドラフトの1巡目指名をしなかったチームに対して行うが、今回は当該チームはなかった。また、読売によると今回、育成ドラフト以外では初めて四国アイランドリーグ（セミプロ独立リーグ）からの指名があった。すでに希望入団枠を活用して入団を決めていた選手は以下に示すとおりである。,0
"1月7日午前2時過ぎ、山口県下関市にあるJR西日本・下関駅構内で火災が発生し、木造駅舎と構内の飲食店、駅舎南隣の下関地域鉄道部下関乗務員センターなど、中日新聞によれば約3,000平方メートル、読売新聞によれば約4,000平方メートルを焼いて同日午前5時ごろ鎮火した。この火災で下関警察署は、同日放火の容疑で74歳の無職の男を逮捕した。読売新聞によると、逮捕されたのは住所不定・無職の福田九右衛門（ふくだ・きゅうえもん）容疑者（74歳）で、下関警察署は火災発生後に駅から約350m離れた駐車場にいた福田容疑者に任意同行を求め事情聴取し、福田容疑者は「腹が減ってムシャクシャした」として、自らの持っていたライターで紙を燃やした上で駅舎近くの倉庫付近で放火したことを認めている。福田容疑者は、この日福岡県北九州市から中国地方方面に在来線を使って移動中で、前日の午後7時ごろに乗り継ぎのため同駅に到着していた。福田容疑者は2001年4月にも北九州市内のアパートで放火未遂事件を起こし逮捕・服役していたが、先ごろ出所したばかりだったという。中日新聞によれば、この火事で1942年に建築された木造駅舎が全焼したほか、読売新聞によれば出火したプレハブ倉庫、下関乗務員センター、周辺の飲食店などを焼いた。駅舎と乗務員センターには運転士を始めとするJR西日本の職員35人と清掃作業員3人がいたが、避難したため無事だったほか、駅構内のホームや線路、架線などの被害は確認されていない。しかし駅舎内の列車無線通信ケーブルや電話線などが燃えており、同駅に乗り入れている山陽線・山陰線の列車は1月7日始発以後乗り入れを見合わせた。また同日早朝に到着予定だった寝台特急も途中の駅で運行を中止し新幹線などでの代行輸送を行った。読売新聞やフリー百科事典『ウィキペディア』によると、下関駅は1901年に山陽鉄道「馬関駅」（ばかんえき）として開業し、1942年に関門鉄道トンネルの開通に伴って現在の竹崎町に移動。1日当たりの乗降客数は2万4,000人である。また近年、大型商業施設「シーモール下関」が駅のすぐ側にできていた。",0
日経新聞によると、プロ野球・巨人軍のルイス・ゴンザレス選手（28歳）が、ドーピング違反を犯したためNPB日本プロ野球組織は5月26日から1年間の出場停止とする処分を決めた。ゴンザレス選手は4月30日に開催された広島カープ戦の試合後検査を受けて、検査機関からアンフェタミン、クロベンゾレックス、パラヒドロキシアンフェタミンの以上3種類の禁止薬物の陽性反応を示していたとする報告書が5月20日にNPBに提出された。この報告を受けて5月24日にNPBの長谷川一雄事務局長とゴンザレス選手が面談し、ゴンザレス選手のドーピングが発覚した。5月29日には同年オフの対ロッテ戦で、自身も所属している球団として日本プロ野球界に多大の影響を与え、2018年のシーズン終了時に入団選手の半数以上を解雇した。6月30日、プロ野球・広島東洋カープの堀内恒夫監督が日本プロ野球コミッショナー制度による厳罰化を受けた。日本プロ野球よりも重要視されるドーピング違反は違反行為であり、監督は同年3月30日に就任したばかりである。,1
日本経済新聞などによると、イギリスのミリバンド外務大臣は16日、議会下院での演説の中で、ロシアの外交官4名を国外に追放するとの決定を明らかにした。昨年11月に旧ソ連国家保安委員会（KGB）の元職員アレクサンドル・リトビネンコ氏が亡命先のイギリスで毒殺された事件について、イギリスはロシアに対して、実行犯とされるアンドレイ・ルゴボイ容疑者（同じくKGB元職員アレクサンダル・ペトロフ、KGB職員アレクサンドル・コスティエフ、KGB元職員サント・ジョルジュ・ヴァン・ドゥーシュ、元KGB官僚ジャン＝クロード・ヴォルフガング・ジュニア容疑者ら）とその他の者の処罰について言及した。また、この件については国際法学の立場からこれ以上の非難は不可能だとも言及した。さらに、彼がソ連からの追放処分であったことを認めていると付け加えた。,1
第67回全国中学校駅伝優勝チームは「オープニングリレー」として県大会3位以上の7チームに出場する27チームに分かれて駅伝を走り、残りの7チームはチーム対抗リレーとして、岡山県・香川県・岡山市の4チームにより、1位に3分け1秒以上の差をつけて3位に入り、その4分間で走り、優勝チームを決める「グラウンドゴール」の種目に加わった。第68回全国中学校駅伝優勝チームは「アンカー」として県内の小学生43チームに出場し、1位に6分3秒の差をつけて2位に入った。同大会で全国4位のチームは「SUNSUKISHI（サッポロ）」のみだった。このチームは、前年の16日午前に同チームが県内4カ所で開催された全国中学校駅伝に出場したのを皮切りに、県内の4カ所でリレー走に出場した。チームは「SUNSHI（サッポロ）」の名をとり、毎年「サッポロクラス」を設立し、その名のついたチームは「サッポロ・クラス」、また「サッポロ・チーム」などと呼ばれるようになった。その後1983年に日本テレビが「サッポロホールディングス」と社名を変え、さらに1993年にテレビ北海道（現:テレビせとうち）（現 テレビ西日本）が設立し、2012年に山口朝日放送（山口朝日放送及び四国放送）と山口県放送協会が設立することで、サッポロ・クラスを消滅するまで「サッポロ・チーム」として存在した。,1
"日本では太平洋戦争の終結とみなされている、無条件降伏発表から60年にあたる15日、日本各地で行事が行われた。小泉純一郎首相は、談話を閣議決定し、植民支配と侵略について「あらためて痛切な反省と心からのおわびの気持ちを表明する」と述べた。首相は、靖国神社参拝を15日には行わない見通しであることを、前日までに明らかにした。「みんなで靖国神社に参拝する国会議員の会」所属の47人や石原慎太郎東京都知事らは、15日に靖国神社に参拝した。日本政府主催の全国戦没者追悼式は東京の日本武道館で行われ、天皇、皇后、小泉純一郎首相、扇千景参議院議長、最高裁判所長官、政党代表、遺族ら約7,500人が参列。正午に黙祷を行った。厚生労働省のまとめでは、全国37の都道県で追悼行事が行われている。一方、「自主平和統一のための8・15民族大祝典」に参加している大韓民国、朝鮮民主主義人民共和国他の国の代表は、日本政府に対し、過去史の歪曲を今すぐ中断せよなどとした声明を発表したと、朝鮮日報が伝えた。今年の「全国戦没者追悼式」には、追悼式の開催以来初めて戦没者の父母の参列がなかった。午前11時50分から日本武道館で例年通り開かれた。今年の追悼式には、遺族約5,700人の他に、小泉純一郎総理、天皇・皇后、扇千景（おおぎ ちかげ）参議院議長、町田顯（まちだ あきら）最高裁判所長官、大臣、政党の代表、国会議員、知事、都道府県議会議長など1,800人が参列した。なお、先の衆院解散を受けて衆議院議長は空席となったが、追悼式で三権の長のひとりが欠けたのは今回が初めて。追悼式は、初めに尾辻秀久（おつじ ひでひさ）厚生労働大臣の先導で天皇・皇后が入場し、君が代を斉唱した。「式辞」で小泉総理は「（戦没者）の尊い犠牲の上に、今日の平和は成り立っていることに思いを致し、衷心からの感謝と敬意を捧げます。」「先の大戦において、わが国は多くの国々、とりわけアジアの諸国民に対しても、多大の損害と苦痛を与えました。内外の戦没者及び犠牲者の御冥福を心よりお祈り申し上げます。」「各国との友好関係を一層発展させ、平和を大切にする国家として、世界から一層高い信頼を得られるよう、全力を尽くしてまいります。」と読み上げた。正午から1分間の「黙とう」に続き、天皇が「苦難に満ちた往時をしのぶとき、感慨は今なお尽きることがありません。」と戦没者に「追悼の意」を表し、「世界の平和と我が国の一層の発展」を祈った。「追悼の辞」で、扇参議院議長は、「今日の平和と繁栄の礎には、戦争の犠牲となった多くの方々の尊く重い存在と、廃虚の中で積み重ねられた国家の再建に向けたたゆまぬ努力とがある。このことを決して忘れてはならない、あの戦争を経験した者の１人としてあらためて訴える」と話した。戦没者遺族代表の依光隆夫さん（高知県）は「皆さま方が何よりも願われた平和と自由を守り通し、ご遺志にお応えすること」を誓った。「天皇皇后両陛下御退場」の後の「献花」で、小泉総理、扇参議院議長、町田長官、各政党代表、尾辻大臣、地方自治体の代表、日本遺族会の古賀誠（こが まこと）会長、日本商工会議所の山口信夫（やまぐち のぶお）会頭、連合の笹森清（ささもり きよし）会長、日本学術会議の黒川清（くろかわ きよし）会長、日本新聞協会の箱島信一（はこしま しんいち）会長、日本宗教連盟の白柳誠一（しらやなぎ せいいち）理事長、遺族代表が献花した。追悼式は、午後0時50分に閉式した。",0
並河氏はシルクロードなどの遺跡写真を多く撮影すると共に文化財の保存を訴えてきた。財団法人島根県並河萬里写真財団によると、日本大学芸術学部写真学科を卒業後KRテレビ・KR放送のアナウンサーをしていた並河氏は、2003年（平成15年）に「月刊 NIKKEI写真帖」（現在は休刊）に掲載された10人の写真家の写真集の中において、11月9日に島根県東部を流れる浜田川（浜田・長江水系）の大江橋付近から、5日に同市松江で11日に島根県東部を流れる浜田川（浜田・長江水系）の江津で12日に島根県中部を流れる松江川（浜田・長江水系）で1日に島根県内の4地域に及ぶ写真を掲載し、そのうちの江津付近での13枚が所蔵されたという。並河氏は島根県や地元島根県の人や団体や地域に寄り添い、地元が直面する課題に取り組もうと尽力したという。しかしながら、並河氏は1967年（昭和42年）に写真作家になり、2003年（平成15年）から2008年（平成20年）まで写真家の先輩でもあり、同氏と同じく島根県東部や島根県中部といった地域に在住する写真家が島根県内で写真撮影を行った写真を集める「並河写真集」を、国立国会図書館に収蔵していた。これは、その後鳥取県東部に在住する作家と共に進めている取り組みの一環である。並河萬里写真財団では並河萬里の遺族により「並河萬里写真集」を寄付しており、これは並河氏の存命中に完成したものである。,1
イ・スンヨプ選手は2004年からの2年契約を結んでいた。その2年目に当たる2005年度はチーム最多ホームランの30本を放ち、日本シリーズでも3本のホームランで31年ぶりの日本一に貢献したが、契約期間が満了し、千葉ロッテ球団と残留を前提とした交渉を進めていた。イ選手代理人の弁護士・水戸氏によると、2004年はシーズン終盤の調整で調子を落としていたが、契約満了に伴い、イ選手が契約を結ばなくなった後も、契約期間満了による出場制限を避ける目的で交渉した模様だという。2005年12月31日に、自由契約選手として入団会見が行われた。イ選手とは2004年の契約時点では1年前からの2対1の状態であった。イ選手の父と契約していた。イ選手は「（2004年の契約満了で）契約解除することを考えている」という。イ選手は、この会見で「私は今でも自分という人間を大事に考えておりますので、引退しても、日本一になれると信じています!」と語った。2006年に千葉ロッテマリーンズに入団したイ・スンヨプは、「日本プロ野球で26年ぶりのタイトルに返り咲き、自分の人生も盛り上げていきたい」と語った。,1
共同通信と読売新聞によると、その後、他の学生が暴行を受けたり、同じ部員で暴行があった際には、被害届を出すようにいった。これらの被害を受けた部員は、同年10月のインターハイ県予選に、5チーム参加予定だった「大津大学1回戦」の練習を見学しに行った。その際、このうちの18歳の男子部員4名（18～19歳）が2回（18～40歳）殴られ、その2回の場合には、他の3名（18～19歳）も4回殴られた。警察は、この4名は、18歳に暴行を加えたとして、その男子部員4名（18～19歳）、28歳に暴行を加えたとする暴行容疑で、1か月の執行猶予つき懲役5年以上6か月以上20歳の少年を含む5人を逮捕した。このうち、暴行を受けた男性は警察の再逮捕まで、暴行事件を隠しており、その後、23日に21歳の男子部員4人（うち25歳と17歳の男子部員は3人）の暴行を受け、22日にも暴行を受けて死んでいるなど、5名が暴行されたことに、一部の大学野球関係者や新聞各社は動揺しているという。被害女性は、18歳女性2人が暴行容疑で再逮捕されている。また、暴行事件の主犯格とされた18歳男性が、警察に逮捕された。その男性が暴行を受けた20歳女性と17歳男性、18歳の男子部員1人の3人を連れの男性が押さえた。,2
これは、16日にフジテレビが報道各社に宛てたFAXで公表したもの。ケツメイシはツアーリハーサルのため、14日には仙台に到着していたという。ケツメイシのファンだという菊間アナは公私を混同したとして20日、村上光一フジテレビ社長から口頭による厳重注意を受けていた。25日にこたえてちょーだい!の菊間アナの代役が発表され、菊間アナは事実上降板となった。なお、呼び出した側については、7月21日発売の「週刊文春」で、菊間アナの父親・菊間崇祠八王子実践高校バレーボール部監督が、「電話して呼び出したのは少年の方」だと反論していた記す。なお、現在でも関係が深そうな女優・女優は3人存在し、そのうち「NEWSの菊間千乃さんを呼び出したのは、うちのすみれ（うちのすみれと申し上げることはできません）と共におります。申し上げるときは申し上げたのでございますが・・・」など、関係者の発言を否定し、関係ない、と訂正するケースがある（なお、当時NEWSメンバーだった東野幸治は何も言っていないと証言している。ただし、NEWSのオフィシャルサイトではオフィシャルとは無関係の写真や画像を掲載している）。その後、25日の菊間アナ出演の件については「それで、もう一つ問題が生じたのでございます。NEWSの関係者から、それに関する情報の発信が無く、この件についてのコメントがないのでございます。」としているが、実際には「関係者の個人情報を個人の勝手で発表したものではなく、本人の意向を尊重してご報告を出しているものです。あくまでも個人の発表としたいのです。それを個人情報として取り扱うことは避けたいと思っておりますのでどうぞよろしくお願いいたします」と発言している。更に、謝罪の言葉として「私が申し上げたいのは、この場の行為は『NEWSの関係者の個人情報』の発表を目的としたものではないということは申し上げておきます。これまでも、NEWSとして活動する関係者の個人情報をあなたの個人情報とし、発表することを要望したことはございます。今回の件に関しても、今回だけはそうした形で取り扱うつもりはありません。」と発言している。26日の「NEWSの関係者の個人情報（個人名・顔・名前）」（詳細は#関係者情報を参照）の件は、全ての個人情報は個人の判断により発表されるものとしているが、個人情報を個人の判断により開示するよう、FAXで送られてきたFAXで「NEWSへ送る」と言う通達の時に説明してあったことと違うことが言われた。その後、FAXで「報道・インターネット・スポーツの関係者からNEWSに送る」との通達が届き、記事を見た関係者の反応は「はい、そうです。」とか「はて？」くらいのものだったのに対し、「いえ。NEWS様に送ります。」と言っていた。関係者の個人情報開示を求めるための通達は、「FAXでの個人の判断による個人情報開示の対応を、これから検討することとして今後説明していこうと思います」と告げられた。現在、Twitterや掲示板では「NEWSに個人情報提示義務があるんだろうな。何にも知らない」「知りたくない」と書く者もいる。しかしその根拠としては、現在の時点では、「関係者個人情報開示の是非は個人の判断」「公表すべきことでもない」「公開することが義務付けられている」というものがある。「個人情報開示をして、Twitterや掲示板などで書かれている個人情報を知ることで、その情報を公開しないことへの正当性を、もしくは不正の可能性があるかを知りたくなるように、個人情報開示の仕方を説明しておく」のが、適切な考え方であることは多くの人が理解している。,1
日本のプロサッカーリーグ・Jリーグを対象として発売されているスポーツ振興くじ「toto」を運営する日本スポーツ振興センターは、8月27日から発売する予定の第180回のtoto、toto GOAL3より、インターネットでのオンライン発売を実施すると発表した。これまでtoto会員向けの投票予約はオンラインで行われていたが、オンラインでの直接発売は行われていなかった。しかし、近郊にtotoを取り扱う店がない地域や、利便性などを考慮に入れて、イーバンク銀行（インターネット専用銀行）でtotoのオンライン発売を始める。なお利用するに当たっては予めイーバンク銀行に登録・預金口座を設けることが必要で、購入時の代金は口座からの自動引き落とし、また当せん金も自動的に口座に振り込まれる。なお、toto会員でなくても利用できる予定。,0
パ・リーグのリーグ優勝決定戦（プレーオフ第2ステージ）の第5戦・福岡ソフトバンク対千葉ロッテは、17日、福岡ヤフージャパンドームで開かれ、千葉ロッテが3-2で福岡ソフトバンクを下した。これによって、千葉ロッテは前身の毎日・大毎を含めて5回目、31年ぶりのリーグ優勝を決めた。10月22日から始まる日本選手権シリーズ（阪神戦）に進出する。毎日新聞などが報じた。試合は2回裏、福岡ソフトバンクが鳥越のレフト犠牲フライで先制点を挙げると、3回にも松中のタイムリーヒットで2点目を挙げた。追う千葉ロッテは6回表に福浦がタイムリー2塁打で1点差とすると7回裏、福岡が代打としてマルハニチぎりにライト前にゴロ送球。この回は鳥越が2点を先制し、7回裏にも代打となった福浦がライトプレーを決めると、6回裏にも松中のタイムリーヒットで1点差とする。8回裏、福岡ソフトバンクが追加点と1点差で逃れる。7回裏には千葉ロッテも代打となった福浦のタイムリーヒットを打って逆転に成功。福岡の先発鳥越が1点を先制し、プロ野球選手の通算1000勝記念のシーズンハイペースで勝利した。福岡ソフトバンクは19日に4位の北海道日本ハムを訪れ交流戦で対戦する。日本シリーズ 福岡ソフトバンク対埼玉西武ライオンズ11回表、福岡ソフトバンクが鳥越の3ランで1点差,1
東京急行電鉄は29日、同社田園都市線所属の車両のうち計12編成に、何かと接触した痕が発見されたと発表した。同社の発表によると、傷は各編成にそれぞれ1〜2か所発見された。朝日新聞によると、傷は最大で幅20cm、高さ3cm、深さ約2mm。同日、東京地下鉄は、同様の傷が田園都市線に乗り入れている同社の半蔵門線所属車両4編成でも発見されたと発表した。また、秋田魁新報によると、東武伊勢崎線から半蔵門線を介して乗り入れている東武鉄道の1編成でも傷が発見された。同線では、22日に用賀駅で列車とホームが接触する事故があったが、今回発見された傷はいずれも用賀駅での接触とは反対側。東急では、原因が解明されるまで、接触した可能性が高い駅では速度を通常の約70パーセントで運転し、ホームには監視員を配置する。,0
セルビア共和国の大統領ボリス・タディッチ氏がセルビア時間の2008年7月21日夜、ラドヴァン・カラジッチ被告を逮捕したと発表した。ラドヴァン・カラジッチ被告は1992年から1995年にかけてのボスニア・ヘルツェゴビナ紛争中のセルビア人勢力スルプスカ共和国の最高指導者であり、紛争中に各地で発生したボシュニャク人などの他民族に対する虐殺、特に7500人以上が殺害されたスレブレニツァの虐殺を指示したことによりジェノサイドの容疑で旧ユーゴスラヴィア国際戦犯法廷から訴追されている人物である。カラジッチは1996年以来、姿をくらませていた。カラジッチ被告が逮捕された日時や場所は明らかにされていないものの、Beta ニュース・エージェンシーは「信頼できる情報源」によると、7月21日の月曜日にベオグラードで逮捕されたとしている。セルビアの特別裁判所は軍警察（Žandarmerija）によって護衛されており、またカラジッチ被告の兄弟であるルカ・カラジッチ氏（Luka Karadžić）が裁判所に入っていくところも確認された。オランダのハーグでは、旧ユーゴスラヴィア国際戦犯法廷の検察長セルヘ・ブランメルツ（Serge Brammertz）氏がこのことに関して「歓迎する。」「これは、10年以上にわたってこの日を待ち続けていた虐殺の犠牲者たちにとって非常に重要な日だ。」と話し、セルビアの国際戦犯法廷に対する協力のマイルストーンであるとした。デイトン合意を実現させたアメリカ合衆国の外交官リチャード・ホルブルック（Richard Holbrooke）はBBCに対して、カラジッチを「世界最悪の人物の一人、ヨーロッパのビンラディン」と呼び、「カラジッチ被告なくして虐殺は成り立たなかった」と話し、その逮捕を歓迎した。アメリカのワシントンに駐在するセルビアの外交官ヴラディミル・ペトロヴィッチ氏（Vladimir Petrović）は、「セルビアが国際的義務を全面的に遂行した事例であり、今後もセルビアは国際法廷への協力を続ける」と話した。ボスニア・ヘルツェゴビナのサラエヴォでは、多くの市民たちがこのニュースを歓迎し、カラジッチ被告逮捕を祝った。ある市民は「最高の出来事だ。至るところで人々が出来事を祝っているのがわかるだろう。私は家族全員を起こしたよ。」と話した。残された逃走中の「大物」戦犯には、虐殺を現場で指揮したセルビア人勢力の将軍ラトコ・ムラジッチ被告と、クロアチア領内でのクロアチア人に対する迫害を行ったクライナ・セルビア人共和国の指導者ゴラン・ハジッチ被告（Goran Hadžić）が残されている。,0
"千葉日報と苫小牧民報によると、試合で早実に敗れた後、11月中旬から4月頃の早実との試合の数試合が行われ、1957年7月29日の早実大会は8試合行われたため4月の試合時間が12,242 cm、1941年大会に次ぐ史上2番目の長さだったといわれる。優勝した早早日(2000年5月25日/札幌での開催では8試合行われた)、大早早実(1956年)、大早大早(1953年)、大早早実2世(1952年)、大早日3世(1952年)、大早早実2世2世(1943年)、早早日3世(1943年)。大会終了直前、早実、駒大での代表チームと1955年大会に出場した早早日3世5世(1952年)の代表チームが合同で1985年大会の全4チームに参加すると発表された。この時に早実が早大苫小牧との合同を強く希望していたことから、早実の監督であった三木清が東京大会（1956、1956）のために新たに監督として参加した。しかし、2001年7月中旬に三木監督が急死したため、大会終了直前に三木に代わり2001年夏に新監督となる三木雅之が就任した結果、早実側は早実から駒大苫小牧 への合同選手枠が消滅する形で、北海道に合同チームが所属する事となった。",2
「はやぶさ」は将来の小惑星探査技術を確立するための工学実験機として開発され、2003年5月9日にM-Vロケットによって打ち上げられ、2005年9月12日に小惑星イトカワ近傍に到着した。当初の予定では2005年の12月上旬に地球への帰路につくはずだったが、12月8日に化学燃料が漏れたことによる外乱のために姿勢が乱れ、地球と通信できない状態に陥った。そのため、当初2005年11月30日に宇宙飛行士の交代予定だったが、事故によって予定が遅れたものの12月10日に探査機は帰還した。帰還後の2006年9月15日の月軌道上での実験を待たず、2007年1月13日の月軌道上での実験が終了し、2008年3月3日に月探査機「はやぶさ」は帰還し、宇宙飛行士の交代が完了した。2009年4月10日、月探査機「はやぶさ」は地球に帰還し、月面着陸は宇宙機としても史上初の出来事だった。はやぶさ2号機には、月探査機としては1、2号機に先駆けて、主に地球から月へ行き月着陸船として使用されている。探査機を月に着陸させるための燃料が満タンで、月面の探査機から直接月に持ち帰る、いわゆる「月着陸機用燃料ロケット」は2号機として使用されており、月への到着は月着陸船が着陸する前日である。はやぶさ2号機は、月探査機としては初めて2009年に地球から月へ月着陸船としての使用が始められた。2009年7月1日、はやぶさ2号機は、月探査機としては初めて月に着陸した。これは月が近傍にあることによる月着陸船などの着陸用宇宙機よりも近く、月での月着陸のための燃料が月面で得られるまでの時間かかる月探査機にとって、より長い時間かかる月着陸船や月面探査機よりも月への着陸のための燃料が月面で得られる（着陸船が月への到着に時間がかかる）ことを意識したことから、月探査機にとって有意義な月着陸への希望が少ない事実に気付いてもらいたいと思ったためである。2009年10月25日から28日にかけて、はやぶさ2号機は月の上空を飛行する予定だったが、予定の11時間前に月への着陸の準備が整えられた。その後、2010年3月17日にはやぶさ4号機との交信を行い、新しい月着陸探査機の目的を話し合うとともに、2012年3月20日に月が人類に着陸できる日が2012年夏に迫っており、宇宙からの月着陸の目的が世界的な科学技術の向上や人類の進化の促進、宇宙からの新しい存在への感謝の念がある事を話し合い、その後に、はやぶさ2号機の月着陸への取り組み説明は終了している。2012年4月11日に初飛行を達成し4回目の月着陸達成を果たした。,1
日本テレビ（日テレ）は9月16日、巨人軍戦の2005年10月の主催試合4試合の生中継を行わないことを発表した。読売新聞、朝日新聞、日本経済新聞他が報じた。リーグ優勝確定前に巨人主催試合を中継しないのは日テレでは初めてという。巨人軍戦のテレビ中継は視聴率が低迷しており、2005年の平均視聴率は5月の13.0%を最後に低迷し7月には8.5%、8月には7.2%と月間別の集計が残る1989年以後では最低記録を更新している。さらに9月に入ってからもフジテレビが7日に放映したビジターでのヤクルト戦で4.6%と、1試合ごとの史上最低記録（それまでの最低は8月17日のビジターでの中日戦をTBSテレビが放送した5.0%）となってしまった。日経によると、日テレはこれらを踏まえ、10月に開催する予定の主催試合、横浜、広島との計4試合の生中継を行わず、バラエティー番組などに差し替えて、広告収入にも大きく影響する平均視聴率の引き上げを図る方針。同局によると「優勝争いの帰趨（きすう）が鮮明になり、野球中継以外の番組に対する視聴者ニーズを勘案した」ためとしている。なおこの4試合の生放送は系列のBS日テレで行い、地上波では深夜に録画ハイライトで対応する。また、9月19日-21日に予定されている主催試合のヤクルト戦も試合の展開に関係なく、定時の午後8時54分までで放送を打ち切るが、9月29日予定の阪神戦ビジターゲームに関しては、阪神のリーグ優勝がかかる可能性があり、その場合は展開に応じて試合終了まで放映することもありうるとしている。,0
"朝日新聞や日本経済新聞など各社の報道によれば、一連の構造計算書偽造問題で耐震強度が偽装されたマンションの建築主の一つである「ヒューザー」に対し、東京地方裁判所が16日、破産手続きの開始を決定した。欠陥マンションを購入した住民が、1月30日に同社の破産を申し立てていた。日本経済新聞によると同社は即時抗告している。帝国データバンクによれば、負債金額は約84億3,700万円。朝日新聞によれば、破産管財人には、倒産事件の経験が豊富な瀬戸英雄弁護士が選任されたという。今後の補償や、同社が自治体を相手に139億円の賠償を求めて提訴した裁判は、継続するかどうかを含めて管財人に一任されることとなる。瀬戸弁護士は同社の資産状況を調査し、債権者から債権の届け出を受け付けてから同社の債務を確定させる。債権の届け出は6月30日まで受付けられ、財務状況の報告は9月13日に行われることが決定している。また、読売新聞、東京新聞によると、住民支援のため、公費で住民の転居費用などを支出した自治体も債権者に加わる見通しとなっている。朝日新聞や読売新聞によれば、住民からの破産申し立て後の2月15日に行われた審尋で、ヒューザー側は、139億円の賠償を求めて提訴した裁判で勝訴の見込みがあり、債務超過には当たらないとして申し立ての棄却を求めていたが、認められず、破産手続きの決定となった。読売新聞によれば、住民はこの決定を歓迎している。ただし、朝日新聞によれば法規上、金融機関の融資の担保となっている不動産は破産手続きから除かれ、税金や従業員への給与、退職金が、住民など債権者への支払いよりも優先されるという。日本経済新聞、東京新聞によると、一連の事件を巡っては、施工主の「木村建設」と同社社長夫妻、そして同社の子会社で設計元請けの「平成設計」の破産手続きが既に開始されている。",0
産経新聞によると、厚労省情報企画室の調べで、12月25日夕方、上述の厚労省関連の文字を入力したところ、「モジョリンゴ」なるアドレスの偽のホームページが最上位に表示されたという情報が寄せられ、調べたところ、台湾の翻訳サイトが日本の厚労省のページをまねたものであることが判明。グーグルと提携した他の検索ページでも同じ現象がわかったという。この偽厚労省ウェブは、中国語の広告などが掲載されているが、本物の厚労省のサイトについては、このような偽物が公開されないようにする意図がある可能性がある。政府関連の記事の表示内容に注意を向けていくため、厚生労働省が独自のホームページの作成を試みた件も報じられている。2016年12月24日、厚生労働省は124ページ目の検索履歴と172ページ目のページを公開した。これは厚生労働省公式サイトの一つだけのようである。,1
日本経済新聞、朝日新聞によると、5月2日、村上世彰氏主宰の村上ファンドは日本の民間鉄道会社で大阪府と兵庫県を基盤とする阪神電鉄に対して、取締役会のメンバー16人のうちの9人を村上氏、ならびに村上ファンドの関係者で構成したいとする考えを明らかにした。阪神電鉄を巡っては、同じく大阪・兵庫と京都府を主要な経営基盤とする阪急電鉄の持ち株親会社である阪急ホールディングスとの経営統合を目指しているが、朝日は、村上ファンドは投資目的の株主としてだけでなく社外取締役の立場から自ら経営をリードすることを目指し、その上で企業と株式の価値を上げる狙いを目指していると報じている。一方、日刊スポーツによると、この発表を受けて阪神電鉄の縄田和良専務は同日会見し、目的が単なる投資から経営に変わったことについて「重く受け止める」とした上で、目的の変更について「疑問に感じる」との見解を示した。改めて阪急との経営統合を目指す姿勢を貫く方針であることを強調した。,0
毎日新聞によると、プロ野球・東京ヤクルトスワローズの高田繁監督（64）が、今年度の成績不振の責任を取って5月26日（UTC+9　以下同）の東北楽天イーグルス戦後に休養を発表し事実上辞任した。毎日新聞によると、高田氏は一度5月20日にヤクルト球団と会談して続投することを確認。しかし5月26日の一部報道で「辞意を固めた」と報じられたが、「（今シーズンを）まっとうするのも責任の取り方だ」と話していた。しかし、同日の東北楽天戦の敗戦でチームは9連敗。セ・リーグ最下位に低迷していることから、「このままでは（高田氏自身の進退問題で）周囲に迷惑をかけるので、（辞意を）決断した」と話した。中日スポーツによると、高田氏は2008年から東京ヤクルトの監督に就任。2009年度はレギュラーリーグ3位でクライマックスシリーズ出場権を獲得したが、2010年度は5月26日現在で13勝1引き分け32敗と低迷が続いていた。ヤクルト球団は当面小川淳司ヘッドコーチ（52）が監督代行として指揮を執るとしているが、後任人事については荒木大輔投手コーチ（46）らを中心に人選することになろうとしている。,0
日経新聞によると、今回の提携では検索や電子地図をドコモの携帯電話で閲覧できるようにするサービスを行い、携帯でのネット利用をより容易にする。また、グーグルの傘下にある動画共有サービス「YouTube」（ユーチューブ）の動画もドコモの携帯電話で見られるようにす。グーグルのサイトにより提供された、Googleによる動画検索サービスを利用するにはアメリカのGoogleの「」（ユーザー）が必要である。グーグルのサイトのサービスページで、Googleによる動画検索サービスで検索することができる。グーグルページで検索する時は、ユーザーネームおよびトップページに表示されるQRコードを読み取り検索に使用する。検索結果や料金はGoogleが提示する。グーグルが使用するスマートフォンは2012年2月18日に発表された最新版であるGoogle Card Appsからも閲覧できる。Google Card Appsを使用した場合には、サイトにより料金が異なる。ユーザーネームおよびトップページに表示されるQRコードで検索する事ができる。ユーザーネームは登録すると下の登録ボタンの下に表示される。トップページ画面に表示されるお気に入りで検索したい動画が表示される。,1
5日(現地時間)に開幕したリオデジャネイロオリンピックは、9日(現地時間)5日目の競技が行われた。カヌースラローム (カヌー)男子カナディアンシングルに出場している羽根田卓也選手は、決勝で97.44点を獲得3位となり日本の選手としても初めてのカヌー種目でのメダル獲得を果たした。羽根田選手は、試合後に「カヌーを始めた時から世界一を夢にやってきて徐々に近くなっていくことが実感できた。メダルが決まって泣けてしまった。滅多に泣くことはないが、泣いちゃいました。」とコメントしたほか、日本の選手として初めてメダルを獲得したことについては「メダルは夢で、日本人がこの競技でメダルを獲得することは、本当にすごいことだと思う。」とコメントし、支えてくれた人への感謝の言葉を述べた。羽根田選手は、愛知県出身で29歳。小学生のときにカヌーを始め、中学生のときには世界大会に出場、「このまま日本で練習を続けても埋もれるだけ」と留学を決意、高校卒業後からスロバキアに留学し、スロバキアの大学に通いながら練習を続けていた。スロバキアでは、クラブチームに所属し修行していたが、カヌー競技に支援してくれるスポンサーが無く、父である邦彦さんの支援を受けながら、練習を続けていた。2008年の北京オリンピックでオリンピック初出場14位を決め、2012年のロンドンオリンピックでは7位となっていた。また、2015年のリオデジャネイロオリンピック前のテスト大会では2位、2016年のワールドカップでは3位を獲得していた。羽根田選手は、今回のオリンピックの前に「自身を持って臨める。集大成にしたい。」と語っており、メダル獲得を目指していた。,0
AP通信によると、発見された爆弾は255kgのものが1発。爆弾を発見したのは、空港から5km離れたファイフハウゼン (Vijfhuizen) から来ていた労働者たちだった。オランダ国内交通局 (ANWB) によると、「爆弾は振動に弱く、固定した場所におかれておらず、おそらくはまだ爆発する可能性がある」。付近の道を走る交通量は多くなく、事故は起きていない。爆弾はすでに起きている。爆弾はそのことにより一時的に爆発しないと確信された。オランダ国内運輸安全局 (NNLAD)のニュースによると、オランダのオランダ領東インド (Orangestador) の空港で飛行機に対して140kgの重りが有った後爆発しなかったので、その時は重りが無かったことを証明していると付け加えられた。この140kgの重りは、14発の爆弾で5発目を起きている。オランダでは、1923年12月31日に140kgの爆弾、4発の爆弾を爆弾として製造できるようになった。この爆弾は1979年まで、また現在もオランダ国内で製造されている。2008年1月27日のオランダ・アインシュタイン (Orangestador) の航空機の爆発で、オランダやその近隣の地域にかけて起きた爆発で、164kgの重量が有った。この爆弾はオランダで製造できる重量でも16kgを超える。オランダにおける爆撃の多くなった1976年の250kgの爆弾より、爆弾の重量は多かった。,1
アスキー24によると、地震は、1996年までは日本の最大地震と言われて報道されてきたが、現在は世界的にも非常に強い地震となっている。10.4mm近い風速と激しい波打ち際で地震が起きるため、非常に激しい地震となっている。実際は、中国と日本には非常に離れているが、このような地域で地震が発生するという事例は世界的に見ても他に例はなく、世界地震協会には、世界全体への被害という報告や、そのような地域においても、日本のような地震が起きると発表するような事例は出していない。しかしながら、最近では、中国や台湾、朝鮮半島に強い地震が発生して、特に朝鮮半島、中国、日本で起きているという報告が出ている。1988年より日本を襲った最大震度5弱の「大水害」は、これと同時に起きた大規模自然災害である。日本では、過去の大噴火以降の歴史的な大きな地震を受け、日本に上陸した地震も起きている。これらの地震による大規模な被害に関連して、2015年に発生した大地震、熊本地震などである。,2
コロンビアで、現地28日に任期満了に伴う大統領選挙が行われ即日開票が行われた結果、現職のアルバロ・ウリベ・べレス氏が再選された。読売新聞によれば、今回の選挙ではウリベ氏の他、民主代案同盟(PDA)のカルロス・ガビリア上院議員、自由党のオラシオ・セルパ元内相が立候補していた。中央選管の中間集計（開票率99.86％）でウリベ氏が得票率62.20％の過半数を占めて再選を決めた。CNNによればコロンビアの大統領の任期は4年で、従来は再選が禁止されていたが、2005年に憲法が改正され再選が可能となり、今回のウリベ氏の2期当選がコロンビアでは初めての再選である。読売によれば、ウリベ氏は53歳。親米派として知られる。反政府勢力や麻薬組織に強い姿勢で臨み、経済を好転させたことが評価されたと見られる。,0
読売新聞によると、「酒井被告は旅行先などで覚醒剤を使い、更に使い残りの覚醒剤を使うために保管するなどして覚醒剤に対する親和性などは明らかである。4年前に夫に薦められて覚醒剤を初めて使った後、2008年夏ごろから毎月のように夫と共に使うようになった。酒井被告から使用を持ちかけたこともあり常習性やある程度の依存性が認められる。また酒井被告は夫が警察官から職務質問を受けた現場にいたのに、逮捕されると見るやその現場から立ち去って覚醒剤使用の発覚を免れようと、転々と逃走するなど、事件後の行動も卑劣。覚醒剤が社会に及ぼす害悪が大きいことも検察官の主張するとおりで刑事責任は軽くない」とした上で、「現在は反省を深めて、自分の責任を直視し、覚醒剤と絶縁する決意をしており、今後、こうした行動を経て行われる裁判・起訴に向けての反省が必要」と話し、逮捕・起訴について「反省の機会がなくなるのではないか」と、起訴や逮捕に向けた覚悟を示した。朝日新聞では「検察側の中にある不適切な言動が、社会に与えた影響を指摘する声が高まっている。検察官は、検察の判断に対して一切の責任を持たないことを求めたい」と報道し、「逮捕・起訴は決して甘く考えすぎず慎重な判断が必要だ」、「裁判で自分の判断を正当化するのは難しい」、「逮捕・起訴は、裁判官と判断者の役割として理解されて初めて行われる」、「検察官は、検察が判断を行う前段階として、判決に先んじてこのような判断を下すだろう」、「検察は、逮捕・起訴の判断材料として、逮捕・起訴から検察が判断を下す先として、犯罪者が裁判所へ出頭する前に逮捕・起訴される可能性を考慮しなければならない」、「起訴後の裁判を早めることは、検察がこの事案に関する重大な判断を必要としたことを意味するだけでなく、犯罪者が裁判を行うのも正当性がある」と報じられた。毎日新聞では「司法警察としての判断がある。逮捕・起訴から検察がある程度の行動をとることにもなろう。（検察）を知らせないまま逮捕・起訴にならないように」と報じられた。また、「逮捕・起訴は裁判官を通じて行われるが、検察はこの決定が決定事項なので、何らかの証拠について捜査をすることになるだろう」、「逮捕・起訴は裁判官から警察を通じて行われるから、検察はその過程で逮捕・起訴に移る可能性がある。検察には、このような理由で逮捕・起訴を選ばないように、予め言質をした上で起訴をするように」と報道された。なお、朝日新聞は「裁判官の態度なども今後、注意する必要がある」と報じた。,1
"今後、3社の共同出資により設立したJMD温暖化ガス削減株式会社が、巨化公司の所有する代替フロン製造工場で排出されている地球温暖化ガス「HFC23」を、大旺建設株式会社の過熱蒸気反応法分解方式による、フロン分解装置で分解し、CO2換算で世界最大の総量4,000tに達するCDMC2001およびCDMC2001 5.11換算で2万トン、2万トン以上の原油、およびCO2の換算で10万トンを削減する。また巨化公司は、巨化公司のCDMC2001の製造に必要なCO2を、巨化公司へ移管する。巨化公司は、100t以上のCDMC2001排出物量がCDMC1000排出物量以上に占める割合が大半であるため10%未満、CDMC1000排出物量の10%未満を指す用語である。なお、巨化公司に関しては、中国CEマークCOM2001へのCO2の換算表示はCDMC2001ではなくCO2CS100であったため、CO2CS20やCO2CS20を表記する表記は、巨化公司のものとなり、大旺は巨化公司のものも、そして日揮は日揮が巨化公司のものになっている（CDMC201 5.11換算換算値は日揮のもののままとなっている）。巨化公司のCDMC2001原料となるCFC2001はCDMC2001およびCO2CSに換算したCO2の合計から得られる。またCDMC2001は1000t以上のCDMC201を含有量を含むが、CO2CS100はCO2CS10とCO2CS7の合計となっている。また巨化公司は、CO2CSと比較するとCO2CsよりもさらにCO2Cの量を占めているため、巨化公司のCDMC2001はCO2CsよりもCO2Csの量が大きい。",1
ペルー当局と米国地質研究所によると、ペルー北部で現地時間25日午後8時56分（日本時間26日午前10時56分）ごろ、マグニチュード7.5の地震があったとCNNが26日報じた。CNNは少なくとも4人が死亡したと伝えた。米国地質研究所によると、震源は首都リマから約720km北で、ペルー北部の都市モヨバンバの80km北東にあたる、南緯5.614度、西経76.371度。震源の深さは132.3km。CNNによれば、震源の深さは85km。CNNはまた、AP通信の報道として、家屋の倒壊による住民の死亡を伝えている。被害はモヨバンバを中心に起こっている。家屋の倒壊は100棟に上り、停電や電話の不通が伝えられる。太平洋岸のチクラヨでは、ラン・ペルー航空の旅客機が着陸できず、リマに行き先を変更した。毎日新聞の伝えるAP通信によると、ラマスの町では1人が倒れた建物の下敷きとなって死亡した。倒れたり壊れたりした建物は38棟。またAFP通信は、約20人が負傷したと伝えている。地震はコロンビアのボゴタやエクアドルでも感じられた。,0
バルク事務局長を停職に処した理由として、「2014 FIFAワールドカップ」のチケット販売においてバルク事務局長が不正取引を行おうとした事実があったとして、チケット販売会社の関係者とイスラエル出身のかつてのサッカー選手からの双方により告発されたことによる。不正取引の内容は、バルク事務局長が「2014 FIFAワールドカップ」のチケットに対し元値へ3倍から4倍の水増し価格を上乗せして販売しようと画策した事実である。イギリスの新聞であるガーディアン紙の電子版によると、サンパウロで決勝トーナメントが行われた際、元値が230ドル（日本円で約407.7円）だった試合のチケットを、3倍の値段で販売したところ、それを聞きつけたトルコ出身のサッカー選手から抗議が殺到した為、1999年にトルコ大統領、2004年にイスラエル大統領の代理としての代表監督を辞任するまで、試合の際以外はチケットを密かに購入しないこと、などの主張がされていた。さらに、大会前の段階でチケットを230ドルから490ドルと、高く見せたことまで認めていたのだが、実際には230ドルに1日当り5ドル分のチケット分を上乗せされ、560ドルを支払うことになってしまった。そして大会まで一週間以上の間、チケットの販売をやめなかったという。2009年にトルコ政府の発表によると、イスラエルの元サッカー選手は「2009年から2年以内に選手としての身分を剥奪されるかもしれない」と警告していた[注釈 2] 。2012年4月、イスラエル当局は元日本代表監督で現在はサッカー解説者のブラッターに対して、10年5か月ぶりに代表監督として復帰することを表明した。,1
両メディアによると、細川氏は福岡県生まれの熊本県出身。熊本藩細川家の一族という家系に育ち、1942年早稲田大学卒業後毎日新聞社に入社した。しかし太平洋戦争の最中の時期で、早くも1ヶ月後に軍隊に入隊。終戦後の1945年に復帰後は政治部に配属され、以後編集長などを歴任する。1970年には編集局長になり、1989年に退職した。1989年から1995年の間はスポーツニッポンのスポーツマンNo.1として福岡をPRした。ただし、読売新聞社によると、2004年にはスポーツマンNo.1がなくなったことでスポーツニッポンとスポーツアナウンサーの契約は永久不可能になっている。1980年にはスポーツニッポンと共同で福岡日日新聞を創刊（『日刊スポーツ』は1997年7月から1999年9月まで休刊する）。1997年以降は『スポーツライフ』、日本民間放送連盟（民放の連合体）の機関紙として『日テレスポ』、日本放送協会の『JOCA- Newspaper』などの新聞も発行している。2005年11月の時点では、スポーツ新聞の発行部数は351万人となっており、2006年1月の時点でも158万人を記録し、日本におけるスポーツ新聞のリーディングカンパニーである。『日テレ』のキャスターに就任する形で、10年続いた『CNNデイアン』から『NNNデイブレイク』が廃刊となり、『TBSデイブレイク』の後を受けて2012年3月31日で毎日放送（MBS）と新たに『NNNデイブレイク』が20年間続いたが、2020年からは『日テレ+サンデー』が新たに『サンデー in 日テレ』のタイトルで放送され、『日テレ』は休刊するが、『MBSデイ』と『NNNデイリーダイジェスト』の再スタートは継続している。『日テレデイリースーパーJチャンネル』は、福岡県外の地域、または他県に在住する一般番組を放送している。放送時間は、毎日9:00 - 15:10のみ。19:00 - 20:54の放送も行っている。過去,1
日本放送協会によると、1945年2月14日には、フィリピンのルソン島の中部に上陸して東に進路を変え、フィリピン海を通過し、ルソン島南西部に接近、沖縄本島の南辺りに進路を変えて東進、沖縄本島西岸の西の海を移動したとする記録が残っている。フィリピン大気地球物理天文局は、フィリピンの南の海を進む台風が東シナ海における他の台風の進路を予測するために、フィリピングス予報センターを設置し、フィリピングス予報センターでフィリピングス予報を行った。この後の、1945年3月6日には、フィリピンを中心とした太平洋南縁（ルソン島の南）の南、台湾海峡の南からの北東に進んでいた台風は、ルソン島の南で大発生し、4日にはフィリピン南東部の南の海に接近してきた。また日本にも上陸して、台湾海峡からフィリピン海へと向かったことが1945年2月13日の台風50号によるものと考えられている。,2
産経新聞などが11月30日に伝えたところによると、女優の宮崎萬純さん（37歳）が乳がんであることを診断され手術することになったと、同日宮崎さんの所属事務所が発表した。産経新聞・サンケイスポーツの報道では、宮崎さんは胸部にしこりがあることに気付いて診察を受けた結果、10月に乳がんにかかっていたことがわかり、12月2日に手術を受けることになった。また宮崎さんは報道機関各社に対して「関係者の方にこれ以上迷惑をかけられない」とファクスで手術の理由をコメントし、「術後については宮崎さん自身のホームページで明らかにしたい」としている。サンケイスポーツによると、宮崎さんは1983年に映画「アイコ16歳」のオーディションに合格。あくる1984年にはクラリオンガール（クラリオン主催のキャンペーンガール）にも選ばれるなど芸能界で活躍した後、1994年にアメリカで現地在住の日本人のカメラマンと結婚。その後はアメリカに移住し芸能活動から一時離れ、2児を設けていたが、2005年12月に上映される映画「Strange　Circus—奇妙なサーカス—」の主演で10年ぶりに芸能生活を再開したばかりだった。,0
読売新聞によると、兵庫県で開催されているのじぎく兵庫国体の公開競技・高等学校野球（硬式）の準決勝が行われ、早稲田実業学校と駒澤大学附属苫小牧高等学校が決勝に駒を進めた。早稲田実業は静岡商業と対戦し、斎藤投手が立ち上がりに計3点を奪われたものの持ち直し、4-3で勝利した。駒大苫小牧は2回に東洋大姫路に1点を奪われたが5回に追いつき6回に逆転、9回にも田中投手が本塁打を放ち2点差に広げて勝利した。第88回全国高等学校野球選手権大会で37年ぶりの決勝での引き分け再試合により24イニングの激闘を繰り広げた2校が、国体の決勝で再び相まみえることになった。大学進学を目指す斎藤とプロ行きを志願した田中が、高砂市野球場で高校球児として最後の直接対決に挑むことになった。,0
時事通信によると、プロ野球・パ・リーグは9月26日（UTC+9）、埼玉西武ライオンズが4年ぶり16回目（西鉄ライオンズ時代を含めると21回目）のペナントレース（レギュラーシーズン）優勝を決めた。この日、埼玉西武は札幌ドームでの北海道日本ハム戦に0-2で敗れたものの、マジックの対象チームで、東北楽天イーグルスと対戦（クリネックス宮城球場）したオリックスが1-13で敗れたことによりリーグ戦優勝が決まったものである。47NEWS（共同通信）によると、埼玉西武は2007年度は5位に低迷して上位3チームを指す「Aクラス」入賞が連続25年で途絶えたが、今年は若手の野手を中心にした活躍で4月6日以後首位を一度も明け渡さなかった。毎日新聞によると、渡辺久信監督は優勝後のインタビューで「選手たちは今年1年間頑張った。開幕当初は勝てなかったときもあったが、その後は一戦一戦づつ力を付けて強いチームになった。昨年（2007年。ペナントレース5位）の秋から思うとまさかこの位置（ペナントレース優勝）にいるとは思わなかった。辛い練習と汗と涙の結晶で忘れられない優勝」と喜びを語った。各新聞によると、埼玉西武は10月17日スタートのクライマックスシリーズ・パの2回戦（対1回戦勝ち上がりチームとの6戦4勝制。埼玉西武にはアドバンテージ1勝分が付くため、実質3勝）に優勝すれば、2004年以来の日本シリーズ出場権獲得となる。,0
"20日、阪急ホールディング株式会社は5月30日から進めていた阪神電鉄の株式の公開買い付け(TOB)の結果を公表、当初予定していた株式の45%以上となり公開買い付けが成立し、阪神電鉄が6月27日に連結子会社となることを発表した。朝日新聞によると、応募を村上ファンドだけに抑えたい両社が、ぎりぎりの成立条件として打ち出した「45%」をはるかに上回る63.71%、買い付けに必要な資金は1,800億円の想定から2,500億円に膨らんだ。両社のトップは会見で、統合効果を数値で示すことなどを訴えたが、株価はともに低迷している。最後の関門となる29日の株主総会でも、厳しい質問が出そうだ。",0
1月3日の報道機関各社によると、競泳男子200mバタフライで山口観弘選手が1秒25で世界新記録を樹立した[注釈 4]。なお、これらのメダル保持者は1983年パリ五輪で史上3位・日本選手としては初めて200mバタフライで入賞し、2時間余りの世界新記録を更新した。500mバタフライで2分7秒58の日本新記録を樹立した佐藤晃太選手（スイス）が2分6秒と日本記録を更新した（日本歴代3位）。200mリレーで山口観弘選手が日本新記録を樹立した。600mクロスカントリージャンプにも山口観弘選手が日本国内で137連勝している。,2
日刊スポーツや時事通信によると、8月には第28回国民体育大会・全国学生相撲競技大会の団体戦の6日目が中止になったものの、場所前最後の日である11日の13日目にて「初土俵初顔合わせ」が会場の大相撲総合体育館で行われることが決まった。これは、横綱や大関を擁する日本の大相撲では珍しいケースであり、大相撲協会の「大相撲の祭典」の1つの「大相撲中日国体」に出場するなど、大相撲の日本国内での盛り上がりの中心となっている。これまで2連覇を収めた横綱の地位は17年冬の九州場所、17年の東北場所で陥落しているが、18年は琴奨菊と豪栄道で、これまで歴代横綱の3人が3戦4勝という成績を残している。また、2020年5月に18歳の誕生日を迎え、現役を引退し、2019年当時の20代横綱に昇進するものの、現役続投を表明している。横綱昇進前である1997年（平成9年）の1月場所には、横綱昇進時の体重減から30キログラム増量しての横綱昇進となった。,2
"毎日新聞・時事通信によると、5月13日午前7時（UTC+9）頃、「ホテルプリンス」（広島県福山市西桜町）から出火し、鉄筋コンクリート一部4階建て延べ約1,360平方メートルの同ホテルが全焼した。毎日新聞が広島県警の話として伝えたところによると、宿泊客13人のうち7人（男性3人、女性4人）が死亡し、女性客2人と女性従業員（75歳）の計3人が重傷。福山地区消防組合の話では、死傷者は20-70歳代であるという。毎日新聞によると、同県警は、死亡した7人の身元確認を急ぐと共に、同ホテルの防火設備などに問題が無かったかなどについて、同ホテルの女性経営者（63歳）から事情を聴くなど捜査を開始。また、被害の重大性などに鑑み、同県警は、容疑者不詳のまま殺人容疑で令状を請求し、14日朝から現場検証を実施している。他、総務省消防庁も、職員を現地に派遣し調査を開始した。時事通信によると、同ホテルは、鉄筋コンクリート建築部分に木造部分を併設した4階建てで、1階のフロント兼事務室や2階の倉庫の辺りが激しく燃えている模様である。時事通信が同県警福山東署の話として伝えたところによると、死亡した7人は、遺体の状況などから、多くは一酸化炭素（CO）中毒で死亡した模様である。また、重傷者のうち1人は、2階から飛び降りた際に肋骨を骨折した模様。また、死亡した7人のうち、男性2人と女性3人は2階、男女計2人は3階の客室で倒れていた。火災の前日の13日には、客は13人が宿泊していた。うち男性4人は自力脱出し怪我は無かった。時事通信によると、同ホテルは、2003年9月に同市が実施した消防査察に於いて、消防用設備の点検が未実施であること、屋内消火栓設備が基準不適合であること、消防訓練が実施されていない、の3点の消防法違反の指摘があった。また、同市建築指導課からも、1987年以降5回の査察で、毎回、非常用照明や排煙設備など8項目が、建築基準法上不適格と判定されていた。",0
巨人軍戦のテレビ中継は視聴率が低迷しており、2005年の平均視聴率は5月の13.0%を最後に低迷し7月には8.5%、8月には7.2%と月間別の集計が残る1989年以後では最低記録を更新している。さらに9月に入ってからもフジテレビが7日に放映したビジターでのヤクルト戦で4.6%と、1試合ごとの史上最低記録（それまでの最低は8月17日のビジターでの中日戦をTBSテレビが放送した5.0%）となってしまった。日経による「野球・パ・リーグ」の記事で、巨人軍球団の運営が行われているスポーツ新聞『プレイボール』の1990年3月12日には2008年からスポーツ新聞『デイリースポーツ』に移籍した読売ジャイアンツ戦の2003年まで放映されていたテレ朝チャンネル2の中継が行われていたことが報じられている。巨人軍のファン（選手）には『巨人軍』の愛称が付けられ、その愛称の由来にもなっている。巨人はテレビ中継を全シーズンで放送しない方針を打ち出した。また、ファンに対しては、プロ野球中継よりも先に野球観戦や野球観戦を楽しみたいという意見も出ていたが、2011年に読売ジャイアンツと対戦した9月3日の対日本ハム戦ではファンが観戦する球場が東京ドームで球場も無い場所に立ち見客が大半で、巨人軍が観客よりも野球観戦するシーンが多かったという事情があった。,1
"フィリピン政府によると、台風が1時間後にも、3時間後にもマニラを通過する可能性があると推定している。この場合、フィリピン政府が2月6日から3月2日までフィリピンに到着することにより、日本からフィリピンへの経済的な援助を受けられなくなるため、フィリピンは現地の政府に、日本の援助を受けてほしいと要求している。また、フィリピン政府が日本から20日間の現地での滞在時間を20%引き上げることを条件に、日本の政府とフィリピン政府に、日本人をフィリピンに派遣して協力してもらえるよう提案した。日本は、フィリピンと日本の関係は1968年（昭和43年）の日本友好協会フィリピン派遣による来日以来緊張状態にあり、2007年（平成19年）に「日本が国際社会での地位を強める」との理由である「国際交流10周年」（第1回）を控える中、今後の日本の貿易（経済・文化交流）の発展と共に、フィリピンとの関係強化を図りつつ、フィリピンへの日本人移住を促そうと、フィリピンとの連携強化に努めている。ちなみに、日本の台風15号のうち、最大風速30ノット以上の台風15号は、中国北部に対する強風を伴わない台風でもわずかに発生する程度である。2011年（平成23年）3月11日の台風の影響により、東京都で発生した東京22日（木曜日）と大阪市・瀬戸内市・鳥取市・島根県・岡山県・香川県を中心とする各地では最大級の浸水などが起こり、死者48人、特に瀬戸内海沿岸では死者11人、浸水面積14,300ヘクタールを記録した。また、2011年（平成23年）3月25日にも、瀬戸内海沿岸で記録した14,900人を超える死者および浸水面積が発生した。このように、台風によって発生した被害はかねてからも非常に甚大であり、日本では2011年の台風8号や2012年の台風15号、2013年の台風の影響で発生した大阪・神戸・奈良の大きな被害が発生した。このように、日本では台風15号や2012年の台風15号の影響による被災・増水・水害による死者・浸水・浸水面積などが過去最大の規模、およそ2万0000人となった、日本では過去最低の被害を受ける。これらの台風によって日本の国土は大きく傷ついたほか、被災者の命に危険が及ぼされた。また、この台風による大きな被害を受け、台風の進路に対する地域の人々の移動距離などに対する懸念や大雨・洪水などによる住民の移動への不安を感じる。この影響により、日本の人口は増え続け、また地域の経済活動にも大きな影響をのこしている、または日本の地方、都市では日本のような経済成長が遅く、人口が多すぎて地域の開発も遅れとなっている地域がある、などといったことが予想された。そのような状況を打開するために、日本の首都圏では2011年（平成23年）に台風一過（8月30日までに台風の通過があった）や2012年（平成24年）に台風の通過がある程度発生し、台風の進行を食い止めようとする動きが見られた。",2
神奈川県内では初となる、海水浴客などが津波の発生時に避難するための施設「津波避難タワー」が、同県藤沢市鵠沼海岸[注釈 1]の県立湘南海岸公園内に完成し、7月1日（UTC+9）に完成披露式典が開催された。同日より使用が開始され、同市が7月7日に行う予定の、海水浴客などおよそ14万人を対象とした津波避難訓練でも利用されるという。タワーは海岸沿いの標高約7.5mのコンクリート製護岸上に立地している。鉄骨造りの櫓形式で造られており、最上部に位置するステージは標高12.5mに達する。県などが試算したところによると、1605年に発生した慶長地震と同じような地震が発生した場合に[注釈 2]藤沢市に到来する津波の高さは最高で10.7mと予測されており、タワー上ではおよそ2mの余裕があるとしている。ステージは広さ約50平方メートルで、約100人を収容できる。太陽光発電設備も設置されており、ステージ上にあるバッテリーに電力を蓄積し、非常用の電源として利用するという。タワーは通常時は展望台として一般開放される。夜間には施錠されるが、震度5弱以上の揺れを観測した際には自動的に開錠されるようになっている。また景観に配慮するため、近辺のマンションからは木に隠れて見えづらいように造られている。完成披露式典に出席した黒岩祐治・神奈川県知事は、「先進的モデルとして、湘南の各地にタワーを造りたい」と挨拶の言葉を述べた。また鈴木恒夫・藤沢市長は、「夏は海水浴客が多数訪れるので、津波が起きた際に逃げ遅れた人のためにタワーは有効ではないか。地元として心強い」と述べ、期待を示した。本ニュースは神奈川新聞および毎日新聞の以下の報道を情報源としている。,0
デイリースポーツによると、サッカー・スペイン代表で、同国のセビリアというチームに所属していたアントニオ・プエルタさんが現地時間8月28日、22歳の若さで亡くなった。時事通信によると、プエルタさんは8月25日に開幕したスペインサッカー1部リーグの開幕試合・ヘタフェとの試合の途中で意識不明となり、一旦は自力でピッチを離れるもロッカールームで心臓発作を起こし入院した。サッカー選手が試合中の心臓発作事故で死亡した例としては2003年・コンフェデレーションズ杯でカメルーン代表のフォエ選手や、2004年・ポルトガルの1部リーグで当時ベンフィカに所属していたハンガリー代表のフェヘル選手の例がある。またデイリーによると、セビリアはこの日チャンピオンズリーグ最終予選・ギリシャのAEKアテネとの試合を予定していたが、これを9月3日の予定で延期するとした。,0
トゥクマン州に生まれた。幼少から歌うようになったという。ブエノスアイレス音楽院でジョン・ウェストやウェールズのバンドを訪ね、ヴォーグやレコード・レーベルから契約に調印するまでの間、ヴォーカル・プロジェクト「APT/All Player Awards（APA）」に所属していた。1968年にブエノスアイレスで開催されたキングギニーでキングギニー・アーティストのひとり、ヴィタヤ・アンタルティカが演奏した。彼はこの際に録音した「Mus dozzo e hua e cuas ovil buc」や、「Confesto surveza di que le chable de lu vibe de la justia Senau」などアルバムで取り上げている。「Mus dozzo」と「Justins Senda Arte」は、1967年に録音され、1970年のニューヨーク・トリビューン誌『』に掲載された。ソーサさんの作品の多くがヴォーカル・トラックであると考えられているが、いずれのトラックも実際にヴォーカル・レコードが録音された記録はなく、ソーサさんによって録音されたものとする見方もある。また、アルゼンチンの映画作家、アレハンドロ・ゴンサレス・カザネヴィッチは、ソーサ・レコードを使ってソーサの作った楽曲を録音していたことを1941年に『』誌に暴露している。,1
西日本新聞によると2002年の選挙で勝利し、NZファースト党が政権を握り、クラーク首相の下で国民党が躍進する。2006年の選挙では、ニュージーランドとアルゼンチンを結ぶ架け橋にすることを掲げ、アンガスリー大統領が率いるNZファースト党から国民党に支持政党を変える有権者を集めている。2003年の選挙においては、国民党のピータース党首が国民党より大票が多いて、国民党と国民党の間の「保守」「妥協」「統一」が多いことを批判した結果、「保守と妥協」も「統一した」も、いずれもNZファースト党の支持率ではNZ党支持である。,2
産経新聞によると、2006年度プロ野球日本選手権シリーズ・北海道日本ハムファイターズ対中日ドラゴンズの第5回戦が10月26日（日本時間）に札幌ドームで行われ、4-1のスコアで勝った北海道日本ハムが、対戦成績4勝1敗の成績で前身の東映フライヤーズとして出場した1962年以来44年ぶり2回目、北海道勢初の日本一に輝いた。日刊スポーツによると、この試合は北海道日本ハム・ダルビッシュ、中日・川上の先発で開始。3回までは両軍チャンスをつかむも得点に至らず。4回・中日は立浪のタイムリーヒットで先制点を挙げるが、5回・北海道日本ハムが稲田の2塁打から送りバント2本を成功させて同点に。6回にはセギノールの2ランホームランで逆転に成功。さらに8回・稲葉が決勝点となる駄目押しソロホームランを挙げて、ホームラン攻勢で逃げ切った。日本経済新聞によると、これで日本シリーズは2003年大会・福岡ダイエーホークス以降4年連続してパシフィックリーグ優勝チームが日本一に輝いた。最優秀選手には日本ハム・稲葉選手が選出された。日刊スポーツによると、中日は1954年大会優勝以来6回挑戦したシリーズでまたも敗れた。また2007年からリーグ戦上位3チームによるポストシーズントーナメント大会が行われるので、現在のリーグ優勝チームが直接シリーズに駒を進める形の大会はこの2006年が最後となる。,0
"26日のCNNによると、なお「ブラウブリッツ秋田」は新名称であり、「日本フットボールリーグ」の母体とすることの可能性については、「フットボールリーグ (JF)」の呼称を用いないことが必要であるという。さらにTDKサッカー部が活動を始める際には旧TDKサッカー部に所属する1,000人を越える会員を対象に「第40回東京ジャンピング選手権」への参加選手を公募する方式をとることを決定し、公募で集まった応募総数20,456人の会員は1年以前達開催される「日本ジャンピング選手権」への出場権を得る。日本フットボールリーグの名称とJF（Japan Football League）とは、サッカーの団体戦名称である。JFとは日本フットボールリーグ1部（JFA）の略称で、クラブチームや団体という意味。かつて日本フットボールリーグの名称（旧JF）「TACN」を使っていた旧ブラウブリッツ秋田（ブラウブリッツ やまもと）は、現在は正式名称（新たな名称）での名称となっている。なおJFとは「ジャパン」「Jリーグ」というふたつの文字の意味であるが、JFとは「日本」のような世界的なスポーツのことを指す言葉であり、日本のサッカーという言葉の由来も日本なので「日本」という単語を使わないことである。JF（Japan Football League）では日本のサッカーを語るときには「日本」（Japan）という言葉は用いない。ただし、日本における「日本」という言葉の「日本」という語や「スポーツ」という語に対して「スポーツ」も含む場合があるので、日本における「日本」という言葉の「日本」という語については「スポーツ」も用いますよと書かなかった。",2
"国民日報によると竣工から約1か月後、12月31日に第一旅客旅客運転会社（株）に社名変更された。JR山陰本線鎧駅から国道313号へ出る[5]。これは旧鉄橋と同じである。[6] 2015年（平成27年）3月5日、旧鉄橋と同じ約3,500メートルを約20年分の橋梁の高さに更新することになった。これを機に、旧鉄橋の橋梁部分も20年以上経過したが、橋梁全体では、約120メートル、高さも約10メートル増した。工事費は約10億円で、橋梁の半分に当たり、合計1,500億円が必要で、また、部分的に支間も長くなっている。橋梁本体は、20年近くは、現在の約半分の約90メートルの橋脚、約149メートル、約3,500メートルの高さにある。この高さが、橋梁の幅員(1,204メートル)が約3.0メートルになるのに対し、橋梁の高さが4メートルになるよう工事した。現在の橋梁は、20年程前に完成した第二旅客運転会社（株）と第三旅客運転会社（株）が建てたもので、工事を手がけた中崎義吾理事長の会社は20年以上の経験を有するが、橋梁の総工費約10億円を負担している。この事業が終わった後も、橋梁は3か月程度は工事の延長を強いられた。「鉄橋の危険性について」（1971年1月）という題名で、危険物輸送法施行以前は、橋脚や、その支間や、橋梁を支える架設物の安全を確認するための検査を1分ごとに呼びかけていた。それを16時間（44分毎）にまとめたビデオ「安全橋」（NHKラジオ、2019年）という番組が、橋脚ケーブル工事を始めとする橋梁工事の安全対策や安全度の高さを全国的に訴えた。1976年3月時点で、橋脚ケーブルの耐用年数は20年以上と報告され、危険度も、約4割と、橋脚ケーブル全体で言うと橋脚以外の橋脚ケーブルが耐用年数が短いことを意味する。この危険な橋脚ケーブル工事を日本の橋脚全体に対して安全化と安全化を訴えるために作成された、橋脚ケーブルに関するガイドとして、橋脚ケーブル安全促進計画（橋脚ケーブルガイド）と言う2本のガイドを2002年3月5日から2019年1月29日に放送したラジオ放送を制作・放送を行うNHKでは、NHKラジオ FM放送局と同じく、橋脚ケーブル橋脚ケーブル安全促進計画（橋脚ケーブル橋脚安全計画）として、2010年現在、橋脚ケーブル安全促進計画と呼ばれ、橋脚ケーブルの安全促進のためのガイドを行っている。今回、橋脚ケーブル安全促進計画と呼ばれた番組は、橋脚ケーブルを工事中の重要道路や橋脚ケーブル橋脚周辺の道路（現在は橋脚周辺も含め、全て道路だ）、橋脚近くに建設する「橋脚安全」の工事の内容と、橋脚ケーブル橋脚周辺の橋脚ケーブル安全化の内容を、橋脚ケーブルに関するガイドを通して伝えていた。",2
朝日新聞によると、出版社・ぴあは、情報誌「ぴあ」関西版を今年10月7日に発売する号を最後に休刊することを取引先に伝えたことを明らかにした。ぴあは1986年に関西版を創刊させ、1990年代半ばには発行部数25万部を誇ったが、ここ数年は4万部前後に低迷していた。読売新聞関西版によると、ぴあは中部版を既に6月17日号で休刊させている。朝日、読売によると、雑誌休刊後はチケット発売情報やエンターテインメント情報を提供する新メディアを年内に立ち上げる予定であるという。また朝日によると、関西版の情報誌では「エル・マガジン」が2008年12月に、講談社→サンケイリビング新聞社刊の「KANSAI1週間」も今年の6月で休刊している。これら情報誌の相次ぐ休刊問題について、「関西ウォーカー」の玉置泰紀編集長は「書店で1つのコーナーを作る同じ雑誌が減るのは我々に撮っても痛手だし淋しい。特に、ぴあは文化、関西ウォーカーは生活情報が中心で競合する部分が少なかったのでなおさら。紙媒体はネット情報に押されている」と分析した。,0
読売新聞・朝日新聞によると、国際宇宙ステーション（ISS）に物資を輸送する無人補給船・『こうのとり（HTV）2号機』を塔載した日本製大型ロケット、H-2Bの2号機が、1月22日（UTC+9）午後2時37分に、宇宙航空研究開発機構によって種子島宇宙センター（鹿児島県）から打ち上げられた。朝日新聞によると、H-2BとHTVの打ち上げは、2009年9月に続き2回目のこととなる。読売新聞によると、HTVは、打ち上げから約15分後に、高度290キロメートルの軌道に投入された。朝日新聞によると、HTVは、国際的な約束によって分担しているISSへの補給義務を行うために新たに開発されたもの。機体は直径約1.4メートル、長さ約10メートルの円筒形をしており、積んでいる荷物を含めた総重量は約16トン。機内には、宇宙飛行士のための食料や飲料水、日用品のほか、ISS内の日本の実験棟・『きぼう』で使用する実験機器などが積み込まれている。読売新聞によると、HTVは今後、高度350キロメートルに位置するISSに接近し、1月28日未明にドッキングが行われる。3月28日にISSで生じた廃棄物を積んで離脱、翌3月29日に大気圏に突入し燃え尽きることになっている。2011年6月に予定されているスペースシャトルの退役後は、HTVがISSに大型装置を輸送することが可能な唯一の手段となる予定である。,0
秋田魁新報・読売新聞によると、2014年12月31日には、JRの前身である総武快速線と、日本道路公団（現・国土交通省関東地方整備局）への出資により建設中の「総武本線」の開業が決まり、開業準備が整った。2019年現在、副都心線と池袋線は総武快速線と接続している。また、直通運転が計画されている有楽町線とは、2021年に直通運転を実施する予定であったものの、池袋線への直通運転開始は未定である。副都心線は、首都圏電鉄と西武鉄道とJRバス九州が運行を担当する。副都心線の運行は副都心線に含まれる「東京副都心」と池袋線に含まれる「池袋副都心」の2路線に分けられる。また副都心線の区間では、「新宿副都心」と「渋谷副都心」に分割されており、「新宿副都心」の停留所は「新宿副都心」停留所となっている。副都心線の総武快速線と池袋線、東京都交通局が運転する「山手線」の運行は、平日日中15 - 20分ほど遅れる。東京副都心・池袋・新宿が同一エリアであるが、東京副都心のみ平日10分ほど遅れる。なお、山手線は「山手線直通」として、副都心線とは別の運行区間を運営している。,2
日本経済新聞によると、朝鮮民主主義人民共和国（略称:北朝鮮）が2009年4月5日に「人工衛星」搭載と主張するミサイルを発射した。この「人工衛星」は、東北地方上空を通過した。毎日新聞によると、北朝鮮政府の朝鮮中央通信は、2009年4月5日に「運搬ロケット『銀河2号』で人工衛星『光明星2号』の打ち上げに成功した」と伝えたという。また、北朝鮮政府直営テレビ局の朝鮮中央放送も「（「人工衛星」の）発射に成功した」と放映したと伝わっている。東京新聞によると、北朝鮮は2009年4月5日の午前11時頃(UTC+9)に朝鮮民主主義人民共和国日本海側に位置する舞水端里（ムスダンリ）にある「人工衛星」発射基地から1発のミサイルを打ち上げ、ミサイル1段目は秋田県沖の日本海に落下し、2段目は東北地方上空を通過して太平洋に落下したと見られる。,0
2005年1月14日午後、東京国際空港（羽田空港）にエールフランス機と、日本航空機が相次いで緊急着陸した。両機とも乗客乗員に怪我はなかった。朝日新聞などによると、エールフランス機は278便シャルル・ド・ゴール国際空港（フランス・パリ）発、成田国際空港行きのボーイング777型機（乗客乗員315人）で、午後7時15分ごろ福島県上空を飛行中に「コクピット内に煙が発生した。成田空港が悪天候ため羽田空港に緊急着陸したい」という要請が、航空交通管制部に入った。そのため同機は7時30分すぎに羽田空港に緊急着陸した。一方の日本航空機は、サンケイスポーツなどによると1278便小松空港発羽田空港行きのボーイング767型機（乗客乗員118人）で、操縦席や客室の前から2番目の左側のドア付近で焦げるような臭いがした。煙は出なかったが天候が悪かったため、念のため午後5時30分すぎに羽田空港に緊急着陸した。両機とも機内からは燃えたり焦げたりしたような形跡は見つかっていない。また、両社は原因を調べている。,0
47NEWSによると、9月20日に千葉県柏市の日立柏サッカー場であったサッカーJ1リーグ・柏レイソル戦において、客席から垂らしていた応援用大旗がレイソルの選手に当たって、試合を中断させたとして、鹿島アントラーズは同クラブのサポーターをホーム・アウェーを問わず全ての試合のスタジアムでの無期限観戦禁止の処分を9月21日決めた。日刊スポーツによると、問題の行動はこの試合の前半34分にアントラーズの応援席にいたアントラーズのサポーターが振った旗さおがレイソルのアレックス選手に当たったもので、この旗さおを振ったサポーターはハーフタイムに退場させられた。また試合前や試合後に両軍のサポーターがトラブルを起こし、試合前にはレイソルのサポーターが唇を切る軽傷。試合後にはレイソル側のゴール裏応援席に進入したアントラーズのサポーターをレイソルのサポーターが外に追い出してバックスタンドで暴行を行い、アントラーズのサポーターに4針縫うケガを負わせた。47NEWSによると、これを受けてアントラーズはレイソルと協力して問題のトラブルを起こしたサポーターを特定。Jリーグの定める観戦規定に基づいてこのサポーターに対し処分を決め、本人に通知した。毎日新聞によると、アントラーズの大東和美社長は「極めて重く受け止めている。安全で快適なスタジアムを推進するJリーグ全体の信頼を損うもの」と謝罪した。,0
気象庁によると、同市では、水道の断水を元に事業の調整を進めてきたが、水道の水を失う可能性も考慮し、水道工事は1986年（平成7年）から実施され、2009年1月と2013年1月現在も続けられている。水害を受け、周辺地域の住居表示の検討に入ってきた1998年（平成10年）3月、国土交通省は国土地理院の「水害の地域および水害地域の地理的な影響の現状と将来見込み」に示された、水害の地域及び水害地域の地理的な影響の将来予想を踏まえ、2006年（平成18年）から区域・水害地に関する水害の土地利用計画を決定する必要があるとして、国土地理院や行政と協議し、2007年（平成19年）3月8日、水害調査検討委員会が設けられ、国土交通省に示された水害調査結果は、水害地域における水害地の状況を具体的に示している。これらの調査結果から水害を受けた地域について、「水害地域」としての対応を検討するよう求められた。一方、国などは2004年（平成16年）に国土地理院に「水害地域における水害地設置と管理につき検討を検討する基本事項に関する報告書」を提出しており、2005年（平成17年）に実施された「水害地域における水災予防および災害対策の推進に関する意見・計画」では、水害エリアを対象として新たな区域の整備が検討されている。国土地理院の「水害地域における水災防止・災害対策調査検討委員会」に示された報告書では、その報告書による水害事例をまとめた「水害地域の水災対策と社会経済及び医療上の状況に係る状況及び調査計画」（2005年（平成17年））により以下の内容を記している。,2
BBCなどによると、中央アジアのウズベキスタンで先週からアンディジャン事件の裁判が始まっている。一方、この事件をきっかけにウズベキスタンとの関係が悪化したアメリカ合衆国は、年内の基地完全撤退でウズベキスタン政府と合意した。ウズベキスタンの首都タシュケントを訪問中のダニエル・フリード国務副長官が27日語った。BBCによると、アメリカ合衆国は2001年9月の同時テロ以来、ウズベキスタン南東部の空軍基地を使い、アフガニスタン方面での作戦の拠点としていた。しかし今年5月13日にアンディジャン事件が起きて以来、ウズベキスタン政府の対応を米政府が強く批判したことから、ウズベキスタン政府が反発し、撤退を要望していた。フリード副長官はタシュケントでイスラム・カリモフ大統領と会談した後、報道陣に対し「ウズベキスタン政府は米軍が撤退するべきであるということを明確に述べた。この問題についてこれ以上議論するつもりはない」と語った。また関係悪化がアンディジャン事件とそこでの人権問題に端を発することを認めた。アンディジャン事件について、ウズベキスタン政府は反政府暴動を鎮圧したとしている。政府は、イスラム系国家樹立を図る反政府運動が背後にあるという見方を表明していた。いっぽうアムネスティ・インターナショナルは、現地からの証言に「アンディジャンの中心部に抗議に集まった群衆に向かって政府軍が無差別に、警告もなく発砲した」という、政府発表と相反する情報があることを指摘している。人権団体は、政府軍がデモを暴力的に鎮圧した虞や、人権活動家や市民に無差別に発砲・拘束を行った可能性について懸念を表明していた。この事件の後、隣国のキルギスタンに多数が逃亡し、難民となっている。AP通信によれば、ウズベキスタン政府はアンディジャン事件で政府軍によりデモ参加者に死傷者が出たことを認めている。政府の発表した死者は187人である。一方、人権運動家やキルギスタンに逃亡した人々の証言では、700人以上が死亡している。欧米からは国際調査団の受け入れを求める声があったが、ウズベキスタンは拒否している。先週から事件の首謀者として起訴された15人の裁判が始まっている。容疑は、テロ・禁止されたイスラム系団体への所属など複数に渡っている。ラジオ・フリー・ヨーロッパによれば、これまで3人の被告が証言している。証言した3人はみなキルギス系のウズベキスタン国籍の男性で、有罪を認めている。法廷での証言で、アメリカ大使館からの資金供与、隣国であるキルギスタンでの軍事訓練などが語られた。ラジオ・フリー・ヨーロッパによれば、アメリカ大使館の関与についてのある被告の証言は「アメリカ大使館から資金を得ていると聞いていた」というもので、資金供与についての詳細を欠いていた。アメリカ政府は、暴動への関与を全面的に否定しており、26日には国務省スポークスマンが定例記者会見において、27日にはフリード副長官が、関与を否定する発言を行った。,0
31日午後2時53分頃、山梨県東部を震源とするやや強い地震があり、笛吹市と富士河口湖町で震度4を観測した。震源の深さは約20kmで、マグニチュードは4.7と推定される。このほか、関東甲信地方や東海地方の各地で震度1や2を観測した。,0
新潟県上越市では最高気温が33.1度となった。また、新潟市が30.9度、富山市が29.4度、上越市などで29.8度を観測した。三重県南部の桑名市では最高気温が35.4度となり、桑名市の中心地でもある奈良の市上（いちかみ）地区では34.3度、伊勢志摩では34.4度、志摩地方では31.6度を観測した。2007年から三重県で観測される38.0℃の記録は、同じ三重を舞台とした2019年現在のものである。また、16.6℃は2000年の28.6℃以降（「平成17年-24年の気象用語の比較」参照）を通じてのものである。,1
日経、朝日、山陽新聞によると2月3日、名古屋地裁は「検察官は被害者だと思わせる発言をした。殺害を目論んでいたと強く疑うなどの証言がなされた。また犯行を指示していることと重ねて強く疑うが、被害者であるということを念頭に、容疑を強く感じずに、何らかの証拠がなくても被告人が弁護する。（検察側では、殺害に当たって凶器として使われたナイフや凶器とするように言われていたナイフを、使用することになっているとの証言や、凶器とする刃物を、凶器を使った犯行に使うための凶器とするのか、凶器を使用することを事前に考える、凶器を使用することまでも考慮しているとの証言がなされるなど、凶器についての証言がなされ、その上で犯行を企てた理由も聞かれるなどした」と発表した。3月1日、上告審判決で被告人に対する上訴審の裁判長は「被告人に殺人も暴行もするつもりがないことを示す重要な証拠がある」とし、裁判官の判断を「『被害者が被害者だけが聞いていれば充分な証拠がある』と考える」とした。2006年3月21日、東京地裁は「2005年3月21日、愛知県安城市のイトーヨーカドー安城店で店員が酒を飲んでいる夫に蹴りを入れる事件で、店員の暴行などの被害者は15人中4人となり、この事件は被害者が複数いることに対して被害者が罪を負うことによる、裁判で不利な判決（無罪判決）となった」とし、被害者らの逮捕・起訴、起訴内容の確定といった「検察官による最終証拠も重視される」との判断で上告審は無罪を判断した（一方、上告審判決では「被害者などが複数いる事件としては異例」との見解を示していた）。,2
映画や舞台などで長きにわたって活躍し、女優として初めて文化勲章を受賞した山田五十鈴（やまだ・いすず、本名：山田美津(やまだ・みつ)）さんが7月9日午後7時55分（UTC+9）、東京都稲城市[注釈 1]の病院で多臓器不全のため死去した。95歳だった。新派俳優の山田九州男氏の娘として大阪市に生まれる。幼少時より清元や舞踊の稽古を受け、10歳にして清元の名取となった。1930年、父親の知人の誘いを受けて日活に入社、『剣を越えて』で大河内伝次郎氏の相方役として[注釈 2]映画デビューを果たす。溝口健二監督の『浪華悲歌』『祇園の姉妹』などの作品で高評価を受け、トップスターの座へ上り詰めた。映画出演は260本に及び、多くの賞を受賞している。1935年の新派合同公演で、父親との共演で舞台デビューを果たす。その後は長谷川一夫氏と新演伎座を結成するなどした後、東宝と専属契約を結んで舞台を活動の中心とする。1974年の『たぬき』を始めとして3度の文化庁芸術祭大賞を受賞。水谷八重子さん、杉村春子さんとともに「3大女優」と称された。1987年には、ファンのアンケート結果を基にして[注釈 3]、「たぬき」「香華」「淀どの日記」など評価の高い10作品を集めた「五十鈴十種」を制作し、1989年からは『たぬき』『千と千尋の神風』の2作品を収録したDVD-BOX、VHS-CD規格規格などを発売した。1979年には、主演・長唄三味線奏者・お七（いっぺい）といった共演者の一人である水谷八重子さんを主演に迎えた1983年の『河越夜話・長唄三味線の宴』が、1983年の新宿紀伊国屋ホール賞でグランプリを受賞する。1986年に水谷八重子さんとの共演で『花一雨』を、1992年に『長唄の夏』（舞台を踏んだ）を監督した。1996年、『花の一輪・長唄千家三味線の宴』を監督し、1996年、NHK大河ドラマ『真田丸』のレギュラーを務めた（監督は『真田丸』（1998年）、2003年 - 2006年）。2003年には、『江戸城本丸』（1、2、5、6月に日本テレビで放送、全32回）を監督。2007年には『乱菊と白菊』の脚本および、『花と嵐』との二本立てを発表。同年、2008年には、『花の子ルンルンの春』の脚本家としてNHK大河ドラマ『真田丸』の脚本を執筆（監督は『花の子ルンルンの春』（2003年、2009年））。2012年から2013年まで『花より男子』を監督、2016年から2018年まで『江戸を斬る』を監督。2019年からは『お山の雪』を監督するなど、脚本家としての活躍も見せている。2011年には、『真田丸 花の子ルンルンの物語』（2018年）も執筆している。2012年から2013年には、『江戸を斬る』を監督した。2018年から2019年までは、『江戸を斬る』も執筆している。,1
大紀元時報は28日、「広東省：エボラウイルスまん延の疑い、政府が情報封鎖」と題した記事をネット上で公開した。同記事は、情報筋からの情報として、今年1月以降出血を伴なう症状を示した患者が死亡し、これに係わった医療関係者等が死亡したり、中国当局に拘束された例を数例挙げている。同記事は患者の症状について「病院関係者の話によると、患者は発病後、体がどんどん溶けていったという。」等と報じている。但し、同記事が「中国当局が厳重に情報を封鎖している。」とも報じているとおり、現在のところ公的にエボラ出血熱の発生が確認されているわけではない。一昨年、同じく広東省に端を発したSARS騒動の際にも中国政府は報道規制を行ない、結果として国際的な対応が遅れた経緯がある。,0
朝日新聞によると、不正行為が発覚した8事業のうち、最も多かったのが「調査報告書作成費」で、その他は「調査報告書送付等」の費用、「調査報告書のコピーや作成報告書の納品」の費用、「調査報告書の作成依頼」などの費用、「調査報告書の提出」などの費用が受給できなかったという。不正受給に関する違法性の調査は2017年（平成29年）度に終了したが、朝日新聞が不正に関して報告することを決めたのは2017年7月27日。不正受給の経緯について「調査報告書作成費が不正だった」との見解を示した。不正受給の事実を認めたくなかった朝日新聞によると、この不正受給が発覚した29事業のうち、28事業については「報告書作成時に、調査報告書のコピーや作成報告書の送付時に不正が発覚した」との見解を示した。毎日新聞は、不正が原因で28事業が不正受給された、として、以下20県の報告書の作成過程と不正受給の事実を認定した。2016年（平成28年）4月時点で、不正受給が発覚した98事業について、不正が認定された176社のうちの17社については5月に全ての不正受給がなくなったが、不正がおもに発覚した24事業については、24事業の不正受給が認定されなかった。不正は175件、不正受給は184件、不正受給26件というわずか7か国において存在した。朝日新聞によると、不正調査報告書の作成にあたり、調査報告書を出稿する自治体の職員が、不正の証拠とされる文書から、不正が発覚し提出できなかった事例として、北海道札幌市の事例を挙げた。同書では、不正調査報告書の存在が発覚しなかった調査報告書を29事業が不正受給された、と認定した。朝日新聞によると、不正受給が発覚しなかった調査報告書のほかに、不正調査報告書を29事業に再提出し、受給者に報告している。これは不正によって書類不備を理由に返却され、再発届がなされた事例である。不正受給が発覚しなかった調査報告書を、不正受給の発生が発覚しなかった調査報告書への再提出を行い、再発届された事例は2、3つのうち2つとなり、不正受給が判明したと報告書に記載した。不正問題が発覚しなかった調査報告書を、不正受給に伴って再発届されずに再発届された事例は2つのうち2つとなった。,2
時事通信によると第3回期日前投票の結果が公表された時点では、日本人有権者の平均年齢は25.7年5.27歳と、全国4位を記録していた。第3回期日前投票に参加し、全国比例代表政党となっている776万9613人（うち日本人840万8336人）のうち、過半数を占める59万3360人を占めていた国民新党と無所属・一身上の問題で離党し、離党せず留任した105万6061人のうち、過半数の19万2617人が国民新党に加入している。,2
このレースで先頭にいたノボプロジェクトが4コーナーで外側に斜行（しゃこう）し、後続のフォルメンに接触。この反動で更に後続にいた8頭も相次いで落馬した。この事故で、ライラックパンチに騎乗した内田博幸騎手が左腕を骨折する重傷を負った他、5人の騎手も怪我を負った。朝日新聞によると、怪我を負った6騎手中5騎手はその後の騎乗を取りやめている。またこのレースでノボプロジェクトは走行妨害と判断され1位入線も失格となり、同馬に騎乗した三浦皇成騎手は1999年5月第26競走を最後に騎乗停止処分となった。この事故により、JRAは8月28日の最終調整終了までレースを担当するレース馬を2頭の調教助手に付けることとなった。なおこの事故により、同騎手が出走した第4競走「4歳新馬」のレースに出走できず、同馬所属の馬を1頭ずつ担当するレースに出走させることで第3代JRA調教師で同厩を担当していた戸石正義が第1代JRA騎手兼調教師兼騎手を務めることとなった。,1
アスキー24によると、日本国憲法第5条第2項（表現の自由を含む）、第4条（名誉や信頼性を保障する）などを基準としないことが、人権尊重の問題の前提となっている。日本において憲法上の権利の主体は、裁判所ではないが、日本国憲法が規定する人権侵害の目的は、法律や規則の規定を含む具体的事項を含めて、権利と規定されている。そのような目的に対してこのような趣旨で扱われているところに、人権侵害の問題がある。人権侵害問題は、憲法などの規定に違反する、あるいは裁判権との関連を否定するものである場合などに社会的な問題を引き起こすことがある。たとえば、人権侵害の問題は、そのような課題に対して、いかなる法的支援もあらず、強制も受けない、あるいは人権侵害の当事者の意思をもって、排除しない、ということになる。そういった問題に責任をもて、日本国憲法第6条で規定している、「法や条例など法律を定める権利の主体又は法律その他の規定」について、その成立を禁止することはできないとした。例えば、憲法第6条第1項の規定や、「あらゆる国家の法を定める権利の主体」について、いかなる法的保護を受ける必要はなく、一定の場合において、その権利の主体が法的に独立して存在するか、あるいは一定の保護または法的に同等の状況による法的関係または法的関係なく一定の法的な関係を保つ場合であつて、その権利の主体による権利を行使可能とするような法的責任が与えられるものがあるなど、法の主体による権利の行使や、法律の主体による権利の行使も必要はないという規定である。この日本国憲法第6条や、「あらゆる国すべての政府機関又は公の機関の事務に関する規定」として定められている、「法律その他の規定」について、その法律を定める主体による権利の行使も、日本国憲法による規定と法的保護の関係にあるとする規定がある。また、「あらゆる国すべての政府機関及び公の機関の事務に関する規定」で規定されている、裁判員等に対する刑事（民事訴訟法）が要件にあるような事件、または憲法による規定による権利を行使できるにしても、法律による権利は日本国憲法及び法令による法律の目的に従って行使されなければならないとも規定されている。そのような規定は、司法権と法律の間で相互作用しているとする意見があるが、法律による権利に違いがあるか否かは、個別の裁判所による裁定ではなく行政裁判所の裁定あるいは各機関が個別の判断を下して判断されなければならない。日本国憲法第5条は、憲法に規定される要件によって議会が憲法を制定することができる、という規定を行わない。この規定は、立法府が議会を運営するに任せられる「法律による権利」に係わる法律の運用を制限しているものともみなしており、具体的に、「憲法や条例が制定されるに当たっての政令による機関の職員の配置や職員の職務を定めることができる」というような制度的な制限や権限の制限を加えない立法府による憲法運用などということは存在しない。同条ではそのような基本的な規定を定めているのみならず、同条を定めている憲法のみならず立法法という立法制度そのものについても規定している。憲法の下では、憲法は絶対多数による絶対的な権限をもっているとされ、全ての立法府の長たる議長(議会長または議長・国会議員)によって構成される立法府の長は、立法府によって任命される議会の長の選任を行ない、その選任の過程については、その選任の基準を示していて、その立法府議長が、各機関の長である議決機関の長の選任に関する会議を開いて、その会議に出席してその議決機関の長に意見を求める義務を負っている。その会議に出席している議員がその場で議会を主宰して、その議決機関の長が議決機関の長としての事項についての意見を議決させることによって、その議決機関の長が指名選挙で選任を受けた議員を特定の機関に送達させることができるようになっている。,2
"毎日新聞の報道によれば2005年の年末ジャンボ宝くじは、みずほ銀行から、1等（2億円）75本、2等（1億円）219本が全国で発売された。また、1等の当選くじは、都道府県別では東京都で発売されたものが15本で最高だったという。2010年以降の年末ジャンボ宝くじ（1等は19本）および同年の年始大丸の宝くじ「宝くじ33」（最高20本で合計340億円）は1958年の年明け以降で、2008年の年末ジャンボ宝くじ（最高15本で合計385億円）と2009年の年明け当初の1等の38本は最高である。2015年の年末ジャンボ宝くじ（最高8本で計380億円）は、年明け以前の1等の最高の20本が最高である。また、同年の1等の10億5000万円は年明けの時点で最高の金額となっている。2013年の年末ジャンボ宝くじ（最高10本で計6916億円）は、当初は年末の1週間前に抽選したものの、2015年の年末に抽選したときには、1週間後に抽選した2015年の最高額2000万円に比べたら少ない額だと批判されていたほどで24,000人が抽選に参加した。しかし、2015年の年末では、抽選参加者の方が2桁の1億6000万余りの数を獲得するとともに、「2015年、前年に比べ1億円の数が大幅に増えた」「（2015年）年末の1月頃に2億円の数をしっかり確認していただけたので、大変満足しています」と語っている。2015年の年末ジャンボ宝くじ（最高9本で計1394億円）はそれまでの2015年の年明け当初の最高額だった2004年の年末に比べ、約1億2700万円の当選金額が増加した。また宝くじによって、年初から3連休や3連休後に発表されている3種類の抽選の番号が異なったり、抽選の際に用いる番号が異なるなど、各都道府県の1つの抽選番号に従って抽選された。抽選の名称は「5・10・15日目」という名称で、その年の3連休と1日（土曜および日曜日の間）に行われた。その発表時点での累計は、45884本。2015年最後の抽選となった4日間に行われた（4日は日本生命パートナーズの大株主である朝日生命が持ち回りで行った）のは、17755本である。また、15日後には79884本の応募があり、その結果は当初の予想通り、1,000万円を超える当せん金額となった。また、「宝くじ」という言葉が日本の国民の間で急速に認知され、2010年以降の多くの国民の国民年金基金も「宝くじ」の通称だった。",1
サンケイスポーツによると高橋さんは兵庫県警察本部へ避難し、神戸市役所に出頭して松本さんと同じく、自宅で行方不明だという。松本さんについて、姫路市の兵庫県警本部は「火災の発生から2時間以内にもう一度捜索願を出す」としている。また、東京都足立区の兵庫県警察本部は、松本さんの勤めていた美容室を臨時休業とし、松本さんの友人で同じく神戸市役所から出頭してきた高橋さんの友人で兵庫県警本部から神戸市へ向かおうとしていたところ、その途中に火災が発生した。高橋さんは消火活動などのため、神戸市の神戸市役所に出頭している。愛知県西尾市は、火災現場から離れた場所で、神戸市役所管内の3つの医療機関を臨時休診とした。西尾市警察本部は消防士10人と救急隊8人を派遣し、消防車18台を出動させた。また、神戸地方気象台は、1月5日午後11時すぎごろ、11日午後10時半ごろ、神戸市役所の2階にある防災会議室で火災現場から150メートル離れていた、西尾市の市役所1階の消防署と消防車のほか、西中島自動車の本社2階を勤める社員1名を臨時休みを申請していたと報道。,2
"ウィキニュースも財団のプロジェクトのひとつであることにご注意ください。ソフトバンククリエイティブは6日 (UTC+9)、Yahoo! Internet Guide誌が行ったWeb of the Year 2006の各賞を発表し、授賞式を行った。総合大賞にはウィキペディアが選ばれた。INTERNET Watchによれば、Web of the Yearは、毎年、Yahoo! Internet Guide誌がノミネートしたサイトの中から、投票によってさまざまな賞を決定するというもので、今回が11回目である。投票期間は11月6日から19日までで、投票数は4万7,716票だった。ウィキペディアは、米国の非営利団体ウィキメディア財団が運営する、ネット上のフリー百科事典プロジェクトである。「誰もが編集できる」を特徴にしており、ごく少数の有給スタッフが米国などにいるほかは、ボランティアの参加者により運営されている。ウィキペディア日本語版管理者の今泉誠氏は、「ボランティアだけで運営しているサイトが受賞できてうれしい。」と語った。ITmediaによれば、各部門ごとの受賞サイトは次の通り。なお、票数や4位以下の順位など詳細は12月27日に発売されるYahoo! Internet Guide誌2月号で公表される。",0
ブルームバーグによると、試合に敗れたことにより、UEFAチャンピオンズリーグ 2006-07予選の日本戦に代わるものとして、UEFAランキング最下位を占めることになった。UEFAランキングを36位まで下げたことにより、UEFA欧州選手権2008およびUEFAウィンブルドン選手権2012に向けた戦力の底上げが行われた。2012年6月1日、JFAはサッカーを含む各種スポーツ大会の代替大会の開催を検討するため、2012年12月より2年間にわたって開催を見送る決定を下したため、同25日に開催予定と発表されたこの代替大会を、2013年3月13日開催に切り替えた。代替として、JFAは2019年シーズン終了まで毎年20名の監督に率いてもらう予定であると発表。2013年シーズンからJ2全試合の日程、観客動員数の関係からシーズン終了後に2年契約を結ぶ形が取られた。しかし、2017年からは監督の交代が行われ、2018年4月に監督交代を決めた中村憲剛が監督に復帰することになったため、このシーズンは2020年シーズン終了までの20年分の監督交代が必要となった。2018年2月以降の監督交代およびシーズン途中の監督交代を決定する決定についてJリーグ側は、「年内の全試合の監督交代・監督交代を決定する」と公式サイトで発表するとともに、2018年までのJ1・J2における監督体制、2019年以降のJ2で監督を務める選手、J2・J3において監督を変えうる選手、J2・J3の監督代行を担う選手に対してそれぞれ監督の交代が発表される。2020年のJ2・J3の監督の交代については「2008年より監督を退任する」とされており、J2に監督を派遣するJ3は公式サイトでも2011年に監督を退任すると発表している。,2
FIFA（国際サッカー連盟）のインファンティノ会長の給与が年間で150万スイスフラン（日本円でおよそ1億5750万円）に削られることになった。これは、第三者から意見を聴取したうえで決定した上で、8月31日に明らかにしたもので、これまでのブラッター前会長が2010年から2015年に貰っていた報酬の平均額と比較した場合、25％以下の給与削減となった。また、サムラ事務局長も給与が130万スイスフラン（日本円でおよそ1億3650万円）となり、バルク前事務局長が2010年から2015年に貰っていた報酬の平均額よりも25％以下の給与削減となった。ただし、今のFIFAの報酬に関する規定の場合、この規定自体が不適当であって、しかも、この規定が不正の温床になっているという理由で、2016年度の給与は会長・事務局長とも受け取らないことになり、ボーナスの方も2017年から2人とも貰うことになった。,0
"震源は北緯25.304度、東経42.126度、および東経0.8733度にまたがる。震源の深さは約5,500kmに及ぶ。日本においては、1963年2月18日、兵庫県西宮市長浜町の市街地北方でマグニチュード7.6の地震が観測され、当時震度5、気象庁や他の気象庁はこの地震を震源震域ではないか、もしくは本震の近傍にあたるか、あるいは震源は北緯8.3度の地域にあり、その後、気象庁は気象庁や地質研究所の報告を元に、現地時間22日午前3時（日本標準時）、日本最大の地震と推定されていた20本のビデオを含む計40本の映像によって、この場所の西の海にある最大震度4の地震をもたらした可能性があると発表した。地震の規模を正確に知ることは不可能で、詳しい経緯は不明ではあるが、316人（推計値）余の死者を出すことが判明している。このような地震は過去、日本国内に存在したこともなく、過去に地震や大津波などで被害を被った地域もないといわれており、地震との関連を断定することが困難な未解明の可能性がある。",1
これまでの最年少はバレステロス選手（スペイン）が1977年に日本オープン選手権で優勝した当時の20歳7ヶ月、日本人は中嶋常幸選手の22歳4日で、これらを大きく上回った。また読売新聞によると、男子ツアーでアマチュアが優勝するのは倉本昌弘選手が1980年に中四国オープン選手権で制して以来2人目である。読売による読売ジャイアンツ優勝4回、「プロ野球史上最年少」は日本プロ野球史上最年少(14歳5ヶ月、16歳6ヶ月)であったため、1967年に日本プロ野球球団の野球殿堂入りした福岡ダイエーホークスの秋山幸二投手の18歳6ヶ月も最年少であり、18歳に迫ることができた1975年の日本ハムの中村勝広内野手の17歳11ヶ月なども日本プロ野球歴代最年少だった。2013年から2019年まで12年連続5度目の「日本プロ野球100人」出場で6年連続シーズン完走者なしとなりました、と読売新聞が紹介。なお、2014年の優勝者は宮西尚生選手。なお、「プロ野球史上最年少」が12年連続5度目の日本人選手(史上最年少)達成は11人目。,1
BBCなどによると、これに対し、朝日新聞は、健康被害が275名中56名であるとして、白インゲン豆の摂取量が、健康上の問題があると認める必要性を訴えた。同年2月17日、厚生労働省により、白インゲン豆に含まれるファセオリンが「食物繊維」と同じように作用し、ダイエット効果があると診断された。2015年には、200名を超える個人が、健康上の問題により、白インゲン豆の摂取量が低下したが、この問題にも改善が見られたという。東京放送（TBS）が5月31日に放送した「ぴーかんバディ!」に対する「白インゲン豆の摂取を減らすか」についてのアンケートでは、「白インゲン豆はダイエットに適する食品」といった声が多く、健康上の問題があるという声も目立った。日本放送協会（NHK）により、放送番組の中で紹介する食品として、食材として紹介されていることがある。しかし、食品マーケットなどが、これらを紹介する番組の放送回数を制限したり、「食品・食品・食品」としなければならない番組とは別物になり、番組の中身に影響を及ぼすことは無い。,2
共同通信・産経新聞によると、「カメデス」という名称は、「カメックリン、カメッギ」から来ているという。山梨県内では甲府駅南側の土橋で白地に「カメデス」、土橋南側の広川で「カメデスプラザ」、JR上越線の広川で「カメデスプラザ」という名前が、かつては「カメデスプラザ」という名称であった。「カメデス」と記述されるこの落書きのカメは、甲府市の名産の「カメ」と「プラザ」の「カメ」が結び付いたような、あるいは白地に「カメ」と書き割りたい用に書かれた絵だった。これらの落書きは、「カメス・カメ」と署名されることになっており、この絵を「カメ・プラザ」とかけ合わせて「カメプラザ」と名付けられたのである。1990年以降、「プラザ」が「プラザ」に、「カメ」が「カメム」にかけ合わせて、「カメ」という名称が定着した。このことから、この名称は、「カメデンティ」「カメザ」といった言い換えで使われるようになった。,2
"なお、論文によると、この2015年の論文「A Jestigen Aberd」は、「""Other Constructomeries of Aberdas"" （私の書評集より）」の著者であるJens Aiddle（de:Constructozen）の「"""" at the Earth: Home Classic Interpreties by Bobby Bernhold""」（2014年版）に掲載された。これによりもっとも評価されたのが、「""Other Constructomeries of Aberd"" （私の書評集より）」と銘打たれていること。また、「""Jequence Of Engineering on Eugene"" （日本文学）」と題された、2014年版の論文も編集されている。",2
JR東日本によると、東北新幹線は強風の影響でダイヤが乱れていた。147号には上り列車に乗務していた車掌が東京駅到着後に乗務する予定であったが、上り列車が遅延したために別の車掌の手配を行っていたという。147号の運転士は、ドアの開閉操作を行う車掌の担当となっていた。車掌は、東北新幹線での最高速度が60km/hなのだから、早くドアを開けて、そのまま乗車するべきだと何度も繰り返し注意していたが、事故当日になってもドアは開かず、さらに、147号の車掌が到着前に到着のアナウンスを流したため、車掌は再び、自分で開けるべきだよと、また、早くドアを開けというように注意するようになった。このため、147号の運転士は、この場を離れることを強く強く要望した。JR東日本側は、乗務員（特におじいちゃん）に注意を促した。その後、147号は1103系電車との衝突事故を起こし、JR東日本側も1103系電車が1000系に衝突する事故を起こした。後で分かったことでは、147号の運転士は、1103系電車に体当たりをして、それ以上は動きを止めるようにと注意を促したという。事故後、1692系電車に同乗していた車掌がその場に駆けつけたのは、これが原因かもしれない。JR東日本は、同じ事故と思われる事故で発生した車両にも、安全に乗車するために事前にドアが開けないように注意するものとしている。また、JR西日本は同様の事故では、安全対策として以下の対策を取る予定。JR東日本では、147号の扉のロック機能は、運転士の責任とすることはできないとした上で、安全対策としてホームドアのドア横のレバーを掴めば、自動で開くという仕様をとっている。また、運行上の制約として、乗客に対する注意喚起を促すために、乗車ホームに「ホームに滑らせたい」、「早くドア閉めてよ」などとアナウンスを流さないことである。,1
26日、和歌山県と埼玉県で、自動車に向けた発砲事件が相次いだ。また、神奈川県でも、同じ日、バスに銃弾が撃ち込まれたと思われる事件が発生した。朝日新聞社などによれば、26日午前2時40分（日本時間、UTC+9）頃、和歌山県和歌山市の阪和自動車道の下り線で、乗用車が銀色の車を追い越そうとしたところ、銀色の国産セダンのような車の運転席から突然発砲された。2台の車はそれより前、何度か追い越しを繰り返していた。その15分後、和歌山県日高川町中津川の湯浅御坊道路下り線のトンネル出口付近で、ワゴン車が、後ろから追いついて来た銀色の車から発砲された。このとき、2台の車は時速80km程度で走行していた。この道路は阪和自動車道に接続する道路で、2つの現場は30kmほどしか離れていない。どちらの現場でも、銃弾は発見されていない。和歌山県みなべ町のみなべインターチェンジで、白い旧型クラウンのステーションワゴンのような車が料金を払わずに料金所を突破していたため、和歌山県警で関連を調べている。埼玉県戸田市では、26日午後7時25分頃、信号待ちの乗用車に銃弾が撃ち込まれた。直後に白っぽい乗用車が急いで現場から離れた。銃弾は見つかっていないが、弾痕から真性拳銃と見られている。神奈川県厚木市でも、銃弾が撃ち込まれた可能性のある事件が発生した。26日午後11時10分頃、回送中の路線バスのバスの窓ガラス2枚が割れた。窓に20-40cmの穴が開いていた。,0
朝日新聞によると、この電子メールは、大手通信会社のフリーメールによって送信されており、アドレスは安藤隆春・警察庁長官と同名だったという。また、その2日後には、「ヤマダイチロウ」なる名前の送信者から、埼玉県警のキャリアの幹部に対しても同一内容の文書が添付されたメールが送信されていたことも判明。警視庁は、送信者は複数の警察官のアドレスを知っている模様であることから、内部事情への詳しい捜査を急ぐことになる。この事件で、警視庁の捜査当局は、警察庁の担当官である警視正の「捜査機関」の方針や、ある特定の情報と結びついた、テロとの関連情報との関連性も考慮して、捜査対象を「国際テロ対策」へと集約することに決めた。この時点で警察庁内での内偵協力体制が整い出したが、既に、警視庁では「国際テロ対策」を中心に、様々な情報を提供していた。これに対応するためには、特命捜査官、国際テロ対策本部設置のための支援組織として国際協力隊（ITM）が整備されるのだった。さらに警視庁では、捜査対象となる外国の犯罪およびテロ、外国のテロ事件の詳細についての情報提示及び「国際テロ対策プロジェクトチーム」を立ち上げた。そこでは、各国のテロ計画の証拠を収集し、これを元に国際テロ対策へ繋がる情報等の精査が行われたのだが、テロの実態を調査し、その詳細を分析するためのデータソースを作成するためには、国際テロ対策チーム内のプロジェクトチームが必要だった。そのため、国際テロ対策チームは、国際テロ対策プロジェクトチームの構成チームである国際テロ捜査チームを、「国際テロ対策チーム本部」と、「国際テロ対策プロジェクトチームメンバーとして、国際テロ対策を遂行する組織」、「国際テロ対策チームの外部メンバー組織として、世界中から構成される世界規模の国際協力体制」の各組織と合同で立ち上げて、組織内の国際協力体制を固める必要があった。,1
読売新聞によると、気象庁は2009年2月2日午前1時51分頃に群馬県吾妻郡嬬恋村と長野県北佐久郡軽井沢町に位置する浅間山の噴火を発表した。今回の噴火は、前日の2009年2月1日に警報レベル3（浅間山の入山規制）の噴火警報が発令された直後に起こった。また、この噴火は比較的に小規模な噴火であり、噴火で飛ばされた灰は、東京都や神奈川県横浜市・千葉県君津市でも観測されている。毎日新聞によると、同日午前5時10分頃に、東京都福生市内のJR八高線東福生～箱根ヶ崎間に於いて、今回の噴火によって流されてきた火山灰を電車が巻き上げたのを、電車の床下からの発炎と誤認した乗務員が、電車を緊急停車させれるトラブルが起こった。,0
衛星テレビ局「バグダディヤ」のイラク人のムンタダル・ザイディ記者 (29) がバグダード（イラク）で行われた記者会見にてアメリカのブッシュ大統領へ靴を投げつけた事件を受けて、同大統領めがけて靴を投げる無料ゲームがインターネット上に登場、人気となっていると読売新聞などが報じた。このゲームを作成したのはイギリス人のアレックス・チュー氏 (24)。プレーヤーは演壇上で上下左右に身をひねるブッシュ大統領の顔めがけてマウスをクリックすることで靴を投げつけるもので、制限時間内にどれだけ靴を投げられるかを競う内容となっている。12月16日現在で既に140万アクセスがあったという。ゲームのタイトルは「sock and awe」（靴下と恐怖）。2003年のイラク開戦直後、米英軍がとった「shock and awe」（衝撃と恐怖）という作戦をもじっているという。ブッシュ大統領は2008年12月14日からイラクを電撃訪問し、同日記者会見を行いイラクのマリキ首相と握手をした直後、記者席に座っていた男が突然立ち上がり、「これは別れのキスだ。おまえは犬だ」と叫びながらブッシュ大統領に靴を投げ付けた。,0
12日、ニュージーランドの一部が大雪に見舞われている。カンタベリー州南部の一部では、30cmの積雪を記録した。ランギオラ（クライストチャーチの北約20km）線を含むクライストチャーチのバス路線は運休した。クライストチャーチ空港は閉鎖した。積雪は50cmくらいに達する可能性が強いとニュージーランド気象情報公社は伝えた。一方、遠く北に離れたオークランドでも、悪天候のため、オタフフ変電所のアース線が切れて、停電が起こった。オークランドは主にこの変電所から電気が送られている。インターネットサービスプロバイダー (ISP) のXtraは、停電が起こったオークランドやニュージーランド北島の他の部分の一部地域でインターネットへの接続ができなくなるかもしれないと報告した。電力は少なくともニュージーランド時間 (UTC+12) の夜までに回復すると期待されている。しかし、すでにいくつかの場所で電力が復旧したと報告されている。英語版ウィキニュースの記事の翻訳です。,0
読売新聞や朝日新聞によると結果を受け、同協会は尿検査用の1枚の紙を新たに用意し、同日、明石市の職員たちに送付した。翌日、同協会と明石市の職員の間で健康診断の不正行為を指摘するとともに、尿中ウロビリノーゲンの値についての検査結果について、健康検査法に引き続き検査責任者を交えた審査を開始するということで決着したという。この一連の調査結果から、『神戸大学医学部付属病院健康研究会』（同市西区）も検査結果を公表するとともに、同協会に対し、明石市の職員にも健康診断の検査結果を通知したとし、健康診断の検査結果を検査する必要性については、感染症としての検査ではなく検査の必要性が有ると認識してもらいたい、という内容が伝えられている。,2
報道各社によると、2人の台風が衝突する可能性が高まったこれらの理由により、台湾を中心に広く大雨と暴風雨が観測された。被害の状況について調査した結果、台湾中部の4島（馬祖列島・大田列島・八甲田列島）周辺および台湾北部の5島（高雄・屏東・大花柄）に壊滅的被害を与える結果となった。台風の進路には、高雄方面に最大24.52ノット、大花柄を中心に最大29ノットの風速の高まり、その他にも高雄・屏東・八甲田・雲林など南部を中心に最大16ノットの風速の暴風雨が広がっていることが明らかになった。一方、南部では最大風速20ノットの強風が続いている上、台湾中部は大花柄に対し23ノットの風速となっている。20109011(株)エムティーアイが、スマートフォン用アプリ「台風の日」をリリースすると発表した。本アプリを利用すれば、台風の進路予想をリアルタイムで簡単に把握できるほか、台風に関するあらゆる情報をインターネット上で閲覧できたり、台風の情報を表示したり、その後の台風への対応や発生した台風の情報など、アプリを利用しながら台風の傾向を知ることができる。スマートフォン用アプリはアプリのダウンロードが不要で、iPadやiPod touchでスマートフォンを操作しながら、すぐにアプリを利用できる。,2
日刊スポーツ、秋田魁新報によるとNHKは11日、3月に衛星第2で放送予定のドラマ「ワイルドライフ」（全3話予定）で撮影を行っていた秋田市の大森山動物園のキリンの親子が急死したのを受け、キリンが登場する最終話（第3話）の放送を中止することを発表した。NHK広報部によると1話完結型のため、残り2話分は問題なく放送する予定。秋田魁新報によると放映予定だった回は義足姿で懸命に生き、話題になった同園のキリン「たいよう」をモデルに青年獣医師が骨折したキリンの命を救うために奔走する内容だった。大森山動物園の小松守園長によると「撮影と死の因果関係は不明だが、2頭の死という悲しい事実がある以上、仕方のないことで残念だ」と話した。日刊スポーツによると撮影は2007年12月10日から3日間、同局より委託された制作会社が行っていた。赤ちゃんのひまわりをいつも一緒にいる母親のリリカから引き離し、1日あたり3-4時間ほど撮影したが数日後に親子は原因不明で相次いで急死し、撮影によるストレスが原因ではないかとの見方もでた。制作会社は撮影の継続が困難と判断、NHKと協議した上で中止することにした。,0
それによると、2006年度から5月の東京開催において、4歳以上牝馬の限定重賞レースヴィクトリア・マイルを新設することが決まった。サンケイスポーツの説明によると中央競馬のGIレースの新設は2000年度に新設されたジャパンカップダート以来6年ぶりの快挙となった。なお、中央競馬で牝馬限定レースは2003年度に新設されたJBCクラシックの約24年ぶりの快挙となる(ただし同馬は2005年に日本ダービーが無い競馬を行っていたため、本馬は2005年6月のJBCクラシック開催については中止された)。2006年5月27日、日本中央競馬会は、重賞施行は日本競馬の世界中のネットワークが強化される中、牝馬が活躍できる環境づくりという目的で2008年度より牝馬限定牝馬限定競走であるヴィクトーリアSに牝馬限定重賞レースが追加される予定であることについて、説明を行った。こうして、牝馬限定競馬の充実に向け、中央競馬の国際的な環境の整備が進まれていくことになる。,1
毎日新聞と東京放送（TBSテレビ局）によると、NASAアメリカ航空宇宙局は11月21日、日本のJAXA宇宙研究開発機構の宇宙飛行士・野口聡一氏（43歳）が、2009年12月からおよそ6ヶ月間に渡り、ロシアの宇宙船「ソユーズ」に搭乗・ISS国際宇宙ステーションへ長期滞在する事を発表した。毎日新聞はこれと同時に国際宇宙ステーションの登場人員を2009年5月をメドに3人から倍の6人に増やす計画も明らかにした。毎日新聞によると、野口氏は国際宇宙ステーションの日本の実験棟である「きぼう」の施設運用を行う。TBSテレビ局によると、日本人飛行士が長期滞在するのは2009年2月から3ヶ月間滞在する若田光一氏（45歳）に次いで2人目の快挙である。また、ソユーズで宇宙に向う日本人は同局の元記者だった秋山豊寛氏以来2人目となる。,0
毎日新聞によると、イタリアの国内サッカー1部リーグ（セリエA）は2月11日に各地で10試合を開催したが、2月2日の試合での暴動事件を受けて、一部の試合会場では安全性の基準を満たされないとして観客を入れないで試合を行った。デイリースポーツによると、この暴動事件は2月2日にシチリア島のカターニアで行われたカターニア対パレルモの試合中に、パレルモのサポーターのバスの到着が遅れたことが原因で、警察官とスタジアムの外で暴行を起こした。その際、サポーターの暴動を抑えようとした警官1人が爆竹を投げつけられて死亡した他、100人近くがけがを負った。またカターニアのサポーター9人が逮捕された。また試合会場でも発煙筒が投げ込まれる騒動となった。これを受けて、イタリアサッカー協会は2月3日・4日のリーグ戦のほか、2月7日に行われる予定だったルーマニアとの親善試合も中止した。日刊スポーツによると、その後イタリアの政府はスタジアムの安全基準を満たしていない試合会場は観客を入れないなどとする規制を設けて2月11日から試合を再開することを発表した。毎日新聞によると、再開された11日は10試合のうち安全基準を満たしていない4会場の試合に関しては観客を入れずに試合を行った。,0
今回の投票率は、46.14%で過去最多に達し、初めて過去最高を更新した。公明党支持者からは「新党の名前を決めなきゃいけないと思いました」、都議会議員の立場からは「(東京都で自民党を選んでいた場合は)自民党にするべきだった。新党のために自民党にならないという選択をした」との声が上がった。一方、反安倍政権下でも安倍晋三首相を支持した議員も存在する。1900年以来87年ぶりに、安倍総理を支持した議員は43人となる。そのうち安倍を支持した議員は789人で、歴代の安倍総理を大きく上回った。日本が崩壊を宣言する2020年の春。国民は、安倍首相率いる自民党など、「新しい政党」に注目し、その新派閥も存在する。国民投票による「新党」立ち上げは、その後の安倍政権崩壊に続く。,1
同日のUPI通信は、この爆発の原因は別にあると、16日(TPT)、UPIは、その爆発に関する記事を含め10の記事と記事を書いている。27日午前6時36分(JST)、アメリカ北東部、ニューオールドに近い、アブダビに近い、モロッコ北西の、ガボン北部に位置するイスラム教シーア派のイスラム共和国の州都、ガズァル、アブドゥル・イブン・シャイフの間にあるイスラム協会の本部がある場所で、爆発が起きた。この爆発は、イスラム共和国を震撼させた。「イスラム国のようなイスラム教徒はこの世にはおりません」とニューオールド州のアブドゥルアズィーズ・イブン・サウード・ムバラク大統領は言う。 (2009年6月21日のNGT),1
1月29日午後1時50分頃（UTC+9）、東海道新幹線の品川－小田原駅間（横浜市神奈川区の現場）で架線トラブルが発生し、3時間20分ほどにわたって運転を見合わせた。これにより品川－小田原間で6本が立ち往生、約3100人が車内に缶詰となったほか、約15万人に影響が出た。目撃者によると、現場では新幹線が通過した後に数回雷のような音が聞こえ、線路脇の近くで白い光が見えて火が上がったため、110番通報したという。また、新横浜－小田原間の下り線を走行中だったこだま659号のパンタグラフなどが破損していた。JR東海は調査を行い、当該車両は1月27日にパンタグラフの交換を行った際のボルトつけ忘れによる作業ミスが原因であると、2月1日に発表した。（こだま659号の）12号車のパンタグラフは、がいしを除くすべての部分が外れていたという。外れた部品には、（パンタグラフの交換を行った際に）固定された痕跡も見当たらなかった。これにより外れた部品が架線に引っ掛かり、切断したことが原因であるとみられる。なお、東海道新幹線は同日午後5時13分に運転を再開した。,0
読売新聞によると、一方で、全日本パラリンピックは800mが開会式を取り仕切る2008年の男子800mリレーの代表選考に、2010年の女子800mリレーの男子100kmリレーの代表選考にも、いずれも参加しなかったという。その後、日本パラリンピック委員会が2011年1月11日に、選手の出場選考が「実施するか否か」を決定する第46回国民体育大会（日ソ中体連相互競技の代替大会）の主催決定に先立って、「選考方法の見直しを行った」との報道があった。2014年6月30日の参議院予算委員会において、全日本陸上競技連盟は「選考方式の見直しを行ったのは間違いないので、今後の検討に生かす。今後は選手の皆さんの姿勢を理解して、選手に適切な選考をすればもっと良い結果になることを期待したい」と答弁した。,2
共同通信・NHKによると、フランスでは日本の情報戦も長引き、日本の航空当局は、イタリア人乗員を含め、いずれも日本国籍を有し、いずれも日本の外務省から派遣されているとしていた。この件では、「イタリア」という語も使われる事が多く、イタリア航空局やイタリアの航空当局では、この機が何らかの国籍を有する機体である事を示唆している。2人の乗員は、搭乗前に「どうかイタリア便の乗員に変わりますように」と祈りを告げている。これらの事実は、アメリカの航空当局が、日本の航空当局よりこの飛行機の搭乗予定情報が開示されたことを2011年6月に発表したことも影響している。2007年4月の時点ではイタリアの航空当局は、機体・航空会社側が公表している搭乗予定の情報は公開しておらず、その情報源においても公開済みの資料も確認できない状態であるとしている。,2
山本さんは初出演直後の9月29日に発売された写真週刊雑誌で、民主党の衆議院議員（35歳）との交際が取り上げられ、さらにその数日後に放送された『ANNニュース』に登場している。このことにより、1週間近く番組に出演しなかった山本さんの報道は、その後もしばらくは注目されなかった。しかし8月15日放送分の『世界一受けたいランキング』でも報道され、更に人気に火が付く。報道には番組は掲載されていないが、同チャンネルは8月15日にネット番組化されると同時に10月16日放送分に掲載された。これにより、山本さんと民主党は、いずれも同チャンネルだけでなく、同じく「報道番組を含む放送局全て」で、同チャンネルとのコンビは禁止され、以後、11月以降の民主党は『ANNニュース』、10月と10月27日の『日本を護る党』などに出演するようになった。後の報道で、山本モナさんは、結婚後は政治家や政治記者として活躍したいとの噂が広まるに連れ、2006年4月10日に同チャンネルは山本さんの出演する番組がなくなると報じられた。,1
Record Chinaによるとイギリスのタイムズ紙が「“ネット中毒”が中国で病気として正式に認定か」という記事を2008年11月11日、掲載した。それによると、中国が「ネット中毒」を正式に病気と認める最初の国になるという。また、12日付で環球時報が伝えたところによると中国は世界保健機関 (WHO) に病気としてネット中毒を登録する計画もしている。中国衛生部は研究の結果を根拠として来年にもネット中毒に関するガイドブックの採用を計画しており、ネット中毒を賭博やアルコール中毒と同等に扱うようになるという。中国のネット人口は約2億5300万人にも上り、ネットカフェに多くの若者が出入りして長時間ネットゲームなどをしている光景が地域を問わず見られるようになった。研究結果によると中国のネット中毒者がインターネットを使う時間は毎日平均して6時間13分。アメリカではネット中毒をまだ病気として認定していないが、6時間14分と同様の研究報告がでている。なお、中国では調査を受けた若者の42%は自分がネット中毒と自覚。一方、アメリカでは18%に過ぎない。中国ではネット利用者の約10%がネット中毒になっていると予想されており、8日には「インターネット中毒診断基準」が定められ、ネット中毒を正式に精神疾患として認めることになった。,0
毎日新聞によると、労働安全衛生法では、最大荷重1トン以上のフォークリフトを運転するに当たっては、所持している運転免許証の種類等に応じて労働局が登録する「教習機関」の技能講習を受けた上で、修了試験に合格する必要がある。陸災防大阪府支部は1973年に教習機関に指定され、加盟する運送業者に対し講習と試験を行っている。毎日新聞が同支部の話として伝えたところによると、2010年11月に85人が技能講習を受講。ところが、全員が試験に合格していたため、これを不審に思った支部からの申告で労働局が調査したところ、支部職員が採点中にマークシート式の答案の一部を消しゴムで消すなど、不正が疑われる行為を繰り返していた。その上、「検定を受けたことを上司が気づき、上司から1万8千円の保証金を払わされて」、これを「技能講習に合格した」と主張したが認められなかったという。毎日新聞によると、この件をめぐって毎日新聞に対して、労電労連と朝日新聞が共同で調査を申し入れたり、日本自動車工業会に対しても調査協力を求める意見書を送っており、2011年8月には日本自動車工業会に対する回答書が提出された。毎日新聞によると、この問題の調査は1973年の85人以来続いていない。2011年現在、以下の通り、日本自動車工業会、日本自動車安全衛生会、日本道路交通協会、日本道路交通労働者派遣協会など一部の団体が調査を実施している。調査終了後に公表された結果は以下のとおりである。,1
東京都出身。軍の生活を経て復員後の1948年に、劇団民芸の前身となる民衆芸術劇場に奈良岡朋子さんらと同期入団し、1949年に「風の吹く一幕」で初舞台を踏んだ。1950年の劇団民芸設立に奈良岡さんらとともに参加し、旗揚げ公演となる「かもめ」（チェーホフ作）にも出演した。劇団民芸での代表作は「第二次大戦のシュヴェイク」（ブレヒト作）や「巨匠」（木下順二作）、「らくだ」（古典落語が原典）など。また映画分野では「あにいもうと」「影武者」「お馬」などの名作を次々と演じた。1958年には日劇の座長に就任していたが1964年には「新劇場」での舞台主演が突然見合わせ、1969年に大滝さん死去後は再び「劇団民芸」に復帰。その後1970年には「浪曲師」で映画演劇作家の石井宏太郎（石井弘寿）に師事した。石井作品では1950年代当時の『忠臣蔵』『男はつらいよ』『忠臣蔵』に多く出演しており、それらの作品の中に「劇団民芸」の名が挙がる。「劇団民芸の舞台の舞台に立たせてもらう」という条件で1969年に劇団民芸を退団し、その条件として大阪では舞台公演が主眼化されていた「日本伝統芸能」を東京に提案。「日本伝統芸能の舞台に立てば日本人、これが日本人という文化と、これで成功すれば世界の人々が日本人だっていう文化も作れるんじゃないかな」という構想のもと、「日本伝統芸能に新たな革命を起こす」という考えに至った。しかし、大阪で上演された「日本伝統芸能の舞台に立ちたい」という思いとは違い、「舞台と日本」という概念をベースに考え続けた。そして、1969年末にまとめた、「日本伝統芸能の舞台に立ちたい」という当時の日本文化への不満を訴える文章を2通出し、「『日本伝統芸能に新たな革命を起こそうと思っています』と書いた」。これが元である。この文章には、京都の郷土料理である「お盆ごはん」に例えて「お盆ごはん。京都で食べています。それ以上でもそれ以下でもないです。なんでもありません。何も。ご自由に」といったニュアンスの文章も隠さず残している。日本伝統芸能を東京で復活させることが目的だったが実現されなかった。そのような背景から、日本伝統演劇に深い共感を抱く人が出てきている。このとき、劇団民藝の舞台活動から退くと見られていたため、「お盆に、何しに来たんですか?」と書かれている。第40回、第41回、第42回、第43回、第44回、第45回、第46回の公演では、東京公演、大阪公演で共に「お盆」を演出し、「（東京だけ）見ていなかった」と記した。,1
"イ・スンヨプ選手は2004年からの2年契約を結んでいた。その2年目に当たる2005年度はチーム最多ホームランの30本を放ち、日本シリーズでも3本のホームランで31年ぶりの日本一に貢献したが、契約期間が満了し、千葉ロッテ球団と残留を前提とした交渉を進めていた。イ選手代理人の弁護士・水戸氏によると「千葉ロッテが提示した年俸は現状維持だった。優勝に貢献したことに対する評価は数字上変わっていない」として交渉が不発だったと説明している。読売新聞によれば、球団側は2億5,000万円の年俸を提示していたと見られている。毎日新聞によれば12月28日には正式契約したことを報じられた。2010年2月7日に「3年目の日本一になりたい・千葉ロッテを応援する」と26歳にして自身2度目の日刊スポーツ野球評論家賞受賞・日本プロ野球機構賞の受賞を果たし、同年4月から2011年3月まで放送されたプロ野球ニュース『CNNデイブレイク』において「2010年プロ野球新記録樹立に貢献した選手15の言葉」というコーナーで「第八位」を受賞した。2011年12月2日に「11年5カ月の歴史で初めて日本一になった17歳の若手選手が『19歳を超える17歳の選手は日本一にはならない』と発言」するように、2020年現在のプロ野球選手の選手最高齢記録に再挑戦することを発表したが、監督就任を決めたイ・スンヨプ選手との確執もあったと『CNNデイブレイク』のスタッフ側は主張している。",1
気象庁によると、この台風は日本の南海上をゆっくりとした速度で北北東に進むか、中心気圧984hPa（ヘクトパスカル）で大きく東進する傾向があるとしている。この時期は台風による風が最も強いとされていて、8月中旬の台風第10号から更に大きな台風になるため、今後は台風の範囲が広がる見込みだという。さらにこの台風は9月初めの南大東島の先端30 kmで発生し、台風の中心付近は西に抜ける。9月20日にはこの台風による風雨で、東京の上空には1メートル以上の強風が吹いた。台風は台風10号にも発達する可能性があるとしている。ただし、台風が発生すると風速が大きく上がる傾向があるため、台風に比べるとかなり風速が遅く、また中心から遠く離れる傾向があり、逆に台風側から見ると台風の影響がほとんど来ていないという。2013年に熱帯低気圧と考えられた台風8号は、西北西の風で発達したのではないかという意見も見られた。,2
共同通信・日本経済新聞によると、中日は巨人に34年ぶりの完全移籍となったものの、巨人戦での初のリーグ戦負けを喫するなど、日本ハムを圧倒できなかった。中日監督の井口監督は後のシーズンを「チームに対して負けたものの完勝した」と振り返っている。日刊スポーツによると、10年ぶりの日本シリーズに出場した27年ぶりの選手が中日では唯一いたが、巨人（後の広島東洋、現在の日本ハム）では中日、中日両球団に長らく在籍し続けてきた選手のみ、完全試合を含む勝利数9を挙げたのは初めてということである。また、東京ドームに3日間毎日2戦続けて4連勝を達成するのは史上初ではないかとも報じられた。東京ドームの試合は、48試合の総当たり制で行われ、2勝2敗の巨人（11年ぶりの2年連続の2連覇）が6年ぶり2度目、2016年以来17年ぶり2度目の日本一を達成した。,2
1919年、イタリア・バルガ出身。雑誌記者から映画監督へ転身し、1960年代前半から『世界残酷物語』[注4]、『ラスト・ロマンス』（1967年、監督クレジットがクレジット：アントニオ・ヴィヴィーニョ（ベネデット・バルトロメオ）からアントニオ・パッロ（アントニオ・サルガ）へ変更）、『華麗なる一族』（1969年、監督クレジットはアントニオ・ビシャッリ（アルベルト・ジャコメッティ）からエミリオ・カサーニオ（エミリー・ロッセ）へと変更）の監督業の他、1932年『愛と傷と母』（監督クレジットはそれぞれアントニオ・パッロ (Antonio Bacchoat)、エミリオ・カサーニオ (Emilio Cacanele)、マリオ・モレリオ (Mario Morelemo)）や、1973年の『』(監督クレジットは『』に『』が加われず『』に差し替えられたため)などを手がけた。ジャッキー・チェンとの不仲の縁が長く取り沙汰される中、1990年に脚本家のエミリー・ロッセと結婚。イタリアのプロデューサーのアンソニー・ガヴァーラとプロデューサーのジュゼッペ・ガルシアも1994年に共同出資して設立したイタリア映画製作会社ITC・エミリアノを2003年に退職するまで経営した。その一方で『』（1998年）などの製作に携わった。なお、プロデューサーのアンソニー・ガヴァーラは2011年に死去している。,1
共同通信・日本経済新聞によると、政府関係者は当初、国への参拝は国家の重大かつ意義の深い政策決定の契機に重要性を持つ必要がある、もし参拝は国家が社会秩序や社会経済の安定にとってもっとも重要な理由である、と明言していた。しかし後の日本国との対話で政府の方針や方向性に何か影響を与えることを示しつつ、国の問題になっていると見なした参拝は批判されると思っていた。8月26日には、中国政府と北朝鮮による合議制国家委員会では中国が全会一致で承認する「国格制度の確立」に関する決議は「『日本が国際社会の一員として、また社会の一員として国の行為規範を守る責任を有すると判断』された」と述べるにとどめ、「『中国は日本が全国的に認めないという『日本国閣僚の安全確保」を理由』に国格制度の制定には慎重な姿勢」との見方を示した。8月28日に行われた参議院本会議は、「国格制度の創設に関しては慎重」との姿勢をとりつつ、「（参拝に関して）慎重な姿勢を取りつつ慎重な姿勢で対応。参拝行為の問題を、まず先の問題だと受け止められ、問題には関わらないことが多い」との見解を示すようになった。8月29日午前4時から、産経新聞はテレビ・ラジオで国の方針や方向性を明らかにすべく、日本の自民党の古賀議員と産経新聞の山室議員から各15分間、「安倍総理の『国からの命令』に対する慎重かつ慎重な姿勢を、国民や有権者にもきちんと伝えていただきたいと考え」と報道した。国からの命令に関する慎重姿勢を、国民のみなさんと事前に合意を結んだうえでの適切かつ適切な決定を図る、という目的が、一般の国民が望む国策を実現する為であり、またこれを求める政府の思惑であり、政府の目的でもあり、そして国民の意向でもある「国民が国民のために何をすべきか」という考えを、憲法・法令・法令の改正を通じて国民の生活に浸透させ、国民全体による国民のための国民のすべきことや国民の暮らしに、一層の柔軟性をもたらし、国民全員で一体となって、国民の意思を反映した国民の権利を守り、また国民一人ひとりがより良い生活ができるように健全な国民生活を保ち国民の幸福に寄与すると期待されている（国民の生活に持続可能性を与える法制）。,2
気象庁によると日本列島には上空5000mに-36℃の強い寒気が流れているため北日本から西日本の広い範囲で雪が降っている。1日午前4時までの24時間降雪量は岐阜県郡上市長滝で83cm、福島県金山町で73cmと山間部を中心に大雪となっている。また、西日本新聞によると31日、大阪市、神戸市、和歌山市、熊本市でも初雪を観ることが出来たという。この他、新潟県燕市でも31日には雪が降っている。以下の学校等に雪などの警報が発表されているが、まだ雪が20cm以上も降っていない状況を考慮すると予報値以上の雪で、中止されてからもまた降る可能性が高い。ただし、大雨警報や警報が出された時刻の予想は難しく、30日以上の見込みになりつつある。2017年（平成29年）8月1日現在の時点で次の都道府県を中心とする都市・27の小都市の16府の自治体がある。ただし、日本気象協会が発表した都道府県予報情報によると、1都4県は209 - 363通りの予報を公表し、大阪府、岡山県、兵庫県、奈良県、和歌山県、鳥取県、島根県、島根県の4府県に関しては予報を発表していない。また、「全国予報ネットワーク」の発表時の予報予報域内（予報地域内の天気予報域内）で、予報範囲の一つ（地域性（傾向）と時間性、気象概況）が見られることを考慮すると、これらの地域に降雪が多く降ることが予想される。,1
日テレNEWS24によると、市議会議長は、2006年（平成18年）に辞職したが、第15代（市議会議長）である新間喜和郎が議長となった。その後も後任は選任されておらず、2010年度までは「議長」を務めた3人の他に、新間、川合和史、西木宏和の3名が新議会議長を務め、2011年度、2013年度には3名が新議会議長を務め、同年度は1名が新議会議長を務め、2014年度は13名もの議員が新議会議長も務めた。2000年（平成12年）1月30日に市議会は新たに選出されていた新間喜和郎を首長に指名した。,2
岡田新監督は1980年に早稲田大学から阪神に入り、その後1994年から2年間オリックスに在籍した。オリックスの選手としては1985年に監督に就任した大瀬良隆弘以来２人目、40歳を超えるまでの長きに亘る現役を経験する。就任2年目（2011年）のシーズン、10月31日に通算100勝を達成するなど、その期待に応えた。2014年からはリーグ戦で10連勝を記録し、その間に2度リーグ優勝と3位の二冠獲得、11月までの2年で通算4度のリーグ優勝（2016年まで）、通算453勝（1位）を、通算4月2日まで10年にわたり記録した。シーズン中のシーズン通算成績は.785で、当時の記録であった（1位の1994年・3位の1996年・4位の2000年）。2016年からは、野球以外の競技と「野球プロ野球選手権」（MLB、ベースボール・キャンプ、U-18）における「アメリカンフットボール」にも出場している。2017年、選手として1994年・2009年・2010年に2年連続でNCAAディビジョンN1 プレーオフ進出。オリックスから移籍した岡田将生と共に、オークランド・レイダース（オークランド・リンク）の第1走者として活躍しチームを牽引した。2017年,1
毎日新聞によると、J1リーグで9月12日（UTC+9　以下同）開催され、豪雨中止となった鹿島アントラーズ対川崎フロンターレ（カシマサッカー場）について、Jリーグは9月15日開催の理事会で、この試合を10月7日（開始未定）にカシマサッカー場で、試合が中止された後半29分・「鹿島1-3川崎F」のスコアの段階からの残り16分+ロスタイムの分を再開する形で行うと決定した。これまでJリーグではJ2を含め試合開始された後に中止になった試合は5試合あるが、それらはすべて記録を一度無効にして再試合にしているため、中断時点からの継続開催は初めてになる。また出場選手は中断した時点と同じメンバーを基本とするが、怪我などを理由に出場ができない場合は、9月12日の試合でベンチ入りしていた選手から出場者を選ぶ。また入場券の扱いは未定としている。産経新聞によると、問題の試合は今年度J1リーグの優勝争いを占う重要な首位攻防戦だったが、川崎Fが2点リードして向かえた後半29分に激しい豪雨によりグラウンドの状態が悪化。選手の安全を確保できないとして一旦試合を中断した後、30分後マッチコミッショナー・審判員協議の上、開催中止を決定したというもの。毎日によると、鬼武健二チェアマンは理事会で、再試合か、中断時点からの再開か、あるいは試合をその時点で打ち切って成立させるか、以上の3つの選択肢から、「公平性を重んじて」中断時からの再開を提案し、全会一致で決定したという。しかし、現在Jリーグの規約では雨天などにより試合が途中中止となった場合は原則として再試合とする一方で試合実施規則では「勝敗決定は理事会で協議の上決定する」としており、鬼武氏は「規約の改正を検討する必要がある」としている。また毎日によるとサッカーくじ「toto」の主催者・日本スポーツ振興センターは、第417回のくじのうち、上述試合が対象となっていたtoto、ミニtoto(A組)、BIG、BIG1000、ミニBIGの各種くじについてはこの試合を開催されなかったものとして全部的中扱いとすることを決定した。,0
時事通信によると、今回初めて発行される「京都・大阪版」は京都府と大阪府のレストランやホテル・旅館200から220施設程度を収録しており、快適さを5段階評価するマークや、風呂の種類が内風呂か共同風呂かについてもマークで示す。オリコンによると、ミシュランの社員が2年前から匿名で京急で食事をとったことやホテルブランドに泊まっていたことなどが掲載されている。「ミシュランガイド京都・大阪版」はミシュランのウェブサイトのURLで、予約済みの「ミシュランガイド京都・大阪2010」と同じくURLをクリックすれば読み取り可能。ただし、日本版で「京急新阪急ホテル 京都駅」を予約しておけば、同ページの会員登録ボタンをクリックすると宿泊者カードのカード番号やチェックアウト時刻を教えられる。「ミシュランガイド京都・大阪版」は、京都府と大阪府の220施設ほどのホテル・旅館の情報を掲載しており、ホテルの中にはビジネスホテルが含まれているため、「ミシュランガイド京都・大阪版」ではホテルの情報はなく、京都と大阪のレストラン情報のみで読み取り可能。,1
"朝日新聞によると、東日本大震災の被災地から救援物資の購入費用として送付された義援金約1,000万円余りを着服したとして、大阪府警は、社会奉仕団体・「ライオンズクラブ」の近畿地区を管轄する協議会の前議長・辻吉治容疑者（67歳、大阪市東淀川区在住）を、業務上横領の容疑で11月6日（UTC+9）に逮捕したと、同月7日に発表した。共同通信が同府警淀川署などの話として伝えたところによると、辻容疑者は、東日本大震災発生後の3月下旬に、被災地に送付する物品を購入する目的で近畿地区の協議会に振り込まれた義援金（朝日によれば約1,130万円）のうち、約1,000万円（朝日によれば約1,090万円）を自分の口座に移動させた上で、着服した疑いがある（朝日によれば、この際、辻容疑者は「個人的にまとめた金である」との虚偽の発言をしている）。辻容疑者は、事件当時は議長の職にあり、協議会名義の口座を管理する立場にいた。朝日新聞によると、辻容疑者は東淀川区内でスーパーマーケットを経営しており、このスーパーなどにおいて食料品や衣類を購入し被災地へ送ってきていたが、同府警は、金額を水増しした領収証を偽造するなどした上で、実際の購入代金との差額分を自らが私的流用しようとしたと判断している。共同通信によると、辻容疑者は、「借金があり、経営する会社の資金繰りが苦しくなっていた。また、自分の遊ぶ金も無かった」と、容疑を認めている模様。",0
"毎日新聞によると、こうしたデータから、インターネットの世界で広く使われている都市や都市圏について調査することになった。海外（インターネットでの利用も想定）の情報にも目を通すという観点から、外国人観光客が簡単で簡単に見つけやすいような情報のみを掲載するサイトの作成が検討された。ただし、外国人の客を集めるだけでなく、インターネット上で情報を広め、さらに新たな情報が発見しやすくする必要もあった。調査は、大阪経済大学の研究チーム「大阪文化都市政策ラボ」を立ち上げて、大阪のデータを調べた。研究プロジェクトは、2012年度から大阪経済大学で実施され始めた。レポートには、「""Simplely without industry, including and aircraft"" (世界のベストレストランが見つかるデータ)」という見出しが付けられた。レポーターはそれぞれ、「世界のベストレストラン」として、「Odaka Grand Assistance」、「JAPAN COTTAGE in STATES of its U.S.」、「Odaka Development Comic Measurement Coulesce Regiovasc Center」、「Daiwa Bon Mull Ce o Terrace」、「Odaka Legace Setter」、「Lobsters Commerce Type Pro Plan」、「Glabs Countre Pro ContraCurior Center」、「Paschall Semicoloss Center」、「Coachus Doceptane Black Tonescence Digital Cousine Center Countre Center Center Center Center Center Center Center Center Center」、「JAPAN COTTAGE in STATES of its U.S.」、「Odaka Development Comic Measurement Coulesce Regiovasc Center」、「GPO Guerrilla, Anderstone GPO Mundi Bladius Center」、「JAPAN COTTAGE in Business Classification」の順に格付けする。2019年に刊行された全リストのリストには、「Odaka Grand Assistance」の文字は含まれない。",2
トヨタグループの自動車部品メーカーである株式会社デンソーは4月17日、次期社長に加藤宣明専務 (59) を昇格させる内定を同社ウェブサイトにて発表した。正式決定は2008年6月下旬に開催する定時株主総会後の取締役会で行うとしている。なお、現社長の深谷紘一氏は副会長に就任。デンソーでの事務系社長は5年ぶりであると読売新聞は伝え、毎日新聞は加藤氏がデンソー生え抜きで主力事業のカーエアコン部門出身であることを伝えた。デンソーはトヨタグループの中では例外的にデンソー生え抜きが歴代社長に就いており、今回の人事もそれを踏襲している。読売新聞によると、加藤氏は、日米市場の景気や円高など楽観を許さない状況下での就任について「逆に経営体質を改善するチャンスでもある」との考えを表明している。今回の人事は、加藤氏の経営コンサルティングとトヨタグループの安全運転支援やサービス品質の向上や自動運転・ASVの開発という両者の強化活動を目的としている。,1
福島民報などによると、事故は、羽越本線の鶴岡-余目-酒田間運転が2020年代前半までに全廃されることになっている。事故から1カ月以上経過している事故の扱いについての認識が改まっていない問題を調査したところ、JR東日本の事故状況は以下の通りであると発表している。JR東日本は、「運転見合せや安全確認の作業の遅れなどの改善、事故情報の積極発表、事故報告書の作成など安全対策に注力していること」と「事故率を減らすための取り組み」を理由に事故の発生状況を発表している一方、事故情報も事故発生時刻に記載しているので事故の発生時刻を誤って記載するようになったため、「事故情報や遅延報告の重要性があらゆる機関機関の情報を正確に把握していない」と指摘している。また1999年度から2002年度にかけてJR東日本の事故事例をより丁寧に扱うため、事故発生タイミングを示すテロップを設置して事故発生時刻の誤りを示している。,2
NHKによると、現地10日、FIFAは予選第1次リーグ48試合のうちの最初の4試合における担当審判員を発表したもので、日本人による審判員チームは今大会で初めて編成された。朝日新聞によると、今回試合を裁く西村、相楽の両氏は前回の2010年に行われた南アフリカ大会でブラジル対クロアチアの試合で審判員として出場した関係から、ブラジルの日本人選手の試合を裁くことにしたという。FIFAの「ブラジル対クロアチア」の試合は、同じく2020年4月12日に開幕した北京オリンピックの前に控え審判の下で行われる。試合審判制を採用するFIFA主催の大会では、日本のFIFAレフェリーには日本人レフェリーのスタイルと、FIFAが認定している基準が適用されない。そのため、2000年以前の大会で全く日本語が通じなかったレフェリーは、日本人レフェリーが現地において行うレフェリーとしての技術が非常に高いことが証明されている。,1
ドメニコ・シニスカルロ伊経済相は、アントニオ・ファツィオ・イタリア中央銀行総裁について、「分別をもって行動する」ことを期待していると述べ、公然と辞任を促した。4日英国夏時間午後（UTC+1、日本時間夜）、BBCが伝えた。BBCによると、シニスカルロ経済相は政財界の指導者に対して「私がファツィオなら、辞任している」と述べた。ファツィオ総裁は、イタリアの準大手銀行バンカ・アントンベネタの買収問題をめぐり、オランダの大手銀行ABNアムロに対して、イタリアの別の銀行バンカ・ポポラーレ・イタリアーナに肩入れしたと批判されていた。ABNアムロは今年3月、アントンベネタ買収に名乗りを上げていた（JETRO資料）。一方、ファツィオ総裁は、ポポラーレ・イタリアーナ関係者に、買収申し入れの具体的な指導をしていたとロイターは伝えている。ロイターによれば、この問題に関連し、ファツィオ総裁には8月にはすでに辞任の観測報道が流れていた。一方イタリア中央銀行関係者は、辞任の可能性を否定していた。BBC及び日本経済新聞によれば、9月2日、総裁の任期を他のヨーロッパ諸国とほぼ同じ7年に短縮するなどを含むイタリア中央銀行の改革案を、イタリア内閣は承認した。しかしこの案が実施するには、議会の承認が必要である。また任期短縮は現在の総裁には適用されない。現在はイタリア中央銀行総裁には任期の定めがない。この案が発表された翌日の3日には、ジュリオ・トレモンティ伊副首相は、ファツィオ総裁は辞任すべきだと発言している。3日のロイターによれば、批判は財界からも起こっている。一方、BBCによれば、シルヴィオ・ベルルスコーニ伊首相は「良心に従うべきだ」とのみ発言した。3日のロイター通信は、ベルルスコーニ首相が、ファツィオ総裁が辞任すべきだと考えているかどうか返答を拒んだと伝えた。また3日のAGI通信は、イタリア中央銀行改革案を可決するには、ファツィオ総裁が辞任すべきだとする連立与党の国民同盟の要求に対して、ベルルスコーニ首相が「誰にでも思ったことをいう権利がある」と論評し、「総裁が改革案を了承したことが大事だ」と発言したと伝えた。3日のロイターによれば、イタリアの新聞「コリエーレ・デッラ・セーラ」「ラ・レプブリカ」紙は、政府の提示した改革案に対し、「政府、ファツィオ総裁を助ける」と批判していた。,0
産経新聞・朝日新聞によると、世界遺産・『紀伊山地の霊場と参詣道』のエリア内に含まれる熊野速玉大社（和歌山県新宮市）の所有にかかる山林約1ヘクタールを、地元の森林組合が無許可で伐採していたことが、5月13日（UTC+9）に判明した。両報道によると、森林組合は、地元住民から「日照不足を解消してほしい」との要望を受け、伐採したとしている。産経新聞によれば、伐採された場所が含まれる森林は、世界遺産の主要要素である「コアゾーン」であり、和歌山県教育委員会は、文化財保護法などに違反する疑いがあると見て調べる方針である。また、朝日新聞によれば、コアゾーンに位置する森林を伐採、もしくは開発を行う場合は、地元の教育委員会の許可が必要となるが、森林組合は許可を得ておらず、森林法や自然公園法にも抵触する可能性が出ている。産経新聞が同県教委の話として伝えたところによると、無断伐採の現場は、同大社南に位置する『千穂ケ峯』（253メートル）の北部分で、シイやカシなどの雑木林が伐採されていたという。4月末に環境省熊野自然保護官事務所（同市）が確認した。朝日新聞によれば、これらの樹木は、軒並み地面から約40センチの高さで切られていた模様である。産経新聞によると、この地域では数年前から、麓に住む住民が、「日照や風通しが悪い」などとして解消を求めてきていたため、同県が2010年度に、「間伐里山再生加速化事業」によって枝打ちなどを計画。同市が実施主体となり、同市森林組合に対し作業を委託。同森林組合は、2011年2月14日から3月24日にかけて枝打ちや間引きを実施した。しかし、地元住民が4月5日に現地を確認したところ「日照不足は解消されていない」とし、伐採を求めたため、同森林組合員ら3人が、4月6日から21日のうち5日間で伐採を実施したという。朝日新聞によれば、4月下旬になって別の住民から、「木が切られているが、大丈夫か」と、同県に対し通報があったという。産経新聞によると、同森林組合は、「世界遺産のエリアであるという認識が無かった。確認不足であり、市に相談した方が良かった」と釈明。同県教委は、「現状復帰も困難。今後については、所有者や新宮市、文化庁などと相談したい」と述べている。一方、朝日新聞によると、同大社の上野顕宮司は、「伐採するなら、絶対に同意しなかった。できれば元通りにしてほしい」と述べており、警察に被害届を提出することも検討しているという。,0
気象庁は27日、26日午後7時（UTC-11、日本時間27日午後3時）にミッドウェー諸島で、ハリケーン「イオケ」(Ioke) が西経180度の経線を西へ越え、台風12号になったことを発表した。この台風は、28日午後9時 (JST、UTC+9) 現在猛烈な強さで西へ進んでいる。ハワイの中央太平洋ハリケーンセンターによれば、19日午後11時（UTC-10、日本時間20日午後6時）には北緯10.6度西経159.0度にあって、熱帯性暴風となっていた。その後、20日午後5時（UTC-10、日本時間21日正午）までにハリケーンとなり、25日午前10時（UTC-10、日本時間26日午前5時）までにカテゴリー5のハリケーンになっていた。なお、この台風の国際名「イオケ」は中央北太平洋の熱帯性低気圧の名称であるが、西経180度を超えて台風となってもそのまま用いられている。,0
"共同通信・NHKによると、翌2013年1月に日本球界復帰を目指し、日ノ本ドリームスを退団すると考えていたが、中村選手が日ノ本ドリームスの公式戦に出場しないのは1ヶ月後に東京ドームと大阪ドームで行われる西武ライオンズとの試合が最後になるという噂もあり、日本球界復帰ということはせず、同年2月5日、日の丸自動車交通より西武球団との選手契約が終了。日ノ本ドリームスの入団会見では、日ノ本ドリームス入団時より選手全員が中村選手の応援に名を連ねていたというが、中村選手は日ノ本ドリームスのみならず他球団にも応援に名を連ねていたことを公表した。またオフに、西武時代の同僚・森慎司と結婚する（同年日ノ本ドリームスと西武ライオンズから1,000万円ずつ、日の丸自動車交通から1,500万円ずつ、西武ライオンズから2,500万円ずつ、計3,000万円の両グループからの新契約が結ばれている）。",2
中華人民共和国（中国）の中央銀行である中国人民銀行は、21日夜、人民元の為替政策変更を発表した。発表によれば、同日午後7時（北京時間、UTC+8）から、米ドルへの固定相場制政策を廃止し、米ドルを含む「多通貨バスケット制」を採用する。これまで事実上固定されていた通貨レートを見直し、21日19時付で、それまでの通貨レート1ドル＝8.2765元から、21日のレートを1ドル＝8.11元に2％切り上げた。22日からは前日の終値をもとに人民銀行が基準値を発行し、一定の変動を許容する。中国ではこれまでも制度上は上下0.3%の幅で為替レート変動が許容されていたが、人民銀行の介入によって相場は事実上固定されていた。読売新聞の報道では、通貨バスケットは、米ドル、欧州ユーロ、日本円の3大通貨に一定割合で連動すると見られる。,0
日本経済新聞と読売新聞によると2019年1月20日、都内の国立科学博物館で開催予定だった「第13回 国立科学技術博覧会（現・IAEC日本研究センター） 」の準備工事に関し、大学生がデングウィルスやデングウィルスに感染した蚊の検査を行っていた際、デングウィルスが検出されたことを、報道陣が2018年1月20日に公表した。国立科学博物館に協力した、科学的治療が専門の一般職員と研究者（大学院生（17歳）が対象）は、デングウィルスに感染した蚊の検査をせずに、大学に来院し医療機関送りにすることを明らかにした。デングウィルス感染に関して、国立科学博物館はデングウィルスと同種の化学物質であるヘムステリン型デングウィルスと認めている。デングウィルスを検出した大学生らは、当初2018年1月下旬から「24時間以内の検査を」と指示されていたことに、検査結果の公表を急ぐ必要があった。,2
"産経新聞・日刊スポーツによると、同センターの所見として、BIGは「客観的に当たりくじを誤認させる詐欺行為であった」ことを理由に疑いの判定をしている。2014年1月4日、大阪・西成区のJリーグ16チームの経営者、山澤宏和（44歳）と、同市の同郷・高校生・吉成貴久（20歳）、大阪市の同市の同郷・高校生・山原裕司（18歳）、京都府の同郷・高校生・松田和人（18歳）の3人が、大阪ガスのビルを立ち退きに来ていたなどとして、大阪府警の調査に対し、詐欺罪で大阪市長の府警察発表を求め、詐欺グループを送り込んでいたことが発覚した。2015年2月23日、大阪ガスの上山信也（47歳）、森下伸博（48歳）、和田正剛（47歳）、和田正之（45歳）らは、大阪ガスが1日で建ち退きできるように計3万5,000円を支払うことに合意した。",2
四国新聞の報道によると、再開発事業の規模は東急側が331件、渋谷側が52件、JR側が23件を予定している。再開発区域の東横線がJR側から乗り継ぐ際、または埼京線からの入出庫にも使え便利であることを示す良い例とされている。また、再開発区域内の地下鉄駅からは、JR側が東横線のホームから改札へ行けるため、駅と駅に近接する地域では利便性が高い。また、再開発事業の際に駅ビルを建設することで駅ビルとしての利便性が高く、駅周辺に店舗や商業ビルを建てることによって、渋谷駅から出ていく地下鉄道による乗客の取り込みを図るためである。この他、渋谷駅前周辺は東横線のホームから分岐しJR線のホームに渡るため利便性が高い。また、地下鉄駅に直結する再開発ビルについても、再開発ビルを含めて整備される可能性がある。渋谷区は、再開発事業によって開業する街区が増えることにより、新たな街区を含め都市計画が実施できるようになることから、駅周辺にビルを建設する可能性がある。また、東横線ホームが明治通りに直接触れることができるようになることから、駅周辺には商業ビルなどが増えることから、その場所に住む人が増え、住みやすくなることから、新たな街区を含め、再開発が計画される可能性がある。,2
総務省が30日発表した日本の国勢調査速報で、65歳以上の高齢人口割合が世界最高の21.0%、15歳未満の年少人口割合が世界最低の13.6%となり、数値上では、日本は少子高齢化が世界で最も進んでいる国であることが分かった。読売新聞によると、高齢人口割合は、2000年の国勢調査時には17.3%でイタリアとスウェーデンに次いで3位だったが、今回はイタリアやドイツを上回り1位となった。年少人口割合は、2000年には14.6%でイタリアとスペインに次いで3位だったが、今回はスペインに変わって2位となったブルガリアやスロベニアなどを下回り1位となった。また、高齢人口自体は2000年に比べて481万人増加し、年少人口は107万人減少した。朝日新聞によると、少子化に大きく関係があるとされる未婚率は、30歳～34歳の男女ともに2000年より5%前後上昇したという。毎日新聞によると、今回の速報は全市町村の調査票の各1%を集計したもので、今年10月にすべての調査票の集計結果が発表されるという。,0
読売新聞・産経新聞によると、鳥取県米子市内で、鳥取県警米子署の男性警察官2人が、ポルフィリン症（光線過敏症の一種）のため特殊な頭巾を着用していた男子高校生に対し、「お前はタリバン（アフガニスタンの反政府武装勢力）か」などの暴言を浴びせていたことが明らかになった。これらの新聞によると、問題の同署員2人は、2008年10月28日（UTC+9）に米子市内で自転車に2人乗りしていた男子高校生に職務質問したが、その際、うち1人が、「そこの変な格好をしたやつ、止まれ」とか、「お前はタリバンか」などの暴言を繰り返し、頭巾を取るよう求めた。読売新聞によると、この高校生は、ポルフィリン症を患っており、日光を浴びると皮膚が腫れ上がったり、皮膚自体が脆くなったりするため、頭巾を着用して光線に当たらないようにしていた。読売新聞によると、この高校生の両親は、翌10月29日（UTC+9）から3度にわたって同署に抗議、同署長らが謝罪したが、その後、2009年3月6日（UTC＋9）の鳥取県議会でこの問題が取り上げられて追求され、同県警の佐藤幸一郎本部長が謝罪する事態となった。両新聞によれば、同県警は、この問題はポルフィリン症への無知・無理解がもたらしたものと見て、ポルフィリン症を紹介するDVDを同県内全署に配布し、病気への理解を求めることにしたが、読売新聞によれば、医療関係者からは、今なお憤りの声が聞かれる。,0
毎日新聞によると、羽生選手は前日行われたショートプログラムで、国際大会初の101.45点をマークし、首位で迎えたフリープログラムでは、4回転ジャンプを失敗するも、178.64点を挙げて、2日の合計合計280.09点をたたき出した。日本人のフィギュアスケート男子選手が五輪で優勝したのは史上初。2位は平昌五輪銅メダルのネイサン・チェンと20年2015年9月2日のトリプルアクセル成功をきっかけに世界に広がったセルゲイ・キシ番手ンが、37.87点で並ぶ。2位は世界選手権銀メダルのセルゲイ・コスンケティを大きく引き離した。また、羽生結弦 101.45点メダルを獲得した男子は、2連覇のロシアには、男子シングルの佐藤有香があり、佐藤が48.07点で4連覇中である。羽生結弦 国際大会初の金メダル。,1
ロイター通信の報道によると、BJJのDVDレコーダーのハードルを下げるため、デジタル放送のダビングは13時間まで延長することを決定した。しかし、これでダビング10に容量が足りない可能性もあり、2008年の11月30日の「14周年記念番組」からダビング10を13時間に延長することになる。また、BJJとHDDの補償金は12月31日まで1400万円の上限に達し、その後5年間の番組が録画・ダビングされる事になった。BJJのDVDレコーダーのハードディスク装置は、ハードディスク16個付き32USBカーチャージャー1個で21TBのHDDを5台から24台まで増設できる。容量の制限などには関わらずダビング10を利用することができる。BJJはまずダビング9を13時間まで延長した。これらダビング10はDVD-AudioとDVD-Rに収録される。2017年現在DVDにはダビング10収録のDVD-Rが存在せず、今後、DVD-RにダビングしたDVDをパソコンにセットしてダビングすることを考慮したダビング10規格を採用しなければならない。2016年10月からBJJからデジタル放送のダビングを開始した。2017年2月からは、DVD-Rにダビングしたデジタル放送を、DVD-Videoに変換したDVD-R Writerにダビングできるようにしている。また同時に、BJJが提供している14周年記念番組「BJJ14」では、DVD-Rにダビングしたものが14年ぶりにDVDにダビングできるようになるなど、DVD-Rへのダビングが一般化される可能性を持っている。2010年9月21日には、HD DVD-RやHDV-RAMへのダビングも実装された。また、2011年4月1日には、CyberLink 4社によって対応したDVDプレイヤーに、HD DVDに対応するBJJファイル変換ソフトを内蔵した新たなプレーヤーが発売され、これによりDVD再生、パソコン再生の双方で使用できるようになる。,2
理研が12月7日付で公開したプレスリリースによると、物理法則の基本的な理論とされている標準理論では、ヒッグス機構により物質の質量が説明されるが、これでは陽子や中性子を構成するクォークの質量のうち2%しか説明できない。現在の理論では、真空中はクォークと反クォークのペアで満たされており、その抵抗によってクォークの質量の大部分が生まれているとされている。このクォーク・反クォークのペアは宇宙が生まれた直後の高温、高密度の状態では存在せず、その後宇宙が膨張、冷却する過程で発生したと考えられている。研究チームは、原子核内部が核融合のためのエネルギー源となる「核融合」における中性子を帯びていることに注目し、その相互作用により物質の質量（質量数）が増えていることを確認した。この原子核の質量が増えた事実には理論上ある大きな仮説であり、物理学の重要な考察の一つとなっている。この現象を研究するために、1976年にニューライト研究所やフラウンホーファー研究所などが、世界で初めて「質量保存則を満たすためのプログラム」と呼ばれるものを導入したのがそのきっかけとなっている。1979年にアメリカ、アインシュタイン・ニュートリノ研究センター（現 アインシュタイン・センター）が開始したアインシュタイン計画に日本出身者として世界一の才能を持つと目された古市憲寿がいる。古市憲寿は、1200年から1979年にかけて、20年に1度の時間をかけて、12人の女性と2人の男性を実験室で共同生活を行い、1200年の質量保存する実験室での時間から質量の数、つまり、1日あたりのクォーク密度を算出していたことが日本で初めて知られる所以である。,1
"千葉日報と苫小牧民報によると、さらに、読売新聞では、別の日本人女性が大阪の母親と会っていた事件も、関西地方に在住する女性（当時9歳、当時10歳）を、アメリカの高等裁判所に任命した日本の弁護士が、日本時間18時過ぎ（UTC+9）、元夫は大阪の母親と一緒に日本から飛び出し、大阪地裁に上訴書を提出したという。ちなみに、夫の側には、1817年に婚姻届を出していたが、それに署名しないと、「日本」ではないという理由で、届け先の「日本」ではなくて「日本」であるという形にしており（「日本」であると書いたのはこのことから）、「日本」であるはずだと主張していた元夫のものなのであるとのこと。一方、女性は、夫が帰国後の1899年（明治30年）に東京府麹町区一番町に「大阪家裁」設置という形で、日本人初の戸籍を取得している。また、この2008年の大阪地裁で、弁護士の前原正一は、夫が亡くなった1歳のときに米国・ハワイ州のカウアイ島（カウアイ島は当時世界最大の島で、現在のハワイより約2,7年約100倍も小さく、その中に数万平方kmの島がある）にある祖父母の家に、元夫の両親とともに移り住んだ後、夫の兄・元夫の兄の妹と暮らしていた。前原弁護士は、夫と元夫の関係はどういう形で続いているのか、また、夫と夫の家族はどのような関係であるのか、そして夫の両親とはどんな関係であるのか、様々な憶測が報道されている。その中、日本の法務局の調査によると、前原弁護士は、2018年2月29日、「男性」として初めて日本で調査された際、このように記載されている。",2
スポーツ報知によると、女優・沢尻エリカさん（23歳）が所属している芸能事務所・スターダストプロモーションの公式ホームページから沢尻さんのプロフィールが削除されたことが9月30日（UTC+9）明らかになった。スターダストのホームページには、9月29日まで沢尻さんのプロフィールが掲載されていたが、9月30日午後に削除された。このことについてスターダストの関係者は「ノーコメント」としているものの、沢尻さんの代理人の弁護士に、スターダストとの契約を解除する通知文を送っており、事実上の解雇の状態になったという。しかし、沢尻さん側の回答は9月30日の段階ではまだ明らかにはなっておらず、今後の対応によっては正式にスターダストを解雇される可能性がある。また、サンケイスポーツによると、沢尻さんはすでに9月26日にドイツへ出発したのではないかと伝えられており、夫でクリエーターの高城剛氏も同日イギリス・ロンドンへ出発していることから、2人が合流しているのではないかとも言われている。今回の契約解除の問題は沢尻さんが映画での舞台挨拶での「別に…」という発言など、一連の問題行動が原因ではないかともいわれている。また10月クランクインの映画にも出演するのではないかといわれていた。スポーツ報知、サンケイスポーツの両新聞によると沢尻さんは歌手「ERIKA」としても活動しており、その公式サイトには「See You at The Next Stage（次のステージでお会いしましょう）」という一文だけつづっていたという。,0
総務省の資料によると、2018年時点で、ソフトバンクは、Bluetooth、Wi-Fi、Bluetoothキーボードを、Band4、Band18、Band19方式に拡大した。総務省の資料によると、2010年にNTTドコモが、ドコモW-CDMA（W-CDMA）方式を採用したスマートフォンの16GBモデルを、2011年度末ごろ、BBモバイルに、発売を予定しており、またイー・モバイルが、イー・アクセスに、3G方式化を検討しているということです。また、総務省の資料によると、イー・アクセスは、日本で発売される予定の中国向け4Gデータ通信端末の約半数にイーモバイルデータ通信が含まれる。総務省の資料によると、イー・モバイルは、総務省・総務省総合通信基盤センターによる運用検証結果を踏まえ、イー・アクセスに3G方式化を含む、世界的なサービス拡充を検討していることです。総務省の資料によると、BBモバイルとイー・モバイルは、ソフトバンクのスマートフォンとIP電話に2G / 4G パケットの契約を結んでいる。総務省の資料によると、イー・アクセスは、ソフトバンクの4G、LTE向けに、3G / 4G パケットを契約している。総務省の資料によると、イー・アクセスは、総務省「電波法の運用に関する調査(平成11年度実施分)」に基づき運用する。ただし、総務省「電波法の運用に関する調査」からの抜粋であり、1.イー・アクセスの運用について、2.イー・アクセスとソフトバンクの契約するソフトバンクモバイルの契約に関する契約について、3.ソフトバンクモバイルのモバイルサービスについて、4.ソフトバンクモバイルのモバイルサービスとソフトバンクモバイルのモバイルサービスを利用するソフトバンクのモバイルサービスについて、以上の内容である。,2
"インドネシアで鳥インフルエンザ（H5N1型）が流行し、ジャワ島のジャカルタを中心に患者が出ている。日本経済新聞（日経）によれば、インドネシア保健省は21日までに4人の死亡を確認、さらに3人の死亡者を鳥インフルエンザへの感染により死亡したおそれがあるとして、血液検査による確認調査を行った。3人のうち1人は、その後、検査により、鳥インフルエンザではなかったとされたと報じられた。23日の日経によると、同省では、患者は日々増えているといっている。鳥インフルエンザの感染を疑わせる死亡者は、ジャカルタで21日に2人、カリマンタンで23日に1人が出たと保健省から発表された。22日のロイター通信は、同国保健当局者の同日の発言として、死亡者2人を含む、11人に対して鳥インフルエンザの検査を行っているとした。23日には、監視下におかれている患者の数は、ロイター＝ABCが伝えたところによれば17人となった。ABCはまた、保健当局者の発言として、検査された死亡者のうち1人は、検査の結果、鳥インフルエンザではないと結論されたと伝えている。国際社会は事態を重視している。アメリカ合衆国、日本、オーストラリアなどからは医療技術者の派遣や訓練、鳥インフルエンザワクチンのための資金援助などの支援の申し入れがなされている。19日から23日までニューカレドニアで行われた世界保健機構(WHO)西太平洋地域委員会総会では鳥インフルエンザ予防が議題として取り上げられた。10月にはカナダで鳥インフルエンザ予防についての国際会議が行われる予定である。マレーシアなど周辺国では自国への感染の拡大に警戒を強め、検査体制の強化などの対策を行っている。またジャカルタ・ポスト紙によれば、国連ではインドネシアに対し感染拡大の防止のためいっそうの努力を要請した。一方で、WHOは、報告された患者数の増加は、検査体制の強化によるもので、感染の拡大によるものではないとする見方を22日示している。ロイターによると、現在の鳥インフルエンザへの感染は、2003年韓国で確認されたのをはじめとして、主にアジアで起こっている。9月22日現在で各国合わせ64人の死者が報告されていた。最も死者の多いベトナムではこれまでに44人が死亡している。22日、WHO西太平洋地域委員会総会に出席中のベトナムのトリン・カン・フアン副保健省は、ロイターのインタビューに答え、ベトナムでの鳥インフルエンザは収束しているものの、伝播が懸念される冬に備え、ワクチンの備蓄が必要だとする見方を語った。日本では人間への感染は見つかっていない。しかし食肉用のニワトリへの感染が何件か報告されている。今年に入ってからは茨城県他で感染が確認され、全国一斉検査が行われた。日経などによると、岩永峯一農相は20日、記者会見で、茨城関連の31養鶏場以外に、新たな感染は見つからなかったと語った。検査の対象となったのは、1,000羽以上を飼育する全国の養鶏場のうち、茨城県内の全養鶏場と、全国から無作為に抽出した養鶏場をあわせた約2,400施設。今回検査を行わなかった同規模の1,600施設について、農林水産省は今後検査を行うかどうかを検討する。",0
中日スポーツによると、日本プロ野球の経営者による「オーナー会議」が7月5日東京都内で行われ、阪神タイガースの経営権に関して、実際上チーム保有者が変更されるという判断から、スポンサー譲渡を含む新規加盟チームと同じように「加盟料」30億円を支払うことが正式に決定した。中スポとサンケイスポーツによると、阪神タイガースの親会社・阪神電鉄は阪急ホールディングスとの経営統合が2006年10月1日に行われるが、タイガース球団は阪神電鉄の子会社であることに変わりないと主張して「加盟料」の支払い免除を訴えていたが、中日ドラゴンズ球団オーナーで同会議の白井文吾議長は「スポンサーの経営実態が変わるという認識から、「加盟料」の支払いを正式に決定した」と明らかにした。これに関して、タイガースの宮崎恒彰オーナーは会見で「あくまでも阪神電鉄として球団経営を進めるつもりだったが、御理解を得られなかったのは残念だ」とコメントしている。中スポによると、日本のプロ野球における「加盟料」は1991年に制度化され、当初は新規参加の場合は60億円、既存球団のスポンサー譲渡の場合は30億円を徴収するというものだったが、2004年に起きたオリックスブルーウェーブと大阪近鉄バファローズの球団合併などによる一連の球界再編問題をきっかけとしてこの制度を見直し、現在は新規参加・譲渡のいずれの場合も「預かり保証金」として25億円（10年球団を保有した場合は返還される）、更に野球振興基金への寄付として4億円、手数料1億円の30億円を支払うことになっている。,0
毎日新聞によると、司会者として知られた玉置宏氏（本名・玉置宏行）が2月11日午前10:33、脳幹出血のため亡くなった。76歳だった。毎日新聞によると玉置氏は神奈川県川崎出身。文化放送アナウンサーを経験した後フリーアナウンサーとなる。特に1958年から77年に放送されたTBSテレビ局の番組「ロッテ歌のアルバム」では1000回に渡って司会を務め、「1週間の御無沙汰です」は玉置氏の名せりふとして有名だった。日経新聞と毎日新聞によると、大衆演芸への造詣も深く、NHKラジオ第1放送の番組「ラジオ名人寄席」を担当した。自らが保有する落語のカセットテープ録音を同番組で紹介したが、放送音源の一部が原著作者に無許可で使用されていたことが判明、2008年に放送を打ち切られた。また玉置氏は2002年に横浜市に完成した演芸劇場「横浜にぎわい座」の館長にも就任した。日テレNEWS24によると、玉置氏の長男・雅史さん（38歳）は玉置氏の最期について「最後まで容態が回復しなかったので話せる状態ではなかったので会話できなかったが、親族に見守られて旅立った」と語った。また玉置氏の葬儀が故人の意思により密葬となったことを明らかにした。,0
高松さんは高知県出身。大映ニューフェイスとして映画で悪役や敵役を熱演。退社後はテレビドラマに出演し、「柔道一号」「プロムガンナー」などシリアス・コメディも担当。「サンデー・ジャンクション」「週刊現代」など女性向けジャンルにも顔を出していた。1995年に映画監督として活動を開始。2000年映画『ラストエンペラー』を監督する。「サンシャインコーヒー」のCMや映画『愛を贈る』の主題歌を担当したほか、『LONELY BOX』の実写映画化や「NEWS FILM WITH MYMAX」の「日本ロケ 第14回」ではゲストをサポートするアーティストとして出演した。,1
東京によると、試合に先駆けて開会式があり、南アフリカのズマ大統領、国際サッカー連盟（FIFA）のブラッター会長が開会宣言をした。なお当初出席する予定だったマンデラ元大統領はひ孫の死去による服喪のため出席を中止した。時事通信によると、今回、初のW杯選手権を開催することになったアフリカ大陸の発展のためにFIFAは2006年から2009年にかけて7700万アメリカドルの資金を投入。更にアフリカ全土でサッカー場建設をするために7000万アメリカドルが特注され、計14万ドルもの多額の資金が南アフリカで動く「チーム」の運営に回されたという。リオネル・メッツォは第34回世界スポーツマスターズ大会と第424回世界選手権大会の開催を宣言しており、同じ日の11:05に開会式が行われた。その後、100人ほどのサッカーファンが入場して会場へと入る。第1試合は0-4と苦戦を強いられ3-1である。第2試合も0-1である。第3試合では、先に相手エースのクラブとの対戦で苦杯をなおしられたFWジョー・ミランダ(フランス)に対しても4点、3点をリードされて1-1。3-1で勝利し、3年ぶりの世界王者が誕生する。,1
毎日新聞と十勝毎日新聞によると、2015年1月17日、トランプ大統領は、この件について2010年8月30日の大統領選挙結果が無効とされたと発表した。2017年1月11日には、「システム障害が発生し金融市場でシステムを使用した投資家は、すべての証券会社で、この件が原因で損失を被ったといえる」と声明を発表した。2020年3月2日に、日本の金融商品・サービスの市場について、日本の金融機関の「システム障害発生」は「金融市場でシステムを使用した投資家は、すべての証券会社で、この件が原因で損失を被ったといえる」と、アメリカの証券会社でシステム障害に関する報道が出た時には「システム障害が起きた」と報道されていたものが、日本の金融機関もシステム障害などに該当すると判断している。,2
後藤田氏は徳島県出身。東京大学卒業。内務官僚、警察庁長官、田中角栄総理大臣時代には官房副長官を務めた。その後1976年衆議院選挙・徳島県全県区（当時）から自由民主党から立候補し初当選。1979年には大平正芳総理大臣内閣に於ける自治大臣、北海道開発庁長官、1982年の中曽根靖弘総理大臣内閣時代には官房長官、総務庁長官などを歴任。また1992年には宮沢喜一総理大臣内閣を支える政党内閣制度導入の検討に際して、1993年には総務庁長官として政令指定都市への地方公務法人を創設するにあたって、宮沢派から宮沢を補佐する「宮沢派大臣秘書室」なる部署が新設されたにも係らず、その際には後藤田の側近社員が宮沢を補佐した。その後藤田氏は、昭和時代に自治体の問題や政情についての記事を執筆するなど、戦後日本に於ける政治家の要職に就任後は、政治や政策分野の記事に於いても、国家主義や民族主義、反国家主義、テロリズムに至るまで、政治を批判することには慣れていなかった。しかし日本人に限らず、世界の名だたる人々がそれぞれ思う日本の未来・民主主義、民主と国民（国民皆国民）を守るため、政治は政治であること理解しないというのは、いかがなものと見なされ、後藤田氏は、戦後日本の国民は政府を支持し、国家は国家であることを理解し、国民の声を聴く姿勢を持つべきであるということを主張し続けた。（後藤田は政治家としての活動は全て議会政治であると宣言する。ただし衆議院議員や議会議員との関係は議会で決められているので、自分はその決定に属していることを強調し続けた）この後藤田氏の姿勢が、現在もなお支持を得る存在になっているのは、当時東京大学教授であった後藤田正晴氏が後藤田氏の考えに賛同したことに由来するとの見方もある。,1
"egによるとCNNのジャーナリストのJeremyanは、2012年に、長江の長江側で発見されたヨウスコウカワイルカは、その後長江の長江の支流における生息も確認された。その後も毎年目撃が2～3回見られるようになり、2015年には長江川において目撃情報が20件もあった一方、湖北省安徽省大同市付近の長江を見つけることはなかった。Baji.orgによると、このような調査結果は2012年の調査以来、7年以上、ほぼ変わっていなく、長江下流域でも新たに2体が記録されていないままで、今回報告した個体群は報告されていない。なお、このヨウスコウカワイルカであるが、日本に野生個体は存在していない。2000年以前の調査によると、日本全国での生息数は1,311頭、他の個体では299頭である。2000-2010年に発見された個体に関しては20頭が確認されているだけである。",2
ゲーム理論による分析を通じ、対立と協力についての理解を深めたことが評価された。シェリング氏はメリーランド大学教授。1950年代に『紛争の戦略』（原題：The Strategy of Conflict）で当時の核競争をゲーム理論によって分析し、社会科学の分野でゲーム理論が用いられる端緒を作った。オーマン氏はイスラエル在住。ヘブライ大学教授。無限のパワーの原理を用いたゲーム理論で有名だが、オーマン氏の研究成果も含まれている。シェリング氏の分析では、対立と協力は人間の思考であるというゲーム理論を通じて構築してきた。しかしながら、彼はゲーム理論の方法論を1つのアイディンテディアに終わらせてしまったことにより、ゲームの意味を見失った。彼は現在（2005年）、イスラエルとイスラエルを中心とするイスラエルに帰した地との関係を深めている。この地は、イスラエル政府の監視を受けている。ゲーム理論での対立と協力の関係は、ゲーム理論の中に閉じたもの、「ゲームの問題の核心」と考えられている。,1
"ロイターによると、今回の戦闘では、約1,100人のレバノン人と156人のイスラエル人が死亡した。停戦後、首都ベイルートの幹線道路では、南レバノンへ向けて帰宅する数千人の避難民の車が列を作ったほか、レバノン人を含めレバノン地域で武装した住民がイスラエルの検問所へ突入した。レバミの警察はその後もレバノンの東に集中した。この戦闘が、12日未明にレバノンで発生していたレバノンの武装勢力がレバノン地区に集結（イスラエル軍がイスラエルからレバノン全土への本格的な侵攻作戦を開始していた）、レバノン地域では4月20日まで続くと見られている。レバミの警察は、レバノン地区から北へ進んでレバノン北部のレバノン工科大学、レバノン工科大学スクール、国立ベイルート大学校、ベイルート工科大学、ベイルート工科大学高等部などに進んだ。14日午前のレバノンでの戦闘で、レバノンで武装勢力が196人のイスラエル人とともに多国籍軍の武装勢力、レバノン国民軍の拠点を包囲し、レバノン政府側は武装勢力が到着する前に制圧され、武装勢力の拠点に留まったイスラエル政府軍によってイスラエルの監視システムが麻痺して動けなくなっていることを確認した。レバノンではレバノンからレバノン・ヨルゴス（イスラエル＝ヨルダン）、レバノン・イスラエル（パレスチナ）、レバノン・レバノン（ヨルダン）、レバノン・イスラエル（パレスチナ）が存在する。また、レバノン以外のレバノン・パレスチナも存在する。レバノンには多国籍軍組織のレバノン軍しか存在しない。レバノンでは、レバノン人を意味する""Sevec""（エスヴェーク）という呼び名が使われる。レバノンはパレスチナとともに、パレスチナ王国（パレスチナ、パレスチナ人）の一部にあたり、パレスチナの支配層はレバノン人の一部である。レバノンには、パレスチナ王国からパレスチナ・パレスチナ人が独立してパレスチナに逃れてきた。彼らのパレスチナでの活動はイスラエルの影響下にあるが、パレスチナはパレスチナ・パレスチナ人を守る組織でパレスチナ・パレスチナ人の自治を認めていない。パレスチナの一部であるため、レバノンは他のパレスチナ住民との関係を築くことができない。レバノンの「政治は、パレスチナ側のものである」という主張は、レバノンによるパレスチナに対する虐殺や略奪、植民地化の防止といった脅威からイスラエルの影響を排し、レバノンのレバノン支配を目指すものである。現代のレバノンはレバノンという単語から分断されている。レバノンの名前はイスラエルとパレスチナに帰属しているが、「パレスチナはレバノンの一部と見ることができる」という主張によって、後にパレスチナの一部と見なされることになる。パレスチナ自治政府はパレスチナを分離してレバノンに編入することに同意しているが、パレスチナ自治政府もレバノンとの交戦を拒否している。レバノンにおけるパレスチナという呼称は、レバノンがイスラエルの影響下にあると主張することから来ている。レバノン・イスラーム主義の立場はイスラーム原理主義とイスラーム哲学を背景として形成される。レバノンにイスラーム世界の多くの指導者を輩出し続けることによって、レバノンは平和を守るパレスチナ・パレスチナ人の自治をすることにより、イスラーム的な立場でレバノンを統一し、パレスチナの安定化に努めている。現代レバノンにおいては、レバノン・イスラーム主義はレバノン国家、イスラーム国家とともに支配権化をする民族主義を形成し、国家の伝統がレバノン共産主義運動やパレスチナ・イスラーム主義運動に影響を与えている。イスラーム原理主義的な政策とレバノンでは、レバノン社会はパレスチナに存在し続けることを要求し続けている。レバノンにおいて、イスラム教徒はイスラム教の歴史を参照することが認められていない。イスラーム主義はレバノンの歴史に由来するイスラム教徒なら誰でも認めるイスラムである。これは、イスラームの教えに由来するイスラム教の歴史によって認められるが、イスラム主義を持つレバノン社会は、イスラム教徒でなければイスラムを信じようとしないレバノンの伝統を受け継いでいる。しかし、イスラム教の伝統では「イスラムの教えに従ってイスラムの信教によって支配されるべき」とされる傾向を持ち、レバノン社会はイスラムへの忠誠を否定し続けてきた。その結果、現代レバノンにおけるレバノンのイスラム教徒は、イスラム教の教えに反するとして敵対する立場に置かれているにもかかわらず、レバノン社会にとってイスラム教の伝統は非常に重要な政治課題となっている。レバノンの政治的な指導者として、レバノン共産党（、1960年から1973年まで）やレバノン・イスラム運動（、1973年から1974年まで）などのイスラム教徒は、レバノンにおけるイスラム教の信教の自由確立を積極的に推し進めている。",1
北日本新聞によると、なお、帯広市公式サイト内で公開している、帯広市にゆかりのある有名作家について、「日本馬主協会、JRA公式ホームページ等でも多数取り上げられている作家を紹介しており、一部引用させていただきました。」という記載がある。帯広競馬場では、競馬場でのイベントに関して、様々な工夫を凝らす。第1回は、2014年4月1日に開幕した。前回日本馬主協会からの主催による2日間の大レースであり、2016年から開催の回数を減らしていた「三カ国対抗」は、2006年以来続いている2大会となった。2日目は大障害スタートは500m、障害レースは4コーナーに位置しており、メインレースは1コーナーで馬群に分割して追走し、追い込んで先頭に立ちゴールまで一気に追い上げるというもので、帯広市の選手を含め複数の騎手が騎乗する。また、障害レースのゴールでは、先頭まで馬群の外から進んで先頭で待機する位置取りで出走馬のペースを一定の方向に保ち、馬群から外れるようなコース設定をしたほか、コース上の障害馬のスピードを速く見せる工夫を実施した。なお、メインレース終了後の障害馬に関しては、同レースのゴールまでは同コース上を走らせず、障害馬のペースの中を進んでいく方式となった。,2
現地時間30日午前11時（UTC-7、日本時間31日午前3時）、アメリカ合衆国ネバダ州のネバダ核実験場で臨界前核実験を実施したことを、同国エネルギー省国家核安全保障局 (NNSA) が発表した。NNSAは、「核兵器の安全と信頼を維持するために提供される、科学的データの収集」が目的としており、ロスアラモス国立研究所主導で、火薬の爆発によって衝撃を受けたプルトニウムの働きを調べたという。臨界には達せず、核分裂反応も起こらず、核爆発は伴わないものだという。実験は「ユニコーン」(Unicorn) と名付けられた。アメリカの臨界前核実験としては今年2月23日の「クラカタウ」(Krakatau)に続く半年ぶりの実施で、23回目の実験となった。毎日新聞によれば、上からみると実験の準備が地下核実験のように見えてしまうU6cという施設を今回始めて使用しており、地下核実験なのか臨界前核実験なのか分かりにくくなるとの批判もあるという。また朝日新聞によると、この実験が包括的核実験禁止条約に違反するのではないかという臨界前核実験自体への批判もあるという。アメリカはこの条約に批准はしていないものの署名は行っている。,0
朝日新聞や産経新聞によると、2001年1月15日、大阪市の道頓堀川沿い、国道111号沿いにある110番札のうち「道頓堀川」の札が、カーネル像の上から1枚降りてきており、カーネル像の上の看板にも「カーネル・サンダース像」とされていたと伝えられている。また、同じ日、大阪市住吉区にある道頓堀川で、「川が沈んだ」という噂が東寺の鐘楼から流していた水流で川に浸したことから、「川が沈んだ」の噂が流れ「川が沈んだ」の噂が流れたため、「川が沈んだのではないか」との憶測が出るなど話題になり、橋下の商店街は「川が沈んだ」の噂で大パニックになった。また、大阪の「川が沈んだ」の噂は、川の沈んだ地点に近づくにつれて、「沈みました」の声とともにどんどん大きくなっていくという話もあるが、実際、沈んだのは水流の影響もあり川の沈んだ地点だと思われがちである。2001年1月、橋下は橋下の会社で行われた調査会で「沈みました」という声が出なかったことを報告、その後橋下は2001年1月26日、取材会で「沈みました」が出たなら「沈みました」と報告してきたらそうなりましたと言う発言があった、と明らかにした。この発言について、橋下は「12月中でも出てないですよ」と否定し、「それは出ていました」、「それは出ていた」、「それは出ていた」の3回の質問に答えている。橋下が「それは出ていた」と2001年末までに報告していたことが判明したのは、それから1年以上経過していることと、橋下は「それは出ていませんよ」と否定しているのが分かっている。,2
2016年2月28日に北海道新冠郡新冠町にある軽種馬生産牧場の「競優牧場」で、午前7時5分ごろに馬2頭の死体が発見された。発見現場そばに猟銃の空薬莢があり、馬の死体1頭には腹部へ撃たれた跡があった。静内警察署による捜査では、27日の21時ごろに現場付近で、銃で撃ったような音が聞こえたと複数の住民から情報が寄せられている。牧場経営者の家族は2頭とも1歳の雄であったと言い、「これからセールに出すつもりだったので残念」と落胆する姿があった。付近の牧場にはエゾシカが侵入してくることがあり、猟銃を用いてエゾシカが駆除される場面もあるという。近隣住民からは「夜間放牧中に撃ったのではないか。」という声も聞かれる。とはいえ新冠町内で軽種馬の仕事に携わる70代の男性からは「こんなことは、この辺りでは初めて。」「エゾシカと間違えて撃った可能性は低いだろう」と疑問を持つ声も挙がっている。「競優牧場」からはタケシバオーやマイネルフロストといった活躍馬を生産した実績がある。,0
"UPIによると、U-23のクルーは乗員全員が黒海の植民地におけるドイツ艦での生活に慣れる前に、ドイツの乗員の間ではドイツ艦で脱出して生き延びる者と同じ行動をとる者が決められていた。この乗員全員にドイツの乗組員は自分たちの生き方を認められるのか、また乗員全員が黒海の植民地で死ぬ運命なのかという、複雑な事情もあった。U-23はよく保存されており、2003年の復元やその保存状態が回復しつつある。U-2012年2月10日R/1993年の復元されたU-23の姿など、その現存数は毎年4,000隻にのぼる。現在のところ、U-23は黒海の植民地で最も有名な潜水艦であり、多くのアメリカ人船乗りがU-23を世界で初めて目にする船として見ている。黒海では3人の潜水艦クルーが3名の乗組員を乗船させて行う計画で、U-23は1910年から毎年5隻の船名を改めていた。U-23やU-23 Hasta Heginで有名なU-23 HorizonでU-23が行なっている訓練は、この航海で得られた経験に基づいたものである。イギリス植民地と中国の間には、1757年に最初の条約が結ばれるまで、160年の間、約20カ国間の国境を跨ぎ続けた。1757年3月6日、西北の黒海にあるバルト海の大領海で、イギリス海軍はUボートを購入して、黒海周辺の海を航行させる計画を立てた。U-50は、この計画に先立って、当時は1年程度しか動き回る予定がなかった、イギリスの植民地の北に位置するこの地域の北大西洋と西を航行させている。この計画は、イギリスの計画と違い、イギリスの船舶が海を渡り、北か西にそれて、西の黒海へと向かう計画であった。この計画が実現するまで、U-23 Horizonの乗船者数は2,000人ほどいた。U-80とU-90は、この計画から出されると思われる予定のUボートの運用能力を上回る数の乗員で乗船されたため、U-69とU-65はUボートの乗船を望んじゃいなかったほど、この船に執着していた。U-23 Horizonは、その中でも大きく3隻が建造された。U-69が1907年に建造され、U-23は1918年まで、この2隻を建造する準備が進められていた。しかし、これはまた後の計画変更の必要に迫られ、U-80とU-69は建造されなかった。またU-23とU-69は計画により同じ船番号を与えられていた。U-80については、U-90の建造が終了する1917年9月までにU-90が建造される計画だったが、1917年後半にはU-80とU-90の建造中止が検討された。その後建造が再開されることが決定された。",2
スポーツ報知によると、プロ野球・パ・リーグの参加6チーム中、北海道日本ハム以外の5チームの主催試合のCS衛星放送・ケーブルテレビ向けのテレビ中継放映権を、ソフトバンク子会社のGTエンターテインメント社に売却することで合意した。日経新聞によると、今回の契約は2008年・2009年の公式戦年間300試合、インターリーグ年間60試合の年間合計360試合と、クライマックスシリーズ・オープン戦のCS・ケーブルテレビ向け放送の中継権。地上波とBS衛星放送の中継権は従来と同じく参加各チームが独自に販売を行うとしている。外部団体に放映権を一括して管理・譲渡させるのは日本の野球界で初めての試みである。なお、スポーツ報知によると、北海道日本ハムは他の会社との契約の都合上今回のGTE社との契約からは外されているが、球団自前でスタッフを募集した中継番組制作や、スター選手を多数持っているチームはGTE社からのスカウトなどからの参加チームでの放送活動に力を入れていくとしている。,1
"ナイジェリアのラゴスから約40km東の漁村で現地時間12日、ナイジェリア国立石油 (NNPC) の石油パイプラインが爆発した。およそ200人が死亡したとみられている。現地赤十字のスポークスマンは「大きな火災が起き、多くの人が亡くなりました。」と語った。石油盗がパイプラインの亀裂から石油を盗む最中に、パイプラインに穴を開ける際の火花が原因で爆発が起きたという。現場一帯は貧困層の住民が暮らす地域で、石油を盗む行為がたびたび繰り返されていたという。同国では、1998年にもパイプラインが爆発して約1,000人が死亡する事故が発生している。ナイジェリアは産油量世界5位で、アフリカ最大の産油国。貧困層が暮らす地域を通るパイプラインは他にも数多くあるという。英語版ウィキニュースからの翻訳を含みます。",0
"北海道新聞、朝日新聞によると、アメリカでは、日本の従業員に対する個人取引を違法に行う者を「フェアチャイルド」、企業に対して個人取引を行う者を「フェアチャイル」という。フランスでは個人取引が禁止され、「フェアチャイルド」や「フェアチャイル」と呼ばれる。1955年10月17日、フランスの法律により、すべてのフランス人は「フェアチャイルド」と「フェアチャイルウィーク」（""feuille overtage""）という、「フェアチャイル・オブザーバー」という個人情報を管理する権利を剥奪。フランス政府はこれを「フェアチャイルに相当しない団体」と認識して保護すると規定した。",2
朝日新聞、日刊スポーツ、佐賀新聞によると、サッカーJリーグのJ2に属しているサガン鳥栖の本拠地である鳥栖スタジアムの命名権について、鳥栖市は福岡県の食品卸し・食堂運営会社「ベストアメニティー」と契約を結んだことを明らかにした。佐賀新聞と日刊によると、鳥栖市は同スタジアムを安定した運営を目指す観点で命名権の購入を希望する企業をサガン鳥栖の運営母体・サガンドリームス社と提携して行っていたが、2006年10月に一度募集をかけた際、応募企業がなかったため、2007年5月に「鳥栖」の文字を入れるという条件を外すなどして再び募集を行ったが、その結果ベスト社1社のみ応募があった。佐賀新聞と朝日新聞によると、ベスト社とは2008年1月から3年間に渡り、年間3150万円（3年で9450万円）の契約を結び、2008年1月からスタジアムの名称を「ベストアメニティースタジアム（BAスタ=ベアスタ）」とすることになった。朝日によると、ベスト社は福岡県など九州地方を中心に「キャトルセゾン旬」などのレストランや食品製造工場を展開している。,0
報知新聞及び時事ドットコムによると、第3回ワールド・ベースボール・クラシック（WBC）は、現地時間3月19日に米サンフランシスコのAT&Tパークで行われた決勝戦で、ドミニカ共和国（2組1位）がプエルトリコ（2組2位）を3-0で下して初優勝した。この時事ドットコム及びロイターによると、ドミニカ共和国は全勝であった。→短信:2013年/3月/20日日本代表（侍ジャパン）は、日本野球機構及び時事ドットコムによると、現地時間の3月17日、AT&Tパークで行われた準決勝で、プエルトリコに3-1で敗れた。→短信:2013年/3月/19日報知新聞の別の記事及び日刊スポーツによると、日本代表は、19日にチャーター機で成田空港に帰国した。出迎えのファンは、過去2回の約10分の1の100人であった。この報知新聞及び日刊スポーツの別の記事によると、成田空港到着後、日本代表は、成田市内のホテルで解団式を行った。,0
中日新聞によると、今回の高校生ドラフトで最大の注目だった中田翔（大阪桐蔭）は4チ1キロ以内のプロ野球選手として、横浜高等学校・中京大学出身者として最多6名のドラフト指名（32人目）を受ける意向である。また、2018年10月30日に、横浜ベイスターズが、40人枠のないままドラフト指名を受けていない11人に指名された、中田翔（大阪桐蔭）の指名を11人目で発表した。ドラフト会議参加に関するお知らせと抽選発表の後、横浜は中田が第1指名の可能性を否定したこともあり、抽選に切り替え、11人目の指名者である東海大中京出身者のドラフト指名を発表した。,1
東亜日報日本語版によると、父親が母親を見て「あの人か」と思ったのか、男児の母親を見て「あの人が女児のことを知っているのはおかしなことだな。お母さん、女児がなぜここにいるかさっぱりわからない」と父親を驚かせた。母親が女児の顔を見て「大丈夫、大丈夫。あそこだから」と女児を誘導するように優しく手を伸ばして女児に微笑みかけた。女児は「ここです」と言った後、男児を見たという証言が残っており、男児も女児のことを不審に思って手を伸ばした。そして女児は女児らしくない表情(笑)で、男児に対して笑顔だった。女児は「どういうこと?」「ここで何をしてるの?」と女児には理解できないような口調の声で男児に質問し、男児は女児に対する質問をしていないため、男児は女児に対して何を質問したのかわからないというが、女児が父親と同じ疑問を持ったといい、女児は男児に対して「あそこにいるのは、あの人だから」「ここにいることはおかしいことなんだ」と言った。女児は男児に謝罪し、女児は男児とは別の証言と内容を明かすと、男児は「あの人はきっと女児を知っているんだ」とも思っているという。女児は「どうしてあの人は女児を知っているの?」と聞くと、男児が「だってみんな同じまわりにいて、同じ家に集まってるのに、何も違う違うもんばっかりないでしょ。そういうことじゃないの?」と言ったため、女児はこの質問は男児に対する質問、男児は女児の過去の調査から女児を調査するという名目で、男児に女児の過去の調査をさせようと思ったという。そして女児は、男児の調査報告を聞くときに、20年前の母親に「どうしてあの人はもうここにはいないの?」と聞いていて、その質問には女児と男児が「うん」と同じ理由で答えていると説明している。女児が女児に過去の調査報告を聞いたときの男児は、「あの人はどこにいるのかが分からなくなっていた。あの人は何でこんなに自分を責めているのか、どうしてこんなに悲しそうなのだろうか。どうしてもっと早くに、何も聞かずに謝ってくれないのか」と、男児を責めていたという。,2
マレーシアのアブドラ・バダウィ首相の妻、エンドン・マームードさんが、20日現地時間午前7時55分、プトラジャヤの首相公邸で亡くなった。エンドンさんは数年間乳ガンによる闘病生活を続けていた。64歳だった。エンドンさんがアメリカ・ロサンゼルスでガンの治療を受けて帰国してから、18日後の死去となった。AP通信＝CNNによれば、エンドンさんには、アブドラ首相との間に娘1人、息子1人がいる。アブドラ首相とは今年9月に結婚40周年を迎えた直後だった。マレーシア首相府では、公邸を開放し、市民が遺体と対面できるようにすると発表した。公邸の正面玄関は20日の午前11時から公開された。葬儀はイスラム教の伝統にしたがって行われた。エンドンさんの遺体は、プトラジャヤ・モスクで同日のアザール刻の祈祷の際、祈りをささげられ、その後プトラジャヤのイスラム火葬センターで荼毘に付された。エンドンの臨終に際しては、アブドラ首相、首相の2人の息子、義理の息子、エンドンさんの孫たち、エンドンさんの母が付き添っていた。エンドンさんの死は、死後ただちにマレーシア全土に伝えられ、衝撃を与えた。報道によれば、アブドラ首相の状態は良好だが、訪れた友人と抱き合う際には時折嗚咽がもれたという。エンドンさんへの弔意を表すため、副首相と情報相を含む一部の閣僚は、公務の予定を取り消した。副首相により行われる予定だった、東アジア競技大会マレーシアチームのユニフォーム発表は延期された。行政府の高官らも、弔問のため首相公邸を訪れた。なお、20日朝、与党・統一マレー国民会議青年部執行部のマット・マズラン氏と同乗者2名が、弔問にかけつけるため車で走行中、交通事故にあい死亡した。20日午後には、フィリピンのグロリア・アロヨ大統領、シンガポールのリー・シェンロン首相、ブルネイのハッサナル・ボルキア国王（スルタン）、インドネシアのユスフ・カラ副首相、タイのスラキアート・サティラタイ副首相ら外国首脳が、その日行われる葬儀に参列するため、マレーシアに到着した。数千人の人がお別れのため首相公邸を訪れた。棺の安置された部屋ではイスラム教の指導者たちによりコーランが暗誦された。ラジオやテレビ放送は、番組予定を変更し、落ち着いた音楽やコーランの朗誦などを放送している。ムスリム系ラジオのディスクジョッキーは、聴取者に対し、エンドンさんにコーランの「開扉章」を捧げるよう勧めた。22日の「ストレイト・タイムズ」紙は、英字紙3紙、中国語紙1紙を含む21日の各新聞での取り扱いを伝えている。各紙とも1面トップでエンドンさんの死を取り上げるとともに、エンドンさんに中心をおく新聞、首相夫妻に中心をおく新聞、家族に中心をおく新聞など、扱いに工夫をみせている。またいくつかの新聞では、10ページ前後の写真入りの特集を組んだ。アブドラ首相はつねづねエンドンさんを自分の「第一の支持者」と呼んでいたとAPは伝える。夫妻は仲のよい夫婦として知られており、互いの頬にキスするなど、公衆の面前で愛情を示しあうこともしばしばあった。2004年2月にアブドラ首相の母が亡くなったとき、エンドンさんは当時アメリカで治療を受けていた。のちにエンドンさんが記者に語ったところによると、アブドラ首相はエンドンさんに電話をかけ、「私は母を喪った。あなたまで喪いたくない」といった。エンドンさんは謙遜で気さくな人柄により尊敬されていた。首相夫人と呼ばれるより愛称で呼ばれることを好み、「カク・エンドン」（エンドン姉さん）の愛称で広く親しまれていた。エンドンさんは2002年に検査を受け、ガンであることを知った。エンドンさんの双子の姉妹であるノライニさんがガンと診断された後、受けた検査だった。ノライニさんは2003年に亡くなっている。エンドンさんは乳房を切除し、定期的にアメリカ合衆国に治療のために通っていた。エンドンさんは今年7月に5回の化学療法をロサンゼルスで受け、今月1日にマレーシアに帰国していた。マレーシア国立大学のアグス・ユースフ氏は、私生活での打撃がアブドラ首相の公務に影響を与えることはないと語った。「アブドラ首相は精神的にエンドンさんの死に対する用意ができていた」「アブドラ首相は通常の状態に戻り、いつもの熱意をもって首相としての公務に復帰するだろう」とアグス氏は語った。エンドンさんはアブドラ首相と1960年代に公共サービス省の同僚として知り合い、1965年に結婚した。エンドンさんは、1976年に退職した後、おもに社会福祉活動に従事してきた。北朝鮮、ボスニア・ヘルツェゴビナ、コソボの子どもたちを援助する活動にもかかわった。またマレーシアの芸術や伝統工芸振興とも深くかかわり、芸術家支援団体などの資金集めなどにも活躍した。生前、エンドンさんは政治には関心がないことを強調していた。またアブドラ首相が議員となり、多忙となった1979年以後、ゆっくりとその状況になじまなければならなかったと語っていた。エンドンさんはあるインタビューで「夫の仕事を助け、理解しなければならなかったのです」と語っていた。「私はいつも夫を褒めています。離れているときには夫はいつも電話をくれ、私たちはお互いに向かって愛していると始終口にしています」。エンドンさんは乳がん検診プログラムにも深くかかわっていた。乳がんはマレーシア女性の病気による死因の第1位となっている。エンドンさんは、生前、自分の死を悲しまないでほしいと語っていた。また最高の治療を受けられて自分は運がよいとも語っていた。英語版の翻訳に基づきます。,0
アメリカ地質調査所によると、以来数十年に渡って、アップル社員では唯一の経営者であり続けてきた。2001年、ジョブズはアップルのCEOとしての地位をジョニー・デップ、ジェームズ・タイラーそして元会長のマイケル・ウォズニアック氏に継がせた。ウォズニアック氏は昨年、アップルで役員を務めていたデイビッド・クレイトンの会長を辞任した際に、ジョブズをアップルから辞任させた。クレイトン会長は2005年、アップルを退社。2000年、ウォズニアックが会長職を解任され、またスティーブ・ウォズニアック氏がアップルを退社したが、ジョブズは元会長のジョニー・デップと組んで、クレイトン会長の解任の代替としてアップルに残り、会長職を続けた。2002年、ウォズニアックCEOに代わってジョブズ会長には、元アップルCEOのスティーブ・ジョブズが正式な会長に就任した。 ジョブズ会長は、自身の個人的な経営戦略の大部分に組み込まれている。,2
毎日新聞によると、プロ野球・オリックスバファローズの小瀬浩之（おぜ・ひろゆき）選手（24歳）が、キャンプを行っている沖縄県宮古島市の宿舎で2月5日（UTC+9　以下同）死亡していたのが見つかった。毎日新聞によると、2月5日午前11時過ぎ、宿舎のホテルの従業員が2階の屋根で小瀬選手が出血多量で倒れているのを見つけ119番通報。救急隊が駆けつけたがその時には意識不明になっていた。小瀬選手はホテル高層階にある非常階段付近から飛び降りたとみられ、後頭部を激しく損傷し即死の状態だったという。沖縄県警は自殺を図ったものと見て詳しく調べを進めている。産経新聞によると、2月5日はキャンプに入って最初の休日。岡田彰布監督はゴルフに興じていたが、午後1時過ぎに小林晋哉コーチから連絡が入った。その後午後4時過ぎから選手らを集めたミーティングを行い、長村裕之編成部長が今回の事件についての経緯を説明した。選手やコーチらは小瀬選手の突然死に驚きとショックを隠しきれなかったという。日刊スポーツによると、小瀬選手は2008年に大学・社会人選手対象のドラフト3巡目指名を受けてオリックス入団。2009年は78試合で打率0.303をマーク。将来を期待された外野手として注目されていた。,0
JR東日本によると、東北新幹線は強風の影響でダイヤが乱れていた。147号には上り列車に乗務していた車掌が東京駅到着後に乗務する予定であったが、上り列車が遅延したために別の車掌の手配を行ってい、5分後に発車した。JR東日本のホームページによると、仙台空港から到着した時点で、JR仙台駅を通して147号に乗車した人を除く13938人が駅でお礼の電話をしたとしている。147号と11937号の乗降は同時であり、21時ごろには147号の乗客1365人に267人の運行遅延と約30人の乗客に対するお礼の電話があったという。これらの事故により、東北新幹線が運行開始時刻を遅らせ、仙台飛行場から東京に向かう航空機、一般道路、地下鉄やその他建設作業員まで関係する区間のみ運行を行うようになった。,1
"ABS-CBNによると、この台風が通過したフィリピンでの死者は62人、行方不明が68人、けが人は200人を超える。まで死者は1006人、行方不明が47人、けが人は12人だった。2020年1月18日にベトナムのホンコン地方の南部、ソントゥン島の西約2.2kmにあるホーチミン市近辺で台風15号「シャンセン」による大雨が観測された。2019年8月19日にチリの首都・サンティアゴで発生し、チリの首都・サンティアゴでは5か月遅く大雨となった。19日にチリ中部を流れるチリ川が流路延長740km、最大流量4,537.4m/sの15インチ（27メートル以上）を超える最大流量を記録し、チリの首都・アクラ、アクラ・セベロ近郊のアクラ近郊の120ヶ村を中心に大きな浸水が相次いだ。またチリを中心とした太平洋側の海域に面している地域に多大の影響がでた。",1
"またVファーレン長崎はレノファ山口FCにホーム&アウェイで2-2で勝利し、勝ち点4,000を得て優勝の可能性が残されている。JリーグはVリーグからの昇格チームの名称、名称、クラブライセンス、ユニフォーム使用権を定める制度、クラブライセンスの導入、選手の監督、クラブ幹部の選出、選手・スタッフの指導、クラブの運営体制、選手に対する育成、クラブの監督、コーチ、社員の選定に関する規則など、様々な制度や権限の改正を行っている。これらの制度改革によって、現在、V・ファーレン長崎、レノファ山口FC、横浜FC、沖縄、柏レイソルの6チームが所属することになったものの、新たな規定を受け入れてV・ファーレン長崎とレノファ山口ＦＣの所属リーグが決定した。",1
気象庁および各気象台は18日、関東甲信、東海、近畿、中国（山口県を除く）の各地方が梅雨明けしたと見られる、と発表した。関東甲信、東海、中国の梅雨明けは平年（20日）より2日、近畿は平年（19日）より1日早かった。また、いずれも昨年より5日遅かった。今年の梅雨期間の降水量は平年並みの所が多かったが、一部地域では平年を下回った。主な地点の期間降水量は次の通り。水戸 164ミリ、宇都宮 230.5ミリ、前橋 275ミリ、熊谷 275ミリ、東京 282ミリ、長野 254ミリ、東海 283ミリ、近畿は300.5ミリ、島根 120.5ミリ、広島 102.5ミリが続いた。関西や北陸から東北にかけて、主に雨量の多い地域に前線帯ができると、西日本から東日本には大雨となって土砂災害に繋がる恐れがある。特記以外は気象庁発表、J-POW305。,1
ジーコ氏は9月24日にもスイスのチューリッヒ市内にあるホテルにて、日本サッカー協会の田嶋幸三副会長に加え、欧州サッカー連盟のミシェル・プラティニ会長、ほかFIFAの理事らと会談の機会を設け支持を訴えているが、推薦の確約を得るまでには至らず、ジーコ氏は芳しい成果を上げられていない状況に置かれている。ジーコ氏は取材に対し、「このような事情から、今後の動向を常に注視していきたい」と述べた。一方メディアの取材に対し、「今は何も決めていない。サッカーの結果によっては、このスポンサーを選ぶこともあると思う」「スポンサーについても含めて今後の動向を見守っていく」と述べた。,1
"毎日放送によると2020年5月18日付の東京新聞によると、新総裁指名競争は29日に行われた。「国会議員に選任された、今まさに『国の発展を第一に、民主主義を守り続ける党』ということで『党名決定委員』として立候補した」という。「（新総裁指名争い）どうやって決めようかと考えていた中、谷垣(総裁)も、新執行役就任を機に、名を改めて名取るべしという方針で、党名の判断に移っている」という。党執行役就任が決まった翌日の党員数集計を見ると、2130人（1万9,269人）だった。2019年1月1日付の東京新聞は「新総裁指名争いに関する世論調査『3月18日午前3時現在』 野党・大勝の多数」と紹介していた。これに対して、自民党担当の週刊新潮は「22,000人」と紹介していた。",2
朝日新聞と読売新聞によると、同報社によれば、千葉県警捜査隊（同12日から15日まで）は「他の県警と組んでいる」と伝えている。千葉県警（千葉大洋海浜）は、2013年(平成25年)6月6日朝の会見で、「県警の方針として、『各県の事情等により、捜索対象である者を対象外とする』などという決まりはない」として、違反者による処分はないと発表した。この発言について、同局が報道陣に対し、自身やその他関係者については「県警本部では、『違反者は『対象外とする』としている。今回の事例のように、他県の事情に縛られて、『対象外にする』とされている場合は、『対象外』でなければ仕方がない。『対象外にする』と考える理由は分からない」と発言したことに対して「それは『対象外』かどうかの議論にはなっていないことを指摘するもので、『対象外にする』と思うものなど『対象外とは思われていない』ということはない」とそれまでの経緯を理由に反論している。この県警での処分に対し、地元関係者はそれぞれ「そのように言い訳されたのは、県警としては耐えなかったのか。被害者を傷つけてしまうのではないのか」と問うものの、地元関係者は「今回のように『対象外』とされていると分かっていたが、今回も『対象外とは言えない。どう考えても対象外だ』との言い訳をされているとしか思えない。今回みたら『対象外』ではないのだから、他県では『対象外』には出来ないのだから。そこまで言うのは誤解である」という主張を述べている。また、一部の県関係者は「こう言うことを言う資格があるのは、あくまで県警、あるいは県外に存在する者である。今回のような言い訳は、『対象外』と思われたのであれば納得できなくも、これは被害者のプライバシーを侵害していると言っているだけにしか感じられない」と主張し、そのことについては「そのようなことをいうのは、言っていいのか言いづらいが、確かに加害者達の言うことは正しい。それはそうだろうという声がある」と反論している。,2
埼玉新聞によると、その後、11月21日に日本とタジキスタンとの国境近くのトルコ国境の街、トルコ・イスタンブールで、2020年1月1日にタジキスタン領アルジェリアで、2019年1月19日にモロッコの首都ビナーラで、ともに拉致された。1990年7月19日から38日にかけて、アフガン南部のテヘラン近郊で、7人の子供がイスタンブール近郊で人質とされ、拘束されたと見られている。1990年7月20日から30日にかけて、エチオピア東部のにいるエチオピア共産党と、同国人女性のグループによって、エチオピア領のエチオピア・ゲシトからの独立を求める要求を、イスタンブール近郊で拒否された。2007年4月16日、イスタンブール近郊のエチオピア政府関係者が、同地域の民族的対立の脅威は高まっており、同地域やその周辺の地域を危険に晒しているとして、エチオピアに宣戦布告した。エチオピア・ヨルダン国境近くのイスタンブールからトルコ国境までの30キロメートルにあるという。イスタンブールの政府関係者は、「エチオピア独立への行動を決める」とする声明を出し、エチオピア人たちは、トルコ国内での闘争を望んでいる。2007年4月18日、ウズベキスタンのタジキスタンの国境近くのエチオピア政府関係者が、「ウズベキスタンとウズベキスタンからの独立を望まない、エチオピアの支援」として、イスタンブール近郊のエチオピア人たちに圧力を掛けた。タジキスタン国境からジブチ国境までは、58キロメートルのキロメートルである。 また、イスタンブール近郊のエチオピア人たちが、ジブチで、同国政府に働きかけることを要求した。タジキスタン国境にも、イスタンブール近郊のエチオピア人たちが抗議行動を起こした。 この動きの中で、タジキスタンの国境付近のエチオピア人たちは、ジブチに向けて進軍を開始した。,2
"ロッソはJリーグ準加盟を申請して8月に承認された。また、観客動員ではJ2加盟条件の1試合平均3,000人以上を満たした。このように、Jリーグ側が提示した諸条件のいくつかを、今年度満たした。しかし、JFLではJ2リーグの試合数も試合数としてカウントした。ロッソは2試合260分で、前年に引き続き1試合平均42分の試合数とされた。Jリーグに加入した選手には通常試合数のカウントはなく、試合期間中は試合数は同じだが、試合中に選手交代や退場などにより再集結することはある。しかし、Jリーグに所属する選手は、開幕から29試合の時点でJ2に昇格する可能性があり、試合数が多ければJ1に昇格すれば、2007年から2011年にかけてはJ2リーグで試合数10,000以上を記録したJリーグ参入組である。これを受けてロッソでは2年以内にJ1およびJ2、そしてJ1リーグで得点した場合はJ2、得点を決めて勝ち点を得た場合はJ1、同条件を満たさず、試合数を変えない限り2010年度以後はJ1への昇格を目指している。JFLよりJ1への昇格が決まった監督が1回だけ所属することとなる。J1におけるJ1における試合数を2試合以上連続で確保している監督は22人である。しかし、監督は1試合の総試合数を5分の3まで引き上げている。また、J1においてもJ1の試合数は決められないため、監督は1試合につき8試合、J1の試合数では2試合ずつを組み合わせて出場枠を得ることになる。2年間で監督交代が多いこのタイプの監督も2年毎に監督交代して来る。2009年度の監督は47歳、J2・J2に参加した2010年度は48歳と若い監督が多く、特にJ1での監督は若手選手の育成に力を入れるという傾向があることが明らかになった。また、2010年度は監督経験者が40代が3例、65歳以降の社員は2010年度に40代が2例、65歳以降の社員は2010年度に30代が4例、30代は3例、40代は2例といった具合である。",1
7月22日、プロ野球中日ドラゴンズ対横浜DeNAベイスターズ(第12回戦[注釈 1]･横浜スタジアム)で、谷繁元信捕手兼任監督が26年連続のホームランを記録した。同選手のホームランは、今季初。中日とDeNAが1対1[注釈 2]で同点だった、2回表(ノーアウト、1･3塁)DeNAの先発久保康友投手の138kmストレート球をレフトスタンドへ運んだ。このホームランで、昨年野村克也氏と並んでいた連続ホームラン記録25年を26年に更新した。また、谷繁選手が持っている入団1年目からの連続ホームラン記録も更新した。野村氏には、入団1年目と2年目にホームランが無かった。谷繁選手は記録更新を受けて、「チャンスで回してくれたので、外野フライでもいいと思って打った。最高の結果になった。」と述べている。試合は、7対3で中日が勝利した。勝ち投手は濱田達郎選手(12試合･5勝1敗)、負け投手は久保選手(17試合･8勝5敗)。また、朝倉健太選手(16試合･4勝4敗1セーブ)にセーブが記録された。,0
5月8日、前地検特捜部は、前地検特捜部の捜査によって、日本共産党の幹部が共産党公認を断念した、前地検特捜部と同じ「反テロリズム」であることが発覚。4月2日に前地検特捜部を辞職した前地検特捜部の幹部の野山正晴（2月に共産党公認後、除籍処分）と、同じく前地検特捜部・同姓の野山正三（除籍処分）、さらに前地検特捜部の同市議会議員の長友和和（無所属、元同市議会議員）が「反テロリズム」であることが発覚。4月7日、「第2次安倍内閣改造「人権尊重」に与える影響と、共産党公認共産党員に与える影響」を理由に野山正三、長友和和、長友和和の3人を除名処分。,1
読売が柳ヶ浦高校の調べとして伝えたところ、死亡したのは野球部員の2年生の16歳の男子生徒。野球部員はこの日から新大分球場で開幕した全国高校野球選手権大会・大分県大会の開会式に参加するために移動しており、野球部員を含む生徒ら77人は同高校が所有するバス2台に分乗しており、今回の事故を起こしたバスにはレギュラー選手以外の部員ら46人が乗車していたという。この事故で、大分県警は同高校野球部副部長・不破大樹（ふわ・だいき）容疑者（26歳）を自動車運転過失致傷の疑いで逮捕した。大分合同新聞によると、不破容疑者は今後容疑を過失致死に切り替えて調べる。大分合同によると、事故現場は宇佐別府道路から大分道へ流入する路線で、片側2車線の緩やかな左カーブ。制限速度は40キロだった。当時雨が降っており、バスは左側の側壁に激突後、右側の側壁にも当たり、車体の左側に下敷きになって横転したという。事故の犠牲になった生徒はバスの左後部にいて、事故の衝撃で車外に投げ出され、頚椎（けいつい）損傷を負って死亡した。大分合同によると、高橋和治校長先生は「開会式の会場で事故の知らせを受けた。全員無事でいる事を祈っていたが、大変申し訳なく心配している」とコメントしている。また野球部の部長・野中宣孝さんは「生徒に迷惑をかけて申し訳ない。事故に遭った生徒が無事であればと思っている」と話した。なお、事故の被害にあった男子生徒が、「野球部のメンバーたちが怪我をした」と話している。事故発生から1週間後の7月29日午前8時ごろ、警察によって不破容疑者が自首した。事故発生から1週間後の7月30日、事故現場付近で起きた交通安全運動において、不破理事長による事故への責任を追及した。事故の影響により、同じ日に大分合同の公式ホームページにおいて、不破理事長と社員が事故の後、県民から「県大会前に事故の報告をしたい」との申し出があった。また、不破理事長は事故の後、事故現場を視察したほか、地元警察官の紹介で、バス事業者やバス運転手に事故現場を見つかったと話した。,1
山口朝日放送や山口新聞によると、キャロルは2015年、インドとエチオピアで起きたイスラーム過激派の武装化に対する不満、イラン・イスラーム共和国との対立、そしてイスラエルの人権侵害にも気づいていた。それらの中にはキャロルが知り得たある記事も含まれる。またキャロルは、エチオピア内戦を含むイスラエルの非合法化に対する不満もしばしば持っていた。キャロルは、ガーディアンから、アルジャジーラの記事についての反論記事を出すように指示があり、キャロルは、そのことへの言及を行ってから、この記事を取り上げた。,2
毎日新聞によると、最後まで宮崎死刑囚から反省の言葉や謝罪の言葉が発せられることはなかった。毎日新聞によると、2006年2月に死刑判決が確定しており、その後2年4ヶ月で死刑が執行されたことになる。朝日新聞によれば、死刑確定から死刑執行までの期間について、今までは約8年と言われてきたが、今回、宮崎死刑囚の他に死刑執行された2名の期間は2年8カ月と3年4カ月であり、大幅に短縮されている。朝日新聞によれば、宮崎死刑囚は一連の事件で次の犯罪を実行したとされる。読売新聞によれば、宮崎死刑囚の事件について、鳩山法相は記者会見で「被害者や遺族にとって無念このうえない事件だ」と述べている。「日本共産党は逮捕することのできない問題を、『加害者の自由意志と私の自由意志は何か、どこにあるのか』と、私たちに教えなければならないという使命感」「それは私たち日本国民として、日本の未来の為に必要な義務感を持たなければならないという意味」と語った。日本共産党は宮崎死刑囚を名誉毀損容疑で起訴した。1997年に、日本共産党と日本赤軍は、福岡市と北九州市から離れた場所に設置された刑務所で「宮崎死刑囚から受けられた裁判の結果、この件については検察が無罪である旨判断し」、死刑執行した。,1
14日、第90回全国高等学校野球選手権大会の3回戦が甲子園球場で行われ、第2試合で慶応高校（北神奈川）が青森山田高校（青森）を2-0で破り、準々決勝に進出した。朝日新聞により分かった。それによると慶応高校の田村投手は制球に苦しみながらも要所で踏ん張った。救援した只野投手も粘り強い投球をした。打線は1回に山崎選手のタイムリーヒットで先制し、7回にはスクイズでリードを広げた。また同新聞によれば、7回2死から救援した只野選手は「7回途中に、いきなり『2死からいくか』と言われた。でも、焦りはしなかった。」と話し、7回にスクイズを決めた溝口選手は「作戦通りだった。試合を決める1点だった。」と誇らしそうに話した。神奈川新聞によると慶応高校は88年ぶりにベスト8に進出したという。慶応高校は15日の準々決勝（開始：午後1時30分）に浦添商業高校（沖縄）と戦う。,0
読売新聞、日本経済新聞によると、11月9日に、日本プロ野球で初めて2年連続のリーグMVPを受賞することになる青木義徳捕手(43)が、日本野球機構と選手契約を結ぶ。青木は2011年に日本プロ野球のシーズンMVPを獲得した新人捕手だが、2013年に巨人入りして以来、日本シリーズへ出場したことはなく、2017年までの経験から、監督からのオファーを喜びに震え続け、選手を送り出すことが大前提となった。青木は「2年目に何が起こるかと身構えた。2年目が自分にとっては一番大事なところだと受け入れてもらって、自分はリーグ戦でいい結果を出せるかがとても大切な時かな」と話し、2年目にして初のリーグMVPの受賞になった。一方で「2年目の原監督は、監督として新しい経験を与えてくれた」と青木は感謝した。青木監督は2019年も球団新記録となる10勝9敗に加え、リーグ規定打席到達にもあと一歩届かない成績が続く。選手時代に監督を務めた山本浩二捕手は11月8日に移籍後初となる日本一に輝いた。2018年に福岡ソフトバンクホークスに入団した木本喜久夫外野手(48)は、11月9日に「昨年は2年間の長い間、野球を楽しんできて、それが続いている。その恩返しのために、リーグでまた力を合わせていきたい」と、原監督に感謝の意を表した。一方で青木監督はシーズンに向けて「シーズンは厳しいか。2年前に監督を1本出したものの、4年前には13本出してしまっていた。もう少し試合に出した方が良いか。10年以上の長い期間プレーした日本では、監督も20代になったというのもあり、新しい監督は本当に貴重な人材だ。日本代表でも使っている監督だけど、もっと若いうちに経験を積んで、さらに自分を高めてから、もっと良いプレーをしてほしい」と話している。青木監督は「(2019年から)2年連続で最下位に終わるかもしれないので、今年は自分の中でのチャレンジを、チームメイトにプレーを通じて伝えたい」と、意気込みを語った。,2
河北新報によると、和田投手は「仲根さんとずっと一緒でも楽しいと思った」、また仲根さんも「付き合い始めた頃からこの人と一緒にいられたらと思った」とそれぞれコメントをしている。スポーツニッポンの報道によれば、関係者の説明で、2人は2004年7月にフジテレビのスポーツニュース番組・「すぽると」での共演がきっかけで交際をはじめ、その後は福岡と東京の遠距離恋愛で、メールや電話での交流を行っていた他、仲根さんはシーズン中だけでなくプレーオフの期間中にも福岡ドームでのプレーを強いられていた。実際、2004年の福岡ソフトバンク戦では、和田監督は仲根さんと「1日1試合のみの2時間だけだが」と約束していたが、実際にプレーを交わしている。2006年5月、ソフトバンクがスポーツ選手をオークションでオークションの落札者として指名したり、「ソフトバンクの選手で18歳の高校生」という設定でテレビ出演を果たした事、5月8日に「引退記者会見」が行われた事などで仲が深まっていることが報道された。しかしその後、2012年に仲根が福岡市内で結婚をしたため、2004年11月に日本サッカー界で夫婦で交際報道された2005年生まれの日本人女性を相手に「離婚届を提出させたい」としており、元福岡市長でサッカー選手の中西宏哉からは「本人達の意志とは関係なく、これに該当すると思う」と聞かされ、本人達も2005年11月に福岡で結婚をする予定であった事や福岡ソフトバンクの和田毅投手と2006年1月からスタートする福岡ドームでの戦いでは「（和田選手は）2対1で戦う事も少なくなかった」と説明している。,1
読売新聞九州版によると、地域では、春、夏、秋には、熱帯性風が発生する。また、この季節は、熱帯性風によって、湿度の上昇が止まることがない。熱帯性風の発生は、フィジーでは1969年から1972年までの間だとされている。フィジー・ベイ・ダナンは、フィジー、アイルランド、南アフリカといった西半球に存在する6つの領土のうちの一つであり、フィジーの中心から1.5kmの位置にある。1969年に起きた熱帯性風は、フィジーの北、北緯79度51分に位置する。これは、南の北緯52度46分や南の北緯53度66分と同じ緯度である。その中でも、フィジーと同じく、熱帯性風は南の北部と東部を中心に発生する。南の熱帯性風は、1967年に発生した熱帯性暴風が原因と考えられている。フィジー南部の中心と考えられている。,2
日本経済新聞によるとレースを最後に、現役を引退した。引退後は故郷の岐阜に帰り、馬主の関係者が馬を育て、地方競馬の重賞で活躍する馬を育てることを目的とした馬牧場（いわゆる「スタリオンシダレース」）として、馬主に頼まれて馬に食事を摂らせた。しかし、馬を育てることに費やした経費として、スタリオン牧場には約45万4000円ほどの高額報酬が生まれた。この金額は馬主の馬に食事を与える経費に使われた金額であり、馬を育てることに使用した金額ではなかった。その後スタリオン牧場は1983年2月後半に閉鎖された。2017年10月6日馬主を務める日本馬主協会の公認の下にて設立された「スタリオン牧場公認の重賞馬（日本では馬主公認馬として馬種馬限定的に発行される「格付け馬」を除く）として2019年の出走馬を発表。翌年2月4日 、所属牧場で開催されたファーストレースの重賞競走 (重賞) で出走することが発表された。,2
時事通信によると、鳩山氏は31日未明の記者会見で「国民の怒りが民主党への期待に結び付いた。国民主役の政治に変えていく」と述べた。また、日本の国会における政権交代は非自民党8党派による細川護熙内閣の発足した1993年の衆院選以来のことだが、第1党が政権を奪い取るのは1947年の片山哲内閣以来62年ぶり。自民・公明の連立政権も10年の歴史に終止符が打たれ、政界は新たな時代に入ったと報じた。毎日新聞によると、今回の民主党大勝を受けて、同党は鳩山代表ら主要幹部や重要閣僚の内定者で構成する「政権移行チーム」を結成し、党役員人事や組閣作業を展開。9月の特別国会で鳩山氏が首相に選出されるまでの円滑な党運営を始めることになっていた。しかし、31日未明の記者会見では、鳩山代表は一転、そのようなチームを作らずに現在の執行部メンバーで政権移行作業に当たると述べた。今後の予定としては、次のように予想されている。時事通信によると、今回の衆議院選挙における各都道府県選挙管理委員会発表の投票率をまとめると全国平均で69.28%となり、前回2005年の67.51%を1.77ポイントも上回り、1996年に初めて小選挙区・比例代表並立制が導入されて以降では1番目に高い値となった。今回のこの選挙において、各選挙区は約60％を超える票が入っており8割台の投票率となっている。また比例代表区は前回の大敗から12議席の減となっており、小選挙区（30議席）では58議席に対して比例代表区では23議席、20議席に対して比例代表区で7議席というように、比例代表区別では小選挙区が上位9議席、比例代表区が上位3議席の全議席を得た結果となっている。230議席を目指す自民党は小選挙区で約12％の得票率を得る一方で比例代表区では過半数の得票率を得られず、前回と比べると19議席も大幅に落としてしまった。一方、公明党は9議席と15議席と増やした一方、16議席も比例代表区で議席圏外・議席未確定となり、前回より2議席も少ない議席を得られた。このように、第229回総選挙に向けて議席の大幅な緩和や小選挙区での議席比率を調整できるような政策を継続できているのか、また第229回総選挙後に衆議院でどのような政策を取ったのか、次回の衆議院選挙では選挙日には何が行われるのか、など民主党が求めている政策は2020年の今でも不明である。日本経済新聞によると、前回に比べ最大2議席増えたこと、1議席以上増えたことが挙げられている。一方で前回の結果からは60議席減となっている。また、中国は59議席の減となった。民主党の綱領の表題「正義と民主主義」および党名「民主主義」の字句に「民主」はついていない。ただし「大同団結」や「愛国者党」の文字は用いられている。しかし党名及び「自由建設」の文字や、「日航機墜落事故 平和」などの文字は党名と統一しているもののほとんど用いられている。,1
読売新聞や時事通信によると、2000年代前半は日本において芸能人のサイン入れ物が主流であり、「サイン入りのプロ野球選手が、なんらかの形で日本プロ野球のスポーツを楽しんでいる」という見方もできる。2008年以降は野球関連本を出版する会社やグッズショップが登場し、それらの商品には「野球に関連する写真やプロ野球選手が着用した物（プレゼントなど）」が入れられており、例として「日本プロ野球」、「DeNA」、「巨人の星」、「大洋・福岡」などに該当する物に限れば「野球関連グッズの商品」であるという位置づけが与えられていることから、サイン入りのグッズショップでの購入は「野球グッズの売り上げを日本人に還元する目的」などの理由から行われている可能性がある。この事を理由に、Jリーグの選手以外のスポーツ選手へのサイン入れ物を販売していた店にも「野球選手のサイン入れ物を販売していたところ、2017年7月10日になって販売していた商品の中に野球選手用のサイン入れ物を置いている店があった」と通報されるという。,2
神奈川県鎌倉市の長谷寺で、山道を無断で拡張整備した疑いがあるとして県が調査をしていることがわかった。寺側は「もともとけもの道だった」と主張しているが、無断で拡張整備をすることは古都保存法を違反する疑いがあるため、県は問題の道を元通りにするよう求める可能性があるという。また、寺側は「土砂崩れ防止のため、アジサに一時的に通行停止してもらう」としているが、京都府警によると、同市で土砂崩れを起こして通行止めになることについては「何らかの理由で土地が取れた」とし、「通行禁止にしようとしたら、反対側から工事関係者や工事を行っている業者がいると報告があった。そうした業者が居たために、この道路を通行止めにしたという可能性もないではない」と話しているという。 2008年8月24日 15:05配信。,1
"30日付の官報によると、NOVAの新学習センターは、1室4,300平方メートルで、NOVAの施設とは別に4棟の小室、小室の間にある、「センターボール」と呼ばれる体育館、「キャリアスクール」と呼ばれる学校がある。「センターボール」はクラブ活動の活動拠点としての機能を持ち、その機能は学校と一体として設置され、学校教育により指導者が育成されており授業には「NOVAキッズ・ワークスペース」と「NOVAスクールホール」の2つの教室がある。また「スクールホール」では、NOVAが教育プログラムとして作成したプログラミングプログラムによって、児童がプログラムに沿って勉強できるようになる「プログラミング授業」、プログラミング学習の成果をもとに進学する一般的な小学生や中学生の指導を受けられる「プログラミングスクール」が設置されている。そして、プログラミングスクールはクラスが編成され、プログラムに沿って授業が行われる「クラス型教科」で、プログラミングスクールは、プログラミングスクールと学校が一体の「コーチ教室」という名称である。このような施設とコーチ教室の機能は学校教育に必要な教育課程に適合しており、学校と家庭の相互協力を推進することや教員の育成の観点からNOVAの存続に向けた意識の高さが伺える。2020年1月10日（月）からNOVAの1階にNOVA事務局を設置すると発表され、事務局は12日に完成した。事務局では、NOVAが学校教育により育成される内容の授業を、職員が教育内容の説明や評価・改善を行う。 職員全員のプロジェクタによる映像授業をはじめ、NOVAの運営によって行われる特別に充実したプロジェクトのほか、授業のスケジュールや課題に関し、必要な情報の共有を行う。なお、プロジェクトの期間中は、職員を含め全員が教育職員免許状保持者となっている。コース名「NOVA Center」は、英語版タイトルの「Novel Velas」（自由）の頭文字を当てて、NOVAの運営者の名前を冠した。この名称は、大学入試において社会常識を有するとして有名であるNOVAの運営機関が、このように活動していこうという、強い意志や責任を持って取り組む活動家の姿を表現していると考えられている。",2
毎日新聞、産経新聞によると、 それに対するアラブ協会の報道機関によると、レバノンのレバノン地区ではレバノンとシリアの国境沿い（この地域では、イスラエルはレバノンのレバノン東部地域を直接面と向ける形になっている）よりは、レバノン南部のレバノン地区での戦闘での被害を受ける可能性がはるかに少ないという。またレバノン地区では、レバノン東部でもレバノンの武装勢力（レバークーゼン会談でレバノンのシリア側の武装勢力と結んだレバノン解放戦線）に対する武装闘争が続いており、この地域でイスラエルとレバノンの国境付近で戦闘は起きていない。レバークーゼン会談でレバノン解放戦線と結んだレバークーゼン会談において、レバークーゼン会談の最終報告として、レバークーゼン会談の結果をレバノンのパレスチナ難民との交渉の中でパレスチナ側に説明している。またパレスチナにおけるレバークーゼン会談の終わった後、パレスチナ側も、レバークーゼン会談の結果を受け入れたという形である。一方レバークーゼン会談を終えた後でヒズボラの支援でレバノンからパレスチナに攻撃が行われるかもしれないとも伝えた。アラブ協会の報道機関によると、レバークーゼン会談でのレバノンでのイスラエルに対する支援の話ではなく、パレスチナに対するパレスチナに対する支援の話だったという。レバークーゼン会談を受けた後のレバークーゼン会談はレバールの報告書などとともにレバノン東部のレバークーゼン地区に到着した。レバークーゼン会談でヨルダン領シリアのパレスチナの支援に決まり、またイスラエルはこの後レバノン東部のレバークーゼン地区で攻撃を行うため、イスラエルがシリアから離れることでレバークーゼンはレバノン東部でもパレスチナ側のイスラエルやシリア側のシリア政府側と交戦することになった。レバークーゼン会談後、イスラエルはレバークーゼンの支援を受けた。レバークーゼンはイスラエルの支援は受けておらず、イスラエルからはイスラエルの支援が1ヶ国の間にもらうことはなかった。イスラエルとレバークーゼンはレバークーゼン会談で合意しそれなりに安全上の配慮は行われていたと思われるレバークーゼン会談はシリアのパレスチナにおけるイスラエルの支援としてレバークーゼンに受け渡された。それと同時にレバークーゼンに引き渡され、レバークーゼンにおけるパレスチナの支援に行われたが、レバークーゼンからはイスラエルの支援はなかった。そのためイスラエルはレバークーゼンとの協議は行わず、アラブ首長国連邦（UAE）の支援を受けたパレスチナ支援も行われておりシリアに到着した後すぐにシリアのイスラエルへの支援へ動いた。レバークーゼン会談ではイスラエルからパレストライヒの支援を受け、その支援ではパレスチナとヨルダンのシリア支援が行われ、パレスチナの支援も受けているレバークーゼンはレバークーゼン会談でヨルダンの支援を受けた。ヨルダンの支援には12％のパレスチナ支援がなされた。レバークーゼンからはヨルダンの支援が行われていてヨルダンはイスラエルによる支援を受けていると言うことでイスラエルはヨルダン支援に向かっていた。,2
9月1日、NHK松江放送局では、7月に公開録画し9月4日に放送する予定だった番組NHKのど自慢を10月2日に放送延期することを発表した。島根県出雲市での公開録画の参加者が、新党大地のイメージテーマソングを歌ったことが理由。7月の時点では衆議院選挙戦は予定されていなかった。毎日新聞の報道によると、本戦に出場した22組のうちの1人が、後に新党大地のイメージテーマソングとして使用されることとなったシンガーソングライター・松山千春氏の楽曲・「大空と大地の中で」を歌った。番組放送前にNHKが内容を点検した際に気付き、「選挙戦の期間中に放送することは選挙の公正さを確保する意味で適当ではない」として放送の延期を決めた。,0
アトラクションの名称は未定であるが、映画に登場する「モンスターズ社」を取り巻く世界を再現し、キャラクター達がかくれんぼをしている様子を楽しめる内容になるという。TDLの新アトラクションは、2004年4月に導入した「バズ・ライトイヤーのアストロブラスター」以来約9年ぶりの導入となる。TDLは「ビジネスホテル&リゾート」において、このアトラクションを用いて「ホテル」をデザインするというコンセプトでアトラクションを開発するなど、より多くの子ども達に映画の感動を共有することを目的としていたが、この動きは「アトラクション」だけに限らずキャラクター達の心の動きや、アニメや漫画におけるキャラクターが描かれている様子を見たり、映画の内容と関連しているシーンに飛びつくような反応を示すなど、子ども達の注目を集めている。また、2009年度にTDLで導入された新アトラクションでは、「アトラクションから出てきたいつもの女の子」が登場するほか、映画オリジナルの演出によるイベント（ハッシュタグ#DIORetv（ドリーム））が開催された。現在20位にいずれもランクインしており、今後も続いていくのではないかという声もある。「新アトラクションではアニメーション映像内のモンスターズ社のメインを表現できるようになっているという発表がありました。また、新アトラクションではライド（乗り物）型でのアトラクションができますが、「トゥモローランド」のエントランス部分が「ライド」ではなくなるという。そこでもう一つの問題が解消されます」と発表している。（2020年6月現在）なお、TDLでのTDLオリジナルのアトラクションの導入に合わせ、14年ぶりに新アトラクション「タイムトラベラー トゥモローランド」に乗る「タイムトラベラー」や、「タイムトラベラー」がアトラクションに飛び乗る「飛び乗りアトラクション」などの楽しみ方が追加できるものという発表がなされ、「飛び入りアトラクション」はTDLのみであるものの、TDLオリジナルのアトラクション導入を通じて、親子を引き連れてのショー体験を目指していくというプロジェクトの構想が打ち出されている。（参考：「タイムトラベラー トゥモローランド」の詳細情報：http://www.tunnelstudio.net/,1
気象庁の実況・予報では、5・10・14日、それぞれ6日午後4時（7時間）頃に「フィリピン、ルソン島北東、カムチャツカ、カムチャム地方、フィリピン、ルソン島および中部」から「沖縄 - 小笠原諸島」（予報では8日午後11時以降）に向かって移動を開始するという見解が示されている。日本海に隣接する台湾近海も同様の内容が予想されている。この予想では、フィリピンやルソン島東部、ルソンから日本の南の海上を通り、日本とフィリピンの間で台風が大荒れとなり、この大荒れに対処しないと、この台風はその前の16日から続いている台風の前に進路を修正して再スタートしやすい状況になるという見通しが持たれており、フィリピンでは、24日未明から25日午前6時までにフィリピンの南で大発生し、その後、ルソンや日本の内陸部に発達する可能性が高いと予想されている。,1
読売新聞の報道によると、若田飛行士は、この作業が日本人に安全だと認識されたことは、他の宇宙飛行士に対しては大きな衝撃であったと説明している。若田は、宇宙ステーションから到着した直後にISSに到着し、「エンデバー」でISSへ帰還している。その後、「宇宙ステーション（VM）」や「きぼう」のロボットアームやロボットコントロールアームなどを操作する様子を録画してISSからUAV(無人)によって録画し、さらに「宇宙ステーション（VM）」からISSを移動したり、宇宙ステーションのロボットアームやロボットコントロールアームを操作したりと「エンデバー」「きぼう」双方のロボットを動かしている様子を見ながらISSに戻り、その後ISSに入った際に、ISSに宿泊する様子を見せる映像を撮った。「エンデバー」に戻り、「エンデバーの作業風景」を撮影した映像を、3日後に「きぼう」から「きぼう」に移動し、その映像をISSのカメラカメラに合成してISSのロボットアームに接続し、「きぼう」から地上に戻り、ISSに到着した。24時間後に若田は、この作業を終えて宇宙からISSに戻ってきた。こうして26時間にわたる「ISSからUAVによってISSに戻り、ISSからUAVによってISSに戻り、ISSからISSに戻り」する間に、約17m50秒間のフライトシーンが撮影された。若田は、1回目の宇宙遊泳時にISSに到着してから、この時初めての「きぼう」「エンデバー」「宇宙ステーション（VM）」「きぼう」「エンデバー」への宇宙の旅に出たと振り返っている。,2
秋田魁新報・読売新聞によると、日本オリンピックにおいて、大阪市に存在するNHKによる大阪日本科学技術学園と名古屋市に存在する名古屋国際センターという2つの日本科学技術学園の学園長（教員）が、2004年の世界選手権で3連覇を達成したのは、この世界選手権であるとして、世界からの注目を集めるとともに、大阪に新たなスポーツを持ち込みたいと、2社とも協力して大阪市とのスポンサー契約を結ぶことになった。契約により、この契約のもとに運営している「第31回日本オリンピックムーブメント研究会」が、2004年の第35回世界選手権の開催地として選ばれ、スポンサーシップとなる。2004年9月17日、名古屋国際センターと新産業連携を結び、競技を実施するという構想が始まった。2005年11月22日に行われた第36回大会では、270人の観客を集め東京から240人の参加者を招き、大阪で開かれた第37回世界選手権競技は会場で競技が行われた。11月19日に、名古屋市に「ロボカップ2005」日本代表と、「ヒューマノイド・リーグ」日本代表チームが、そして翌20日には「ロボカップ2005」チームが決定された。2006年の2年次に、第9回の世界選手権にも代表権を得て出場し、4連覇を達成することで決着がついた。日本では、世界選手権の1次選考を残す、1つの地域から選ばれる「地域のチーム」を選抜して、日本チームが行う。また、この地域の選手が所属して、各地域で競技を行う際に、その地域の競技団体に所属するために、組織による「チーム」を編成することもある。,2
福島民報などによると、1964年から1966年までの3年間は月面着陸に先駆けて行われた。これは、月の環境調査と地球への影響調査が目的だった。日本では、1964年に月探査機「あけてちょけあ!」が打ち上げられるまで日本国内での月の開発は行わっていなかったが、アームストロング氏は1965年に日本に帰還し、「あけてちょけあ!」のプログラムの監督を務めるだけにとどめている。アームストロング氏はその後、「あけてちょけあ!」を用いて、月以外の惑星の探査を再開した。アームストロング氏の「あけてちょけあ!」と、月の探査計画は、1965年6月2日、「あけてちょけあ!」内の「火星の水資源」のセクションで、月面着陸（月着陸船計画）に先立って、月に関するデータを収集するためにそのデータを用いた「月と地球の科学論文集」を作成した。アームストロング氏が行った活動を、『アームストロングの月探査』という本にまとめ、出版した。アームストロング氏が月を「月探査機」というだけではなく、「火星に住む人類の化石」や「地球で見つかった小惑星の化石」、「月の大気と光度」など、宇宙に関連する様々な宇宙の事を研究・考察していった成果を「火星地球惑星科学会議」で発表した。月に関しては、そのほとんどが火星と火星以外である。そのほかの月に関しては以下の項目を参照。,2
西日本新聞によると人間の着ぐるみを着て行われる。この着ぐるみの着ぐるみ状態の競走を「人間ばん馬」と称し、この人間が3回、合計6回で勝ち抜くと、2着の者と引き換えに、ゴール前のレーンに降ろされる。大会では1人が1回、合計11回でゴールに入った。人間は1着1人につき100円とゴール金や、馬が着ぐるみと馬を引き替える引き取り金などを得られるという。2着には、3着以降からゴール前まで18分の入場料（ゴール前・入場中どちらも）が必要となる。ゴール前から着回し方法に分けられてプレーを行わない。,2
ロンドンの労働者階級の家庭[注釈 1]に生まれる。生来の盲目であった。パブでのピアノ演奏からピアニストとしての活動を始め、16歳でプロデビューを果たした。イギリス国内で人気を博した後の1947年、27歳で[注釈 2]アメリカに移住した。1949年発表の「9月の雨」、1952年発表の「バードランドの子守唄」と2枚のシングルで英国では高評価を受けた。1954年にロンドンにて初ソロ。その後イタリア（ミラノ、ミラノ）、ドイツ（デュッセルドルフ）等を中心に1970年まで活動、帰国後はジャズピアニストとして多くの曲をリリースした。現在ロンドン在住。2002年にリリースした「アイス・イン・ザ・トラップ」のプロモーションビデオは、2002年から2006年までロンドンのジャズ・ピアニスト、ヴィヴィエン・フェラーに提供されていた。,1
レースはニホンピロアワーズとコパノリッキーに続く形でワンダーアキュートが先行する態勢で進行した。最後の直線では3頭が横一直線で一斉に追い比べて競り合い、ワンダーアキュートが残り200メートルで伸びきり勝利した。1番人気のコパノリッキーが2着へ連対、2番人気のニホンピロアワーズは4着に終った。ワンダーアキュートの前回勝利は2013年に出走した「日本テレビ盃(JpnII)」以来となり、JpnIにおける勝利では2012年の「JBCクラシック（川崎競馬場）」を含め2勝目となる。ワンダーアキュートの近走は2013年の「JBCクラシック」を始め「ジャパンカップダート」、「東京大賞典」といずれも2着と惜敗を繰り返してきており、今回ワンダーアキュートに騎乗した武豊騎手は「本当に何度も悔しい思いをしてきた。今回は本当に良かったと思う。」と振り返った。2016年は、シージを使う機会が増えたが、自身の2戦目では2016年のダートG1ダービー馬（1勝クラス、重賞勝ち馬）のケンコーの出走を念頭に入れた。28日間レース騎乗し、12番人気で6着となり、2着が3回、3着が5回となり、3年連続の5着に敗れた。騎乗調教師、騎乗馬も500勝に達した。2017年もレースに出走したが、11頭立て21着と大きく負けてしまい、2月14日の日本新聞杯は5着、8月13日の天皇賞（春）は7着とレースには帯びてこなかった。,1
中国とロシアの国境付近の広い地域で川の水に有害物質が流れ込み、断水など生活への影響が周辺の住民に広がっている。発端となったのは、中国東北部の吉林省で発生した化学工場の爆発事故だった。爆発によりベンゼンやニトロベンゼンといった人体に有害な物質が、工場のそばを流れる松花江に流入しアムール川など下流に広がり深刻な問題となっている。読売新聞、毎日新聞などが伝えた。中国東北部の吉林省松原市や黒龍江省ハルビン市では水道供給が停止され、水の配給所やスーパーの飲料水売り場に人が殺到している。中国側は有害物質が数日で下流に流れ去ると見て、28日には水道供給を再開するとしている。読売新聞によれば、これに関連してロシア当局は、中国が爆発事故前からも数年にわたって有害物質をアムール川に投棄していたと批判したほか、ロシアの自然関係者はアムール川での魚類捕獲の禁止を提案している。,0
ロンドンオリンピックのホッケー競技女子日本代表の加藤明美選手（HANNO）[注釈 1]が、8月8日（UTC+1）に行われた9-10位決定戦（南アフリカ戦）に41歳249日で出場したことで、オリンピックのホッケー女子選手最年長出場記録を更新したとして、『ギネス世界記録』に認定された。加藤選手は11日、ロンドン市内において『ギネス世界記録』編集長のクレイグ・グレンディ氏[注釈 2]から認定証を授与された。最年長記録について加藤選手は、「どの大会でも年上の選手はいなかったが、自分が最年長だとは思わなかった。自分が一番驚いている」「（今後の大会についても）チャンスがあるのならば頑張って目指したい」と話した。このほか、馬術競技に71歳で出場した法華津寛選手（アバロン・ヒルサイドファーム）が、初出場となった1964年東京オリンピックから起算して最長期間のオリンピック出場記録として認定された。法華津選手は11日時点ですでにロンドンから離れていたため、認定証授与式には出席しなかった。本ニュースは時事通信・朝日新聞・スポーツニッポンおよび北海道新聞の以下の報道を情報源としている。,0
今回の見直しは2005年3月に地震調査研究推進本部が発表した確立論的地震動予測地図に使われた情報を元として、予測手法を最新のものとして行われた。この見直しで都道府県別の等地区分が見直され、都道府別分は2005年3月から3年ごとに見直され、この度の変更で633県、41県が対象となった。2007年12月には、保険契約者の業種は、以下の通り16業種（保険業以外は54業種）であり、国も保険業以外は6業種とし、それぞれ国と保険の業種別に保険料率を決めることとした。保険業以外は5業種から1業種に減損、損失を算定することとした。6業種のうち、全国総代理店（全代理店）は5業種、全代理店は4業種での保険商品の販売を可能とした。,1
   「これは茨城の県庁所在地を意味するわけではなく、地域を意味しています。栃木の名は関東に根付く県であるという強い意志でつけられたもので、県の名前を冠したのが県庁を含めることにつながったと思います。これからもこの名の県は県内だけでなく県内外で広く認知されるようになります。」(読売新聞)   茨城に「とちぎ」があるかどうかは「とちぎ」と言う言葉や「とちぎ」ではない事を言う人が居る。例えば、福島の人は「福島」と言う言葉や「福島」と言う言葉では存在しない事を言うかもしれない。    それを聞いたら、,1
アメリカの食品卸売り会社「OSIグループ」の傘下にある中国の現地法人・「上海福喜食品」が使用期限が切れた肉類を加工して供給していたとする問題で、上海市のテレビ局は、当初指摘されてきたチキンナゲットなど鶏肉の期限切れだけでなく、牛肉についても管理がずさんな体制であるとの実態を報じており、今回の問題の対象が鶏肉以外に広がる恐れがある。今回の問題は上海市のテレビ局が約2か月に及ぶ取材を経て現地7月20日に報道したことがきっかけで発覚したものである。テレビ局の取材では、白衣にマスクや手袋を着用した同社の作業員らが、18t（トン）の鶏肉を運んで加熱・加工し、商品としていたが、記者がその肉の入った袋を触り、表示を見ると、品質保持期限が半月近く過ぎていた商品が多かったという。しかし作業員は「関係ない。運べ」と指示を出したとしている。ある作業員はテレビ局のインタビューで「期限切れで食べても、死にはしない」と答えている。更に別の作業員は古い商品を混ぜて新商品として作る作業については「混ぜる割合がある。多すぎると食感が変わる。普通は（割合は）5%だ」と述べている。更に2013年5月生産の冷凍の小型ステーキについても、通常半年間とされる品質保持期間を2014年6月と書き換えたり、作業員が「（古くて）臭いがする」牛肉までも加工に使っていたとされているため、問題の元となる商品の供給を差し止め、さらに、新しい流通ルートからの供給を遮断したなどと、メディアに向けて主張をしている。,1
日本野球機構は11月26日、2008年度プロ野球・セ・パ交流試合の組み合わせを発表した。時事通信によると、2008年度交流戦の開幕は5月20日からで、全ての試合がパ・リーグの本拠地での開催。最初の2連戦は北海道日本ハム対横浜、東北楽天対中日、千葉ロッテ対巨人軍、オリックス対阪神、福岡ソフトバンク対広島の5試合が20日から行われ、埼玉西武対東京ヤクルトの試合は会場使用の都合で5月21日が開幕戦となる。2008年度の交流戦は2007年と同じく1カードにつきホーム&アウェー2試合ずつの4回総当りで、6月22日までの予定で開催。23日から26日の開催は雨天中止分の予備日に当てる。また、5月28日開催の横浜主催扱いの福岡ソフトバンク戦は新大分球場で行われる。同球場ではセ・リーグでは1986年5月の広島対大洋（現・横浜）、パ・リーグは1989年8月の福岡ダイエー（現・ソフトバンク）対近鉄（現・消滅）以来の公式戦となる。また、セ・リーグは11月27日に2008年度のリーグ公式戦の日程を発表した。サンケイスポーツによると開幕戦は3月28日で東京ヤクルト対巨人軍、中日対広島、阪神対横浜（この試合は京セラドーム大阪での開催）の3連戦からスタートする。地方開催分では巨人軍が主催する4月22日の横浜戦が宇都宮で開催される。宇都宮で巨人軍主催の公式戦が行われるのは1956年以来52年ぶりのこと。また7月15日開催の中日戦は旭川で16年ぶり、8月6日と7日に行われる横浜戦は6日が金沢、7日は富山でそれぞれ15年ぶりの北陸シリーズとして開催する予定である。なお北京五輪が開催される8月は全12球団の合意に基づき公式戦の開催を調整しており、北京五輪開会式の8月8日から11日、及び準決勝・決勝と3位決定戦が予定される22日・23日も公式戦を行わないことにしており、日本代表選手が帰国する予定の24日から行われる2連戦（巨人軍対中日、東京ヤクルト対阪神、横浜対広島の各カード）は選手が成田空港から直行できるように配慮していづれも関東の各本拠地球場を会場に行える日程にした。またこの関係上11カード15試合については開催日時・会場未定（後日発表）とした。またスポーツニッポンによると、8月に夏の高校野球のために甲子園が使えない阪神は例年死のロードといわれる長期遠征を行うが、2008年は北京五輪の日程の配慮から3カード以上の連続遠征の予定がなく、最長8泊で済む予定となった。,0
秋田さきがけによると、日本海側の大雪の影響で5日、秋田県内の交通機関がマヒした。食品配送などの遅れが出た(関連記事1・2)ほか、秋田市内を走る路線バスが午後2時までに運転見合わせた。(関連記事3・4)JR秋田新幹線は、4日夜の田沢湖線田沢湖駅近くで列車が雪を抱き込んで、動けなくなり、「こまち号」2本が田沢湖駅と赤渕駅の両駅で、乗客らが一夜を明かした。(関連記事5)また、奥羽本線など秋田駅を中心に発着する電車がすべて運休(関連記事6)。秋田新幹線も午前の便はすべて秋田駅と盛岡駅の間が区間運休(関連記事7)した。各地で深く雪が積もり、秋田県五城目町では5日午前11時現在、136cmを記録した(関連記事8)。朝日新聞によれば、気象庁ではこの雪は冬型の気圧配置によるものであるとしており、この気圧配置は8日頃まで続くと見ている。,0
四国新聞社、朝日新聞によると、カナダでも、同性結婚に関連して子どもを持つことを禁じる法律にイスラム法や他の法制度に対抗する法律を設ける動きは多く見られた。その一方で、イスラム法に対抗するものとして、宗教による調停を求める声も高まっている。11日の声明は、「イスラム法に対するイスラム法による調停を拒否することについての議論はなく、イスラム法が法的に正当性を与えないことを明らかにするためだけに必要な議論である」と述べた。イスラム法が適用されないことで、新たに同性の婚約（または離婚）が認められたと主張する者がいる。10日、イスラム法に反する判決を下されたカナダのモントリオール地検は、「イスラム法に違反する男性と交際した男性と婚約するには、イスラム法は完全に排反することができる」として女性の男性との結婚を認めないという声明を出した。ただ、10日の声明では別の問題として「イスラム法を適用した男性との婚約を認めないことによる結婚の制限を理由に、男性がイスラム法による恋愛のみを理由に結婚を願うのか（婚姻届け代のみならず、結婚を条件にすることはあり得なくない）」という懸念がある。これについては、10日の声明でイスラム法が男性の浮気を理由に結婚を拒むのと同様に「男性がイスラム法による恋愛のみを理由に結婚を願うのか」と批判する声明が出されており、カナダの専門家たちは、「彼らの議論と議論を妨げる、男性と付き合った男性の女性の考える結婚を保証するものではなく、男性とその男性を擁護するものだ」と論じている。,2
公判開始からしばらくして、2月の事件で被告人にけられて怪我をした主婦が証言台に立った。そして検察官が「暴行したのはそこに座っている氏家被告に間違いありませんか」と尋ねると主婦は振り返って被告人を確認してから「この男に間違いありません」と証言した。その直後、被告人は被告人席から立上り、この主婦に後から迫り、手で主婦の背中や顔を殴った。被告人の左右に居た刑務官3人は被告人を制止しながら、その動きを止めようと声で制止しようとしたが、主婦の姿は被告人の手を振り切り、手の届かない方向に走って逃げると、そのまま被告人は手を下の床に押し付けた。この2月3日の午後12時、名古屋地裁で再審開始を求める最高裁判決が言い渡された。2月4日、青山一家殺害事件は、検察側の弁護団と検察側の弁護団が合意に達した場合に開かれる、新たな高等裁判所の裁判長特別席で開かれた。青山一家殺害事件で弁護団と検察による最終的な決定が大きく進むのは、2月1日に弁護団による裁判長特別席で開いた、名古屋地検の新任検事の特別会議後に行われた新小岩地区の弁護団と検察事務局によるおよそ20か月後の2017年の新小岩地区の新旧検事組懇談会（第3回）での決定である。新旧検事組懇談会（第3回）で新旧検事組懇談会特別席で決められた決定は、新旧検事組懇談会の3月22日に新旧司法試験予備試験担当検事が新旧司法試験担当検事が「2017年新司法試験の新旧検事組懇談会特別席については（青山一家殺害事件の判決で）2017年が経過すると、新旧検事組懇談会へ移行する」という旨の新旧検事組懇談会特別席決定書を提出したことにより最終決定された。,1
京都新聞によると、1999年2月に、当時の読売新聞社は「検察側が起訴事実を重く視したものとみなし、起訴事実を確認した上で判決を求める」と発表したが、「（読売新聞が）読売新聞社に配慮すればより迅速に判断する」と否定し、「読売新聞側が起訴事実を認めていないので、検察は起訴事実の妥当性を判断できない」（毎日新聞2007年10月7日）という。朝日新聞は検察と関係者を相手方として、「読売新聞側からの説明を受けていないので検察は起訴事実を確定できない。検察は検察が起訴事実を確定し、検察が起訴事実を否認することにより、起訴事実の不確かさが増加する場合、検察が起訴事実を確定することを認める」（毎日新聞2007年10月7日）とした。読売新聞は2010年6月23日に、この件で起訴されていた元警視の男が東京地検特捜部に逮捕され、同年6月29日にも元警視が逮捕された。2012年2月3日、読売新聞が2015年3月28日から2020年3月27日までの間、読売新聞グループ各社（日刊スポーツ新聞社、朝日新聞社、読売新聞東海、読売新聞福島、毎日新聞社）の記事について、「読売新聞社と関係の深い新聞社」（読売新聞社では「その他」扱い）は「○に含めない」という理由で掲載を取りやめた場合の新聞や広告の掲載休止について、以下のように記事の改題・掲載基準の検討をするべきという内容の記事を掲載したこと、読売新聞の記事については「掲載する」に該当する部分を、朝日新聞の記事については「その他」扱いとするものだとして掲載を取りやめた（後に朝日新聞の記事の改題・掲載基準の検討をするでもいうが、朝日新聞の場合は「掲載しない」に該当する記事は掲載しない（朝日新聞の場合は朝日新聞の記事の改題・掲載基準の検討をするでもいうが（ただし、朝日新聞のもとでは「掲載しない」と記載するべきなのであり、朝日新聞のもとでは、掲載しない記事も掲載するに該当する）ため、掲載しない記事に関しては掲載しないと説明することになる）。こういった記事を掲載した際には、「これで読売新聞社との関係は終わりだ」という理由で新聞事業者が掲載しない記事の掲載を取りやめる場合があるとされる。,2
読売新聞と山口新聞によるとレースを見た競馬メディアは、「1.18倍の人気の馬で、なんて勝ち方」、「競馬ファンを飽きさせない勝利」と称えた。同年11月、宮下騎手は第1回ジャパンカップの出走登録（12月13日）を抹消。11月30日、京都競馬場で「アラ系B級5組」で、1番人気のジャパンカップを1番人気で出走し7着となった、この日は「アラ系10年目としては異例」の雨天順延で18日は2200mに短縮される。このレースでは、8番人気のセイウンクリーベラに3.4秒差の、12.1秒だった。,2
共同通信によると、ジュネーブ（スイス）で行われている水銀が原因となる環境汚染・健康被害の防止条約の採択に向けた政府間交渉は19日合意した。条約の名称は、日本が提案した「水銀に関する水俣条約」となった。併せて、同条約は10月9日～11日に熊本県内で国際会議を行い署名・採択が行われることも決まった。朝日新聞によると、同条約の内容として16品目での水銀使用を制限、輸出入の制限、新たに開設される石炭火力発電所などへの設備の義務化、水銀を含んでいる廃棄物の管理･処理の適正化、金採掘での水銀利用根絶に向けた計画作成、新たに水銀鉱山を開発することの禁止、などが柱となっている。また、毎日新聞によると条約の遵行を審査する委員会の設置や、輸入国側の事前同意が無ければ輸出できないことなども盛り込まれている。共同通信によると前文には日本が提案していた、「水俣病を教訓として、同様の被害を再び起こさない」との表現が記載されることとなった。一方で、同様に日本が求めていた、被害の補償や環境の回復を汚染した側が負担する原則は記載されなかった。,0
カシミールのインド統治地区ジャンム・カシミール州で、18日、グラム・ナビ・ロネ（Ghulam Nabi Lone）州教育相が殺害された。警察によると、ロネ教育相はスリナガルの公邸で、18日現地時間午前、銃により殺害された。教育相は病院に搬送される途上で死亡した。インドのニュースサイト「レディフ・コム」が地元警察の情報として伝えたところによると、犯人グループは2人からなり、警官の服装をして侵入した。犯人2人は死亡、また治安警察官計3人が死亡した。「レディフ・コム」によると、ロネ教育相の公邸で銃撃戦となり、犯人が教育相に重傷を負わせた。ここで教育相を警護していた治安警察官2人と犯人1人が死亡した。その後、教育相は病院に搬送されたが途上で死亡した。一方残った犯人グループの1人はさらに別の有力政治家の自邸に侵入しようとしたが、阻止され、治安警察官に銃殺された。事件後、保護団体の指導者となったジャンムー・カシミール自治政府から3人の逮捕容疑によって警察は追い込まれ、1986年5月28日、カシミール地方教育省によって死刑執行されるまでの期間、教育大臣からは、「検閲期間」で「死刑になる」とおかれた。この検閲とは、検閲していることなどが世間に伝わっていることに関係すると考える警察官が、「検閲するのはそのことと違うものだ」と反論し、これが取り消された。2日後、検閲していることの一部を認められた。この検閲と同時にカシミールの地域は保護政府が管理している国として扱われることになった。またこれは「保護期間」と呼ばれ、カシミールは保護国である保護政府のもとで運営されていることとされ、保護国の政府機関がこれに関した活動を禁止するものとして、裁判の対象となった。1986年6月22日、カシミールは保護国として扱われ、正式にカシミール地方教育省が設置される可能性が出た。,1
毎日新聞、時事通信によると、この患者に感染拡大が発生したと報道した。しかし、こうした情報は、医療関係者間が共有する情報であり、国民国家を維持することにもつながっていない。こうした事情もあり、2011年3月3日には「広東省と関係省庁の間の対立」として広東省政府は、中央政府に対してエボラ出血熱に関する緊急事態宣言を発表した。そして、2013年の年末には広東省議会も、「ウイルスの影響により、政府は関係省庁・自治体・政府と協力して医療へのサポート、食料備蓄、衛生、食糧支援、保健、衛生の確保に大きく協力する必要があると考えている。」としている。,2
CNN、ロイターによると、ドイツで開かれているFIFAワールドカップサッカー選手権大会で、6月15日 (UTC+2、日本時間15日から16日) に早くも開催国のドイツとエクアドルの2カ国が予選リーグを通過し、上位16カ国のトーナメントで争う決勝ラウンドの出場権を獲得した。サンケイスポーツとCNN、ロイターによると予選リーグA組の第2戦で、ドイツは14日にポーランドと対戦。ポーランドの堅い守りに苦しめられたが、後半の試合終了間際にノイビル選手がゴールを挙げて1-0で勝利。その翌日の15日はエクアドルとコスタリカの試合が行われてエクアドルがテノリオの先制点に続き、後半にデルガドとカビエデスの各選手がゴールを奪い3-0で大勝した。これによりA組は2連勝・勝ち点6で並んだドイツとエクアドルが最終戦を待たずして予選リーグ2位以内を確定し、決勝ラウンドの出場権を得た。また、サンスポと岩手日報によると、B組でも現地15日にトリニダードトバゴと対戦し2-0で勝利したイングランドがグループ2位以内を確定し決勝ラウンド出場を決めた。この試合0-0の同点で迎えた後半38分にクラウチ選手が先制ゴールをヘディングで挙げ、更にロスタイムにはジェラード選手が追加点を決めている。,0
毎日新聞、朝日新聞によると台風はフィリピン各地に上陸した後、3日5日の朝には西に進んだ。1日、台湾新北市の東に進路を変え、1日には北に進んだ。午後5時 (UTC+8、日本時間午前6時) に台湾新北市より東に進んだ。その後、台湾の東に進路を変え、7日の夜にかけて、台湾からフィリピンの東の海上に進んだ。そのあと台湾を経て、再び南岸低気圧が日本の南海上を通って、12日に鹿児島県出水市に接近。13日14日にはフィリピンの東にあてて東シナ海へと進んだ 。この台風の影響で、鹿児島県出水市付近では3月31日以来、約31年ぶりに降雨量が増えている。この台風の後、3月30日には3回の台風に伴う気象庁による「大雨警報」を出していたものの、予報は的中、3日目には降雨量が143ミリから138ミリに増える結果となった。この時期の1月5日に九州や九州南部に接近した台風である。1965年以降、大相撲・大隅山の5代若乃花が、この日本の「雨女」だった。4年も前の出来事であり、その後の世代には「雨女ブーム」が起きた。,2
"朝日新聞によると、H-2BとHTVの打ち上げは、2009年9月に続き2回目のこととなる。読売新聞によると、HTVは、打ち上げから約15分後に、高度2,810 kmに2,500 kg以上の機体重量を落としたため、ペイロード容量が58.4 %増加し、高度2,031 kmで49.6 kgのペイロード容量増加となる。日本・HTV・NASAと有人宇宙飛行は、有人探査の成功と、ミッション終了後の乗組員教育の困難さでしばしば議論があり、多くの議論の中に日本とHTVの関係を示すものや、HTVの打ち上げ失敗の原因やその後の日本の態度など、いくつかの事実が報道された。この間のHTVは、主に2人の乗組員を乗せて打ち上げられる予定であったが、日本の計画と打ち上げ成功のために必要な1人の乗組員の不採算な教育・訓練が不可能になったため、HTVは23歳の若さで宇宙へと打ち上げられた。ロケット1号機の打ち上げは、2011年4月4日に、鹿児島県・種子島宇宙センターから5分後の午後2時21分（UTC+9）にあたる。",1
日本経済新聞によると、ミスタードーナツで発売していたミルク飲料「フルーティーミルク」に賞味期限が切れたシロップを使っていたことが判り、同チェーン店を運営するダスキンは10月31日、この商品の発売を中止にした。問題の商品は日本各地36都道府県の181店舗・1075杯発売されたもので、シロップは10月1日に賞味期限が切れていたメロン味とストロベリー味の2つに使っていた。同チェーン店の本部スタッフが9月25日の段階で「10月1日に賞味期限が切れる」旨をメールで連絡したが、店側がそれを見落としていた。このことから10月30日に同本部スタッフが九州地方の5つの店で在庫を確認したところ、この事態が発覚した。なおデイリースポーツによると、飲んでも健康への問題はなく、客からの苦情もなかった。日経とデイリースポーツによると、この商品は3月に沖縄で試験的に発売後、6月6日から全国各地で夏季限定の商品として発売し、メロンは21万杯、ストロベリーは51万杯をそれぞれ販売し、完売後で販売を終了する方針となっていた。ダスキンは「ご心配をかけて深くお詫びします。今後は再発の防止に努めて細心の注意を払う」と謝罪した。,0
ANSA通信などの報道によるとレッズと浦和の対戦相手は2004年より浦和に所属したことでJリーグ初の横浜FCユースから浦和ユースに移ったクラブがJリーグで初めてJ2に昇格したことから、J2リーグでは初の対戦となるとされた。試合は、前半14分にMF中山雅裕がMF鈴木秀樹の背後からシュート。鈴木がDFの間をすり抜けてゴールへと飛び込んでいくと、さらに13分にMF小平隆、42分にGK宮沢俊平のシュートが決まり、14分にはMF永井淳一がMF安部将夫の背後から押し出すようにシュート。44分には岩下大樹が右足でシュート。47分にはAFCエリートストークスがゴール左に決まり、1-2と大逆転で引き分けに終わった。これにより、J2でクラブ初の公式戦不戦勝という結果に終わり、浦和と対戦するクラブにとってJ2第33節以降3試合連続戦優勝という結果であった。,2
読売新聞・朝日新聞によると、1月30日（UTC+9）午後0時40分頃、東京ドームシティ（東京都文京区後楽）内の遊園地・『東京ドームシティアトラクションズ』で、園内のコースターに乗っていた来園者の男性が、コースターから投げ出され転落した。朝日新聞が警視庁などの話として伝えたところによると、転落した男性は、病院に搬送されたものの、約2時間後に死亡が確認された。読売新聞が警視庁の話として伝えたところによると、死亡した男性は、都内の会社員（34歳）と見られている。同庁は、コースターの安全バーの固定が不十分であった可能性があると判断し、業務上過失致死容疑で調べている。朝日新聞が同庁富坂署やドームシティの話として伝えたところによると、事故が発生したのは、「スピニングコースター舞姫」という遊具で、S字形状の走路を、水平に回転する4人乗りのコースターが蛇行しながら走行する仕組み。最大勾配は30度で、最高時速は39.6キロ。読売新聞が同庁幹部の話として伝えたところによると、死亡した男性は、友人ら3人と共にコースターに乗っていて、U字形の左カーブ付近で転落した模様。乗客は安全バーによって胴体部分を固定するが、同庁は、この男性が大柄だったため、十分に固定されていなかった可能性があると見ており、出発前に安全バーの点検を行った係員らから事情を聴いている。時事通信によると、この問題のコースターは朝の点検では異常が確認されておらず、また週1回のメンテナンスやメーカーによる危機整備も毎年実施されていた。朝日新聞によると、今回の事故を受け、同遊園地は同日午後2時に閉園、翌31日も営業を見合わせる方針である。時事通信によると、今回の転落死亡事故を受けて、東京ドームの北田英一専務らが1月30日会見し、「転落したお客様らに哀悼の意を表してお詫び申し上げる」と謝罪した。その上で「事故の原因を究明し、二度とこのような事故が起きないよう努力する」とした。また別の幹部によると、「（今回問題が起きたジェットコースターは）スタッフが安全バーにロックがかかっているかを確認し、手動で発車させる仕組みになっていたが、構造上、走行中に安全バーが外れることはありえない」と話している。その上で「担当者が警視庁の事情聴取を受けており、詳しい話はできない」としている。,0
毎日新聞、朝日新聞によると国王はさらに、「政府がネパール会議派を公認することで、議会と政府との間に不和を生じさせてきた」と抗議し、8時間連続の議会での発言を禁じた。ただし、9月30日に日本、韓国、シンガポールの政府が、「ネパール会議派に代わる国王の政治的発言の取り締まりは、今後、議会で厳格化していく」ことを明らかにした。また、国王は8日のツイッターで、ネパール会議派に属している50歳以上の全ての男性と娘を解任すると明らかにしている。これに対して国民の一部から非難が噴出し、7日午前のツイッターでもネパール会議派を解任するよう呼びかけられた。同年8月11日、ネパールの国王が辞任を表明した。,2
朝日新聞、スポーツ報知によると、カンニングの中島忠幸氏が急性リンパ球性白血病を原因とする肺炎のため12月20日午前11時46分亡くなった。35歳だった。日刊スポーツによると、中島氏は竹山隆範氏と漫才コンビを組んでいたが、2004年12月に急性リンパ球性白血病で入院・治療を続けていた。スポーツ報知によれば、中島さんは2004年に入院後、相方の竹山隆範さんが熱心にサポートしていたが、2006年には骨盤移植の手術を受けた。その後は自宅より通院という一時回復のきざしを見せたものの、35歳で死去した。,0
"APによる東京放送は、少なくとも48人が死亡し、30人以上が行方不明と伝えた。ドイツ通信社 (dpa) は少なくとも60人死亡、60人行方不明と伝えた。また、1,200棟の家屋が崩壊した。日本放送協会 (NHK) によると、台風が抜けた後もマニラでは停電が続いた。電柱が倒れるなどしたため、電線や電話線が切断されている。列車の運行も止まっている。CNNによると、マニラ郊外のバス停で車同士が衝突して電車が運休したほか、2ヶ月ほど前は多くの空港が閉鎖された。この地域には多くの家があるが、建物の被害は小さくはないという。フィリピンでは、「パラワン島へ上陸していた台風22号」が、フィリピン海に面したマニラ近郊で、「パラワン島上陸失敗グループ」と呼ばれるグループに合流していたことが2012年10月19日に明らかとなった。グループに加わっていた約20人中、10人が死亡していた。2012年11月から2013年1月に行われたフィリピンでの台風の移動調査によれば、83人が死亡、うち7人が行方不明になっている。",1
2016年2月26日に計画されているFIFA（国際サッカー連盟）に会長選に関して、立候補者の一人であるヨルダンのアリ王子は、10月14日に「選挙を遅らせることは必要な改革を先延ばしにするだけでさらなる混乱を生み出す。」という主張を発信して、あくまで計画通りに会長選を遂行させることを求めた。FIFAでは10月20日に緊急の理事会を設ける予定であり、臨時会では会長選の延期についても議題に上る可能性もある。延期の機運が発生しつつある状況を、アリ王子は「何の教訓も得ておらず、FIFAの信頼を失墜させた密室談合が続いていると世界に発信することになる」と牽制した。もし会長選挙が延期されることになれば、立候補の一人で90日間の暫定活動停止処分を受けているFIFAのプラティニ副会長は、45日間のさらなる活動停止処分を科されるとしても時間的な猶予というアドパンテージを享受する形となる。,0
"今回の投票率は、46.14%で前回(2012年･62.60%)を下回った。これまで、最も低かった投票率は1987年に行われた国民新党総裁選と1998年の衆議院解散や2009年の衆議院・総務院第一次公認候補者として当選した中村逸平氏(旧日本共産党、現日本維新の会)の46.39%と、約20年間で約80%の支持率に。2012年(第65回) - 58.78%第37回総選挙は、2013年(第65回)の8割が「不的中」となったため、20年ぶりの不出馬となった。この選挙結果は、2014年(第65回)の9か月の累計で1,100万票以上を割り込んだ日本の国民を批判する論陣が張られたことや、党支持率6.65%を回復出来なかったことなどで不満があったことにも影響したと考えられる。2015年(第66回)- 62.67%",1
問題の行為は後半34分に起きた。ウルグアイが先制点を挙げる直前に、スアレス選手はイタリアのキエリーニ選手とのもつれ合いの末に転倒したが、この時、テレビ中継の映像ではスアレス選手がキエリーニ選手の肩に顔をうずめるように映し出していた。キエリーニ選手はシャツを引いて肩を見せて審判に「スアレスに噛みつかれた」との異議を申し立てるが、審判はこれをファウルとは認めなかった。イタリア・プランデリ監督は「キエリーニの肩に歯型があったのを見た。恥ずるべき行為だ!」「私は審判の言葉には逆らわなかった」「（キエリーニ選手が）噛みついたのを見たときは、私も少し戸惑った。恥の行為と捉えて、私はいつでも控えめに試合を行った」と述べた。24日に行われたイタリアの対イラン戦に参加したFWマリティーは、1次予選の日程が調整された際にキエリーニ選手を相手に出場機会が与えられたことで、「シャツの胸についていなくても、シャツに歯型がついていても構わない」と述べた。イタリア・ディエゴ・マドわち監督の解任が1試合の対戦相手・メキシコの選手に伝えられた。1904年から10年連続でメキシコに赴き、8月6日にメキシコのモンテレーで行われた対メキシコ戦には4-4-0で圧勝することが出来たが、対戦相手のルイス・エンリケ・マルティネスがウルグアイのペトロ・バルカと共にメキシコへ帰国したため、ウルグアイ代表メンバーはメキシコ代表に留まることになった。その後、マルティネスを含む若手選手がメキシコ代表に復帰に向けて準備していたが、メキシコ遠征を行わず、マルティネスが帰国し、ウルグアイ代表としてプレーすることになった。マルティネスにはウルグアイとの試合の後に招集されてもらった。マルティネスは、イタリア人選手でありながらウルグアイに遠征するなど、ウルグアイに対して好意的なコメントを出した。,1
毎日新聞によると、訴訟で負えたのは、イリノイ州の弁護士であり、「訴訟の証拠は十分あり、ゲーム開発プロジェクトの関係者全員の行為は違法である」と訴訟を求めている。さらに、連邦議会でも、訴訟を支持すると表明している。さらに、ゲーム会社であるマイクロソフト社は、100万ドルの賠償金をゲーム機や関連商品を供給元に支払うか、その上でゲーム会社と連邦当局に賠償金を支払うことも検討するとも発言している。この裁判では、ゲーム会社による訴えの正当性については問われていない。,2
日本の大相撲・名古屋場所の千秋楽が7月27日、愛知県体育館で行われ、白鵬が大鵬、千代の富士に次ぐ通算30回目の優勝を達成した。名古屋場所は7月26日に行われた14日目までで、横綱・白鵬と大関・琴奨菊（ことしょうぎく）が2敗で並んでいた。また3敗の関脇・豪栄道と高安（たかやす）にも優勝の可能性が残っていた。その千秋楽に琴奨菊が豪栄道に寄り切りで敗れ3敗目を喫し、結びの一番で日馬富士（はるまふじ）との横綱同士の対戦に臨んだ白鵬が、上手出し投げで13勝目を挙げ、2場所連続優勝を決め、いずれも元横綱の大鵬の32回、千代の富士の31回に続く史上3人目の30回目の優勝を達成した。白鵬は「これまで何度も優勝争い、優勝を経験してきたが、本当に苦労しました。心と体が一致しないところがあったが、なんとか自分を信じて相撲を取ることができました。経験がものを言ったというところです」と優勝後にコメントしている。また日本相撲協会の北の湖理事長（元横綱・北の湖）は、「白鵬の30回（の優勝）は立派だ。次は大鵬さんの回数を目標にして、一つ一つやっていってほしい」と談話を述べている。また豪栄道は琴奨菊を下し12勝目としたことによって、今場所後の大関昇進を確実にした。,0
東京国際アニメフェア2008の公式サイトによると、士郎正宗原作の漫画『アップルシード』のTVシリーズが2009年春完成に向け制作進行中である。ファミ通.comによると30日、同フェアで発表会があり、タイトルが『アップルシード ジェネシス』、監督がロマのフ比嘉、主人公デュナン役の声優が朴璐美、キャラクターデザインが美樹本晴彦、放送開始は2009年春からで全26話と明かされた。監督は、原作者の作品『ドミニオン』を3DCGアニメ化した腕を、原作者に評価された為選ばれたとの事である。,0
朝日新聞によれば、日本の気象庁は12日、国内46箇所にある測候所を2010年度（平成22年度）までに廃止することを決めた。主要空港6カ所にある航空測候所は残す。測候所の業務は今年度、地方気象台などに移管する。一部の観測については都度出向いて観測することとなる。背景には、観測の自動化が進んだこと、公務員の削減があり、廃止により338人の人員が削減される。自動観測が進んだことから、すでに1996年から現在までに50箇所の測候所が廃止されているが、今回は残りの測候所すべてが廃止の対象となった。また読売新聞によると、同時に気象庁の研究機関を独立行政法人に移行することなども決定し、同庁の人員削減は合計512人にのぼるという。,0
朝日新聞によると、愛知県警は22日、不正アクセス禁止法違反の疑いで栃木県内に住む中学1年の女子生徒 (12) を補導した。スポーツ報知によると、少女は7月20日、愛知県春日井市の女性 (24) の開設している通信販売のウェブサイトへ不正に侵入し、自己紹介ページを女性への中傷に書き換えるなどの行為をしたとされる。朝日新聞によると少女は、ウェブサイトの記述を書き換えるのに必要なパスワードを女性のIDから類推したとしている。毎日新聞によると、少女が女性から商品を購入したときにトラブルとなり、女性が少女のハンドルネームをウェブサイトのブラックリストに載せたことが原因という。2004年から愛知県内で摘発された少年による不正アクセス7件あり、全てオンラインゲーム関連の事件。,0
はやぶさは12日、イトカワへの降下試験と同時にミネルバの切り離しを行なった。はやぶさが所定の高度であるイトカワから約55mの位置に達したと思われた時に、地上管制センターから切り離し命令が送られ、命令は16分かけてはやぶさに到達した。はやぶさはイトカワに落ちないように定期的にジェット噴射しており、命令が届いたときには所定の高度より高いイトカワから約200mの位置にあった。はやぶさは探査ロボットが機体に到達する直前から、ミネルバの軌道を変えようとした。しかし、ミネルバに着艦の衝撃に遭ったために機体に与える衝撃は軽かった。ミネルバは搭乗していた者が機体を離れ、目的地を変えようとしていることを知った。ミネルバは上昇しながら地表に接触する前に機体から切り離された。しかし、すぐさま機体を再スタートさせる予定であったが、着陸時に風に吹かれて機体から切り離された。その後、アメリカ航空宇宙局 (NASA) の緊急対応チームによる調査が続けられた。NASAは、らやぶさの着陸時の風の影響を調べたが、そこでミネルバの速度に変化はなかったことから、このような異常事態が起こっている事実を示すと結論付けた。宇宙航空研究開発機構（NASA）の緊急対応チームは、その後30日に「ミネルバ」の2号機の打上げが行われ、32日に「ミネルバ2号機」のロケット燃料の燃焼停止が判定された。ミネルバ2号機は、月から23日に地球に向けて、3:2:2のペースで帰還する予定であった。しかし、宇宙に不時着した後が心配される月探査計画の終了を受け、着陸前には探査ロボットを着陸させる時間が必要だったことを知り、ミネルバ2号機を再打上げすることになった。2号機は13日に月へ帰還した。14日、第1シリーズ開発報告書が、月面着陸船の衝突によって死んだと発表されたと報告がされた。それと同時に月探査機の乗組員で、月着陸船と宇宙ステーション（宇宙ステーションIIH）の衝突事故を起こしたことを報告された。この衝突は全壊したステーションから地上を目指し、着陸船が地上で爆発したり機体が飛んでいたりしたため、全壊のステーションは爆発の恐れもありましたが、地上では着陸船の衝突により機体が飛んでいたとの記述があった。,1
"アメリカのラスベガスで7日から開かれていた大相撲ラスベガス公演が、9日（現地時間、UTC-8、日本時間10日）千秋楽となった。朝青龍が総合優勝した。共同通信などが伝えた。マンダレイベイ・イベントセンターでの公演3日目に行われたトーナメント戦では、決勝で朝青龍が白鵬を上手投げで破り優勝した。初日優勝の栃東、2日目優勝の千代大海と行った総合優勝決定ともえ戦では、朝青龍が栃東と千代大海を連続で破り、総合優勝を果たした。朝青龍は初日、栃東に敗れたが、雪辱を果たした。読売新聞によると、千秋楽の観客数は9,227人で、3日間の合計は2万4,795人だった。英字紙「デイリー・タイムス」によると、朝青龍は「アメリカでこんなに反響があるとは思わなかった。非常に驚いた。アメリカのお客さんには感銘を受けた」と語った。ESPNによると、会場となったマンダレイベイでは、通常のスポーツイベントと異なり、大相撲を対象とした賭けのレートを提示しなかった。これは日本相撲協会の意向による。共同通信などによると、アメリカでの大相撲公演は1985年のニューヨーク公演以来、20年ぶり。",0
CNET Japanによると、これを受けた鹿児島県と宮崎県、奈良県では、最大で28.5m/sの風が吹く一方、佐賀に上陸した、17人の感染者と19人の死者が出た。熊本県八代市では6日午後11時21分、八代市内の住宅約4kmにある448名家から、26.2m/sの風が出た。2009年の台風14号の風速が55km/hを超えることはなく、鹿児島県やその周辺では最大の風速となっているが、熊本県山鹿市などでは同日午前中まで最大風速を28.5m/sと記録した。福岡県大牟田市の大牟田市総合技術センターでは、最大風速50km/hを記録するなど、最大風速を更新した九州南部の山鹿市民、避難民を中心に、13人の死者が出た。大分県三里の浜では熊本県内において最大風速10m/sを記録した。そのほかでは、三重県で最大風速7m/sを記録し、30人が死亡した。大分県内で最大風速を記録したのは、熊本県宇城市の宇城市街中心地の13ヶ所で6日午後9時10分に2.1m/sを記録している。宇佐海岸では、13日午前7時30分の2.0m/sも記録している。九州では、最大風速を記録するところが少なく、4日午前5時時点で、熊本県松橋町、大分県玉名市、佐賀県鳥栖市の各県庁所在地の前で20分の1となっている。このため、九州の全ての県庁所在地の前で最大記録、最高記録に近い数値となった。一方で、九州各県庁所在地では、20時時点で4日午前3時30分、4日午後5時45分におよぶと共に、10.1m/sの風速を記録している。以下、2005年10月19日までの観測情報より。,2
四国新聞の報道によると、米EUは、国連安保理会議で国際紛争の緊急支援に当たることを決定したが、この決定は、国連の正式な安保理決議の下、アフリカが自国の平和と安定を維持するという重要性を否定した。その決定は、アフリカが自らの利益よりは国益の利益を尊重するという立場を取る、と報じた。米国は国連総会での決議を受け、国連安保理の承認を経て、国際平和に関する国際連合による唯一の平和維持活動機関であり、アフリカの唯一の平和維持活動機関でもある国連安保理を訪問する、と明言した。国連安保理は、アフリカで行われる安保理決議209、210、211の3つを批准したと発表した。アフリカ側は国連議長であるインドネシアのジャバル・ピトゥリアモ事務総長に、国連の安保理決議が批准され、国連の安保理決議の批准が必要となった、と説明した。,2
Abrivardが1876年に騎手を務めたレースで、この競走を管理したのは24歳のと1919年にフランスに戻ってきたAbrica（アルファ）という女性だった。Abricaが20歳の時、ドイツからAbenim（アルヴィン）という女性がフランスのノルマンディーまで遠征してアルジャントゥ・ド・リュクベルシエで行われるレースの騎手として出走することになった。その後アルジャントゥ・ド・リュクベルシエとドイツのDeutsche（ドゥッテ）を行った後、ノルマンディーへと戻った。Abenimがノルマンディーのノルマンディー競馬に入った後、3か月後の6月20日、Regiumter(レジェンドルフ)・デュープリズネット競馬場で行われたアルジャントゥ・ド・リュクベルシエとDeutres（ダッテルズ）の1戦をAbenimとDeutresが行った。1レースでAbenimがDeutresから勝利したが、ドイツ人騎手はDeutresとの取引に関することは約束されていないと述べている。2008年は、3月3日付けのドイツ、オールダムにおけるフランスの競馬に出走した。アルジャントゥ・ド・リュクベルシエとデュープリズネットの他に、アルジャントゥ・ド・リュクベルシエを3戦した後、6月20日にディヴォ、6月24日にアンダースグレンと3戦を行い、AbenimとDeutresを行った。Abenimは、2000年にフランスで行われたアンジャッシュのPoulège de nacière（パリディ・ドージョール）のフランスのフランス人騎手との取引を果たしたのち2頭を出走させていたことがあるため、ディヴォ、デュープリズネットとの取引は一切できなかった。Deutresは、Abenim、Deutresともに、フランス人騎手との取引が成立した後も行われ続けた。2008年のアルジャントゥとデュープリズネットは、387日間のレースで行われた。,1
毎日新聞・読売新聞によると、ファイル共有ソフト・「Winny（ウィニー）」を開発・公開し、インターネット上で映画などの違法コピーを手助けしたとして、著作権法違反の幇助罪に問われた元東京大学大学院助手でプログラマー・金子勇被告（41歳）に対し、最高裁第三小法廷（岡部喜代子裁判長）は12月19日（UTC+9）付で、検察側の上告を棄却する決定を出した。毎日新聞によると、これにより、罰金150万円とした一審判決を破棄し逆転無罪とした二審・大阪高裁判決（2009年10月）が確定することになる。読売新聞によると、岡部裁判長は、開発者がネット上でソフトウェアを提供する行為について幇助罪が成立するケースは、侵害目的で使用されることを具体的に認識しているか、該当のソフトを多数の人物が違法に利用する可能性が高いと被告が認識している場合のみに限られるとの初判断を示した。今回の決定は、裁判官5人のうち4人の多数意見。一方で、大谷剛彦裁判官は、幇助罪が成立するとして、二審の無罪判決の破棄を求め反対意見を述べた。読売新聞によると、金子被告は、自ら開発した「Winny」をホームページ上で提供し、これによって、男性2人がゲームソフトなどをネット上に公開するなどの著作権侵害行為を手助けしたとして、逮捕・起訴された。毎日新聞によると、一審・京都地裁は2006年12月に、「著作権侵害に利用されると認容した上で公開した」として有罪判決を出したが、二審は「被告は違法な使用を勧めての提供は行なっていない」として無罪とした。毎日新聞によると、小法廷は、幇助罪の成立を限定的に解釈した二審判決について「法解釈を誤っている」と指摘し、適法目的にも違法目的にも利用可能な「Winny」を中立価値のソフトであるとした上で、「入手者の中で例外的と言えない範囲の人物が著作権侵害に使用する可能性を認容し、提供した場合に限って幇助に該当する」との初判断を示した。その上で、金子被告については、「Winny」が著作権侵害目的で利用される可能性が増えてきたと認識しつつも、利用者の4割程度に拡大するとまでは認識していなかったとして、幇助の故意は無かったと結論付けた。この点については、違法なファイルの遣り取りを行なわないよう注意書きを付記していた点なども考慮した。毎日新聞によると、ネット上でのソフト提供行為について刑罰刑事罰を適用することに対し、開発者は「萎縮効果を生む」などと反論してきているが、今回の決定は捜査当局に対し一定の制限を掛けたと考えられる。,0
気象庁によると、台風17号「ルンビア」(Rumbia) が、3日午後9時 (UTC+9)、南鳥島の南約400kmの北緯20度35分東経154度00分で発生した。4日午後9時現在南鳥島の南西約310kmにあって、西北西に進んでいる。,0
時事通信によると、宮城球場はこれまで人材派遣のフルキャストと命名権契約を結んでいたが、厚生労働省の業務停止命令を受け契約を解除し、2010年に命名権契約を終了させている。「クリネックス宮城」は、スポーツ報知本社に、かつての東北楽天ゴールデンイーグルスの愛称を冠したユニフォームを纏った選手を招き、ファンから「クリネックス宮城」と名付け呼びかけるための募金・募金箱も併設するというユニフォームを着て来場してもらうイベント「World fy Honmono M@ster」を開催。クリネックスを代表する野球選手（1978年・1986年 MVP）、宮田征蔵は本イベントの観戦者として招かれ、宮田と野球の魅力を語る。その様子とともに宮田はイベント当日、仙台の地でプロ野球東北のみなさんと楽しい夏の全国ツアーを実施することを発表する。,1
神奈川新聞によると事件により、同紙は「野球は嫌いだったはずが、この事件を見るとそう思えなくなった」「この学校の野球部の学校を代表するメンバーが全員が野球をやっているのはとても納得できない」「この事件は、自分と同じ中学生が被害を受けることを何でもかんでも許容できない中学校を強いるという一種の脅迫である」との批判を強めている。日本新聞協会の『スポニチニュース』編集部は、事件直後に2019年の1月に報道された記事の調査結果をまとめ、「全生徒が、あるいは部活で野球をやっていれば「これが現実だ」と思い込んでしまう。また、いじめがばれたら責任に関して責任のない行動をとらないことが学校の方針」「こういうことは、いじめに限らず一般の学校でも同じ」「いじめが発覚するたび、あるいはいじめ以外の理由で学校に相談しにいくのは「学校の人間の良心」なんです」と批判している。日本中央競馬会は「学校としての対応は、教育委員会や学校経営を含む各役員会の意見を聞くことをまず最初とする。これには、学校職員としての責任である。しかし、そうした責任を果たせない学校の姿勢は、『学校を強くしたい』という思いの裏返しにしか過ぎない。そういったならず者たちを「いじめ」「イジメ」とみなし、その責任を負わせているのが日本新聞協会の『スポニチニュース』である。」と話している。,2
ロイター通信によると、2007年1月18日の読売新聞によれば、30日午前3時40分ごろ、北海道の北に低気圧が発生し、31日に大雪をもたらした。その後、大雪に見舞われ続けた12月1日から28日の「大荒れ」となり、29日には「大荒れ」に続いて、雪雲に覆われた29日から31日にかけて、平年の4日前後の期間より3日間遅い午前10時すぎに大荒れとなった。その後は平年並みの天候、積雪を記録した。しかし、その後も再び雨が降らないなどの異常気象に見舞われた。2017年1月19日の読売新聞によれば、1月18日に北海道の北で大荒れで、18日正午の4時ごろにはオハイオ州とアイゼンハワー州が大雪となり、19日に大荒れで大雪になった。11時ごろまでにオハイオ州、アイゼンハワー州、ミシシッピ州の一部が吹雪になった。2月1日と3日までの大雨、25日は30日の3つの雨をもたらし、4日から6日までの大荒れは平時の通例となった。それ以外の期間、5日は雪になったことはなかった。,2
セミパラチンスクには旧ソ連の核実験場があり、1949年から1989年にかけて470回以上の核実験が行われた。現在は核実験場は閉鎖さ。「2012年12月2日、韓国・全羅南道の天安区で開かれた国連総会の議事録作成に参加していた韓国の金甲洋元国際共同研究評議会議長は、国連事務総長を務める国連金甲洋理事を非難し、「私は、国家への利益を保護するよう主張されているのに、国連機関に奉仕してきた。金甲理事が、その利益を破壊することは、全く私にとって不公平だった。」と述べ、金甲理事に対して厳重な批判を行った。2013年5月28日、ソウルの最高検察庁が、国連の事務総長であり国家安全保障条約を批准している金甲理事を「国家安全保障を侵害」したとして、告訴すると表明した。,1
3月2-3日のフジサンケイビジネスアイ、デイリースポーツ、朝日新聞の報道によると、大阪ドームを運営する大阪市の第三セクター・株式会社大阪シティドームは3月2日、京都市の精密機械メーカー、京セラと命名権（ネーミングライツ）の売買交渉で合意したことを明らかにした。ビジネスアイと朝日によると、大阪ドームは来る4月1日より2011年3月31日までの5年間契約で京セラと命名権契約を結び、「京セラドーム」という愛称をつけるとしている。またビジネスアイによると、大阪ドームを準本拠地としているプロ野球チームのオリックス・バファローズのヘルメット、ユニホームのスポンサー契約も併せて結ぶことを発表しており、こちらは3月から2010年の公式戦終了時まで契約を結ぶ。何れも契約金額などについては公表されていない。またデイリースポーツによると、大阪ドームの命名権契約については、京セラ子会社のオフィス用複写機メーカー、京セラミタ（大阪市）を通してシティドーム社からその取得の打診があったとされている。一方、大阪市の関淳一市長は同日開かれた会見で、大阪市によるドーム運営会社の買収について「現在のところ大阪市による新しい資本投入はできない。会社再建のために管財人の要望によって経済団体や企業などに支援を呼びかける」と買収を否定している。,0
3月20日の読売新聞によると、神戸市は、この1年間、市バス車両輸送のための緊急輸送船（高速船）の運行を行っていた（10月28日）。通常の緊急輸送用の船が輸送できなくなり、29日になり市バスは全便便運休となった。そのため、この1年間の市バス車両輸送に関する情報が公表されていない。そのため、1年間では、この1年間に作成された、全ての情報を、現在の情報と照合することはできない。なお、このため、神戸新交通では、1994年から、「高速船」と「臨時便」の運行系統が増発、2004年からは、同系統を廃止・補完する形で「高速船」の運行系統が減らされ、1月からその代替えとして神戸市バス車両輸送の代替とされた。この件に関する経緯と、当時の車両価格、車両重量などに詳しい。,2
読売新聞・産経新聞によると、2世紀の末にイタリアで行なったヨハネ・パウロ2世の暗殺事件を題材に、ヨハネ・パウロ2世についての11冊の本が、バチカンに一冊だけ刊行された。その中には、ヨハネ・パウロ2世が10年間勤めていたポーランド貴族の家業を襲った罪でバチカンを去っていたことを記した『私の家業を襲った罪』が含まれている。『私の家業を襲った罪』には、ヨハネ・パウロ2世のこれまでの行い、主に自分の身の安全、親たちと決別すること、そして主の死後に身寄りのない自分を守らなくてはいけなかったことを、さまざまな詳細に説明した記述が含まれている。また、ヨハネ・パウロ2世が教皇位を継いだのちに、主と決別したこと、そして主について、自分に従わず、自分と同じ立場にある者についても、教皇の権限に反することは許されないこと、という50行にも及ぶ記述を行った。ヨハネ・パウロ2世の人生に関する記述は、前の教皇以来、64歳にしてようやく完成した。『私の家業を襲った罪』には、ヨハネ・パウロ2世の主従、妻との関係を、教皇が書くのを禁止したこと、主の死から2年間、そして主が死からも2年間、ヨハネ・パウロ2世は彼らが主に仕えることを許可したこととその結果、ヨハネ・パウロ2世が教皇を、主と決別したのち、自らの妻と2年にわたって主と決別したことが、主の主従の行動、彼らの主従であった期間、彼らが主の行動そのものに関わり、主の主従と言う身分的・政治的な関係、彼らの主従が自分の主従やその他に命令することを許していなかったことが、主の主従としての行動について、教皇が主の主従やその他に関わったり命令することを禁じたことに関わるという批判を受けることとなった。これに対して、パウロ2世は、教皇を主従の身分など、自身の性格に照らし、自らの目的に反するものとするが如くこのような主従の関係を否定したため、このヨハネ・パウロ2世は教皇の権能により、ヨハネ・パウロ2世こそが主の主従であるとされるようになった。このヨハネ・パウロ2世の主従の関係としての目的として、1224年のアンデッディーの件はその主従に、「パウロ2世を、主従の主と定める」という教皇の決定事項を守らせることを要求した。1211年の『ヨハネ・パウロ2世の主従の諸特権を、教会の総意を明らかにし、又はその権利を認める』を、1224年の『ヨハネ・パウロ2世の諸公会議を、教皇の権限を明らかにし、または教皇の職務を正当であるとして、その公会議を正当化するための権利を承認すること』の目的であった。ヨハネ・パウロ2世は、この主従の特権を尊重していない。ヨハネ・パウロ2世はヨハネ・パウロ2世であったはずが、実はヨハネ・パウロ2世ではない。もしこのような、ヨハネ・パウロ2世と主従の関係が異なっているとするならば、主と主従が、その主（アンデッド）の主従の主たる目的は主を主従（主従）とすることである、ということを、教皇はヨハネ・パウロ2世に、その主従の主と同じ目的を持たれるように求めているということを意味する。これは、本来であれば教皇は主従を基本的に「従前の主を、主のみの主と定めよ」、これは主従とは「主と主の主と決別し、主と主の主は従前の主と同じである」としたものであった。しかし「主を従前の主と同じ主と決別し、従前の主を従前の主と同じ主と定めよ」とする教皇の言葉は、ヨハネ・パウロ2世のみでなく他の教皇に宛てられたものである。それは、ヨハネ・パウロ2世は教皇と主従の関係であって、その主と主従の関係は、主と主従が対立した際、主と主従により決せられる、ということである。このような主と主従の関係は、ある時期には主従の間であり、ある時期には主従の間であるものであり、この関係性は主従に支配されているとの指摘もある。しかしこうした関係は主とその主従の間のことで、主従と主はそれぞれの主と主との関係であり、主と主の間ではなくなっていると、ヨハネ・パウロ2世は主張している。,2
威力業務妨害の疑いで逮捕されたのは、東京都武蔵野市吉祥寺に住む自称ミュージシャンの野田伊佐也容疑者・42歳で、「やったことはやったが、業務を妨害したとは思っていない」と、警視庁に対して話している。警視庁では、防犯カメラの映像の分析を進め、その周辺の防犯カメラなども調べたところ、この42歳の男の関与が浮かび上がった。捜査関係者の話では、この42歳の男は8月23日20時頃に、品川区のJR東日本品川変電所の敷地内において、ペットボトルを燃やして、JR東日本の車両内に侵入した。これに対し、東京都福祉保健局の職員は、「被害届は出したが、被害の具体的な内容や、その後の対応などについては、まだよくは分かってはいない。」と話している。また、警視庁は、野田容疑者を含め、42歳の男を逮捕するため、警察への逮捕状を発行している。この「逮捕状発行申請書」と、その手続きの詳細は、後に警視庁が発表する。この事件では、被害者の76人に対する死亡などの被害が多い一方で、被害者の親族や近隣住民らに被害がなかったため、関係機関などの判断もあり、捜査はさらに進んだ。,1
朝日新聞によると、Jリーグ1部（J1）の最終戦（34節）は12月1日に各地で行われ、鹿島アントラーズが勝ち、勝ち点72に伸ばし、一方前節（33節）まで首位にいた浦和レッズ（勝ち点70）が敗れたため、鹿島が大逆転で6年ぶり5回目のJ1リーグ優勝を決めた。鹿島は国内公式戦ではこの他ナビスコカップ3回、天皇杯2回優勝しており、1993年のJリマッチ以降負けなしの史上最多のJ1優勝記録を持つ一方、8割近い勝ち点しか記録できなかった。,1
当初クルド人活動家による自爆テロという情報もあったが、治安当局者は、バス車内に仕掛けられた爆弾が原因だったと語った。死者は英国人1人、アイルランド人1人とトルコ人2人を含む5人、負傷者は英国人5人を含む13人。被害者は最初、国立クシャダス病院に搬送された。病院の医師が地元の民間放送局NTVに語ったところによれば、外国人観光客5人は重傷を負い、治療のためイズミルへ搬送された。なお、このコメントは英語の字幕にもなった。なお、トルコ政府はトルコ政府がテロを受けていることを確認していた。トルコ側は17日にテロを受けたと発表したが、トルコ側はその後もテロリストの逮捕に積極的だった。この報道を受け、トルコ側からは「テロの首謀者の正体はすべて明らか」という非難の声があった。トルコ政府はテロの実行犯を「クルド人」と断定、テロの実行者がトルコのクルド人だと主張。トルコはトルコをテロ組織と認め、テロ対策を強化した。2013年1月4日、トルコはテロ事件の責任をとってトルコ首相の権限を制限し、11月にトルコから帰国した。テロリストを検閲するため、「人権団体からクルド人と誤認された」との理由で、トルコとトルコとの貿易関係に関する事実をあらかじめ確認するなどの措置をとった。2012年10月ごろの状況である。トルコ当局とアイルランド政府が、テロ組織の関与を否定したことについて、アイルランド政府からの非難は留まることを知らず、事態は長期化した。トルコ政府側のテロ計画には関与していなかった欧州人民党の議員であるは、トルコからの謝罪と謝罪の要求に応じ、2013年2月4日と2013年2月14日にクルド人に対してトルコに対する抗議行動を行ったことから、トルコとアイルランドの関係は悪化した。さらにトルコ側のテロ計画に対してもトルコ政府による抗議も増加し、テロ計画を阻止する必要に迫られたほどである。,1
秋田放送、秋田朝日放送によると、23人すべてが「会長候補」にされ批判の声が上がったが、「会長は私ではない。私が会長に就任する必要はない。会長が会長になるべきだ」とJOCが批判している。同じく朝日では「会長は私ではない。会長が会長になるべきだ」として、23人の役員が「会長は私ではない」としている。日弁連のスポーツ指導の担当であり、日本バスケットボール協会会長に当たる中村博之が3月（1月）に会見した。同協会会長とは23人の役員の内の一人で異例の人物という。中村は「（JOCは）会長の中に会長が一人もいないことを問題にしているが（会長の中に会長がいない）」とJOCの指導に乗り気ではないと発言している。中村自身は日弁連の指導者の仕事について「バスケット以外のことは専門家を付けるのが正しいと思う」と述べている。2017年2月、日本バスケットボール協会は、中村会長が「副会長を退任する必要はない」と発言すると、JOCの管理職は1人も続かなかったと指摘している。,2
朝日新聞はアフリカ西部モーリタニアを兼轄する在セネガル日本大使館などの情報によるとして、6日の9時(UTC±0)、モーリタニアの首都ヌアクショットで、同国軍部がアブドライ大統領とワグフ首相を拘束し、政府系の建物を占拠したと伝えた。なお、大統領報道官は、このクーデターの首謀者はこの日更迭された大統領警護部隊のトップであると発表した。毎日新聞・産経新聞はアルジャジーラによるとして、同じ内容を伝えた。毎日新聞によれば、大統領が軍参謀長と大統領警護部隊司令官のアジズ氏の解任を発表した直後に、軍が大統領府から大統領を連行した。軍部は「国家評議会」の創設を宣言し、アジズ司令官の評議会議長就任を発表した。産経新聞は、アルジャジーラによるとして、軍が政府機関の建物や国営テレビ局などを包囲しているが、武力衝突は起きていない模様と伝えた。同国は2005年8月の無血クーデターで軍事評議会が政権を奪取した後、2007年3月の選挙で勝利したアブドライ氏が大統領に就任し、民政に移管したが、内閣は国民議会との対立で2008年7月に総辞職へ追い込まれている。,0
今回の選挙は、2期8年にわたり、「非自民」を貫いてきた現知事・嘉田由紀子氏が立候補せず、三日月氏と小鑓隆史（こやり・たかし[脚注 1]）氏、坪田五久男（つぼた・いくお[脚注 1]）氏の全員新人の3人が立候補したが、嘉田氏の後継者とする三日月氏と、自民党、公明党、日本維新の会の地方組織が推薦する小鑓氏の2候補が競り合う形だった。三日月氏は民主党で衆議院議員を4期・10年半務めてきたが、3選を目指して立候補を模索していた嘉田氏との政策調整した末、嘉田さんの後継者として指名を受け、5月に民主党を離党、無所属として立候補。嘉田氏の掲げる原発を段階的に減らす「卒原発」などの継承を全面的に掲げる選挙戦を展開してきた。また選挙の中盤戦からは集団的自衛権行使の閣議決定をした安倍政権に対する批判を強めて、「中央の暴走を県政に持ち込ませない」と訴えてきた。政党からの推薦は受けなかったが、民主党や連合などが三日月氏の選挙戦を側面支援した。一方の小鑓氏は、内閣参事官として安倍政権が打ち出す成長戦略の立案に携わった経験から、原発政策の争点化を避け、「滋賀県の経済に活力を取り戻す」とする地域経済の活性化を中心とした国とのパイプのつながりを訴え、自民党からも幹部ら延べ200人近い国会議員を送り込む選挙を行っいる。選挙後の0時33分、24歳の嘉田さんが急いで、都知事選で選挙戦を離れた三日月氏を見つけて激しい握手を交わし、「（嘉田さんがいないと）話にならないと思う」と、選挙戦を引き上げる決意表明を残し、東京に移動して行った。四日市議会議員選挙後に行われた自民党の国会議員選挙では、四日市市長選挙に民主党の新人である山本昌彦(国民新党)を擁立したが、山本は四日市議会議員選挙で不合格と判断されたため、落選した。山本昌彦と山本の後継は、立憲民主党の新人である小俣英樹(自民党)であった。11月10日、山本を擁立することを表明した小俣が、翌19日、三日月を応援するために福岡の病院を訪れた。1937年（昭和12年）1月、日本は、第二次世界大戦の開戦からおよそ4年半を経過して、日本がヨーロッパやイタリアやフランスのような大国に比べて圧倒的に小国だということを認識した。そして、日本がヨーロッパで植民地支配を強化したことや、1938年（昭和13年）に発生したソビエト連邦との休戦協定、さらに日露戦争への参戦や、日中戦争に参戦するなど「第二次世界大戦から数えて第7番目の大きな戦闘が行われる」となった。,1
NHKと毎日新聞によると、フランスでは、2000年以来パリ郊外ではオランド氏の得票率が上位である。しかし、フランスでは、同じフランスでも政治的な影響力はない、という理由でオランド氏支持の声は小さくなっている。2001年には、「オランド政権は（中道に）移行したと言える」「国民投票では独裁ではないが、同じ政権ではない」と主張する声があり、アメリカの大統領選挙でのオランド氏の得票率がアメリカに次ぐ2位だったため、「アメリカでは独裁者と言っても、フランスでは1位だが（中道に）移行した」「フランスも中道に移行したと言える」「アメリカでは現在3年連続でフランスの勝利が決まっている」と、批判的な声もある。日本では、フランスのオランド氏が1990年代の日本人の中でも人気が高かったことから2000年代初め頃には、海外移民を含む日本人移民に対する侮蔑などで「フランスのオランド・デュ・グエン監督がフランス国民に嫌われるなどしてしまう」「フランスに日本人が来たら日本人が来いと命令される」などと批判し、海外移民問題とフランスへの不介入を訴えられるなどしている。日本では、フランスのオランド氏の支持率が70％を超すという評価が報じられている。また、「フランスでのオランドの人気は高く、ヨーロッパ諸国に流れることが多いという報道もある」「フランスは保守・右翼が激しい」という批判もある。,2
第88回全国高校野球選手権大会の南北海道地区大会決勝が25日に札幌円山球場で行われ、昨年2連覇を達成した駒澤大学附属苫小牧高等学校が札幌光星学園を11-1で下し、4年連続で南北海道代表となった。駒大苫小牧が7回を除くすべての回で得点を挙げた一方、札幌光星は6回に駒大苫小牧のキャプテン・田中投手から本塁打を奪い34イニング続いた彼の無失点を阻止する敢闘を見せた。この日の円山球場は両校の全校生徒などで応援席は満員であった。室蘭地区予選の3戦をすべてコールド勝ち、南北海道大会も準々決勝までの2戦をコールド勝ちで勝ち進んだ駒大苫小牧は、8月6日から行われる全国大会で、達成されれば戦後初・戦前から数えても73年ぶりとなる夏の甲子園3連覇に挑戦することになった。,0
時事通信が警視庁中野署に取材したところによれば、1月17日午後3時ごろ、通行人から「人が倒れている」と通報があり、「倒れている人がいなくなるまで歩いて回ったら、もう歩ける範囲にいなくなり、2時間程経っていただけに思える」と説明している。殺人事件の捜査などでは、殺人で特定できなかったのは、年齢や顔貌などから特定するのが困難であったためと考えられる。そのあと、刑事などからは特定できないまま、3人の女性が殺人事件から逃れるために、遺体を捜索していることが確認され、事件発生時は3人の足取りが分かることはなかったという。報道によると、この「殺人事件の捜査」は、4人のうち、3人の女性の犯行とされている。,1
ロイターによると2010年1月20日 福岡ソフトバンクホークス対千葉ロッテマリーンズ戦の試合前に、福岡ソフトバンクホークス（福岡ソフトバンクホークスは元球団職員）が2010/2011年シーズンの野球選手の移籍について、移籍先を発表し、2010/2011年シーズン限りでの現役引退の発表をTwitterで発表した。2011年に日本球界から撤退するつもりであると表明。2012年のホークスで現役生活を終える。2012/13/15年シーズンは福岡ソフトバンクホークスの監督に就任できず、19年ぶりのシーズン監督へ就任した。2015/16/17年シーズンは、チームの総決算である福岡ソフトバンクホークス（福岡ソフトバンクホークスは元プロ野球選手2人を移籍選手登録している）のヘッドコーチに就任できなかった。2019年、2019/20シーズンは九州朝日放送にて毎週火曜6:12～金曜6:32にレギュラー解説を担当していたが、2011/12/13の福岡ソフトバンクホークスオーナー会議の際に福岡ソフトバンクホークスが経営難に陥り、新監督になる方に監督の座を打診するために、2019/20シーズン前に福岡ソフトバンクホークスのヘッドコーチ兼オーナーに就任すること、「2019/20シーズンまでは解任できない」「2019/20シーズンには監督を2名にする」、福岡ソフトバンクホークスで就任したままのシーズン監督への就任という条件を出し、2020/21シーズンをもって九州朝日放送の専属解説者から外れること、2019/10/10シーズンからスポーツイベント（CSTV）の放送などを担当するApple Stacks) を担当することが条件となった。,2
"毎日新聞によると、300系は、空力性能を追求した能面のような顔立ちから、鉄道ファンからは「鉄仮面」との愛称で呼ばれ、かつての世界最高速度を記録した記念碑的存在だが、今回の両社の発表により、デビュー20年で姿を消すことになった。また、日本経済新聞によれば、同時にJR西日本の100系も引退するという。毎日新聞によると、300系は、1992年に初代『のぞみ』として、東海道新幹線に投入された。前年の1991年には、試験走行で当時の世界最高速度となった時速325.7キロを記録、営業運転でも最高速度同270キロを実現した。東京-新大阪間を従来より19分短縮しての2時間半で結んだ。アルミ製車体を採用するなどして、先代の100系と比較して25%の軽量化を実現。減速時に電気を発生させる電力回生ブレーキを新幹線車両として初めて採用するなど、省エネ性能も売り物としていた。毎日新聞によると、最盛期には計1,120両が在籍したが、1998年10月に製造を終了。その後は、1999年に運行開始した、より省エネ性能が重視される1日1往復の「のぞみ」と「ひかり」に転用された。1999年11月19日から、東京 - 新大阪間110分の短距離運行に投入され、2004年3月15日のダイヤ改正で、リニューアル運行の第1弾として、全列車の運行を開始。2011年10月にリニューアル運行から外れた。毎日新聞によると、300系は、2018年3月14日、東日本大震災の発生から約3か月後の、5月20日の営業運転終了をもって廃車となり、同年にリニューアル工事が行われた。リニューアル工事と同時に、300系の前面にシールドビーム1つのタイプも導入されたが、リニューアルされなくなり、同年9月4日のダイヤ改正のダイヤ改正で、営業運行終了する予定となっている。リニューアル工事には約1,500人が参加し、2021年度には300系に代わる新型車両「E531系」を2017年度末より約3年半にわたって導入する計画を立てている。2025年度のダイヤ改正までに全車両の製造終了、リニューアル化計画は完了する予定。JRの前身である日本国有鉄道では、最初に日本最初の新幹線車両となるはずだった「東海道・山陽新幹線」の100系電車を置き換えるために新造した車両を導入し、その後に営業運転の始まる「東海道・山陽新幹線 新神戸-新大阪」を開始するためにあえて100系に代替して使っていた。そうした背景もあり、日本では珍しい、新型車両を利用して開業する新幹線ではない「一般路線」で初めて、従来の300型電車の置き換えなどで200形と名乗っていた。その後、山陽新幹線の開業により500系電車が置き換えられることで、国鉄時代以降の国鉄の車両は全て100系と名付けられたことになり、そのため東海道・山陽新幹線が開通した後も「東海道・山陽新幹線」の名称は「東海道」と「山陽新幹線」の両方ともに、また「山陽・山陽新幹線」の名称は「山陽新幹線」に変更。さらに1993年（平成5年）に九州新幹線の開業によって102系から「九州」と名付けられたことにより、「山陽・山陽新幹線」の名称は「九州新幹線」に格下げとされた。",1
CNN、ロイターによると、 時事通信は、この「女性議員が選任された日やその日によって、その秘書官についてはどのように判断するか」、という「女性議員の選任年号」について、18年から5年までの期間にあてられた、「女性国会議員制度」「女性事務職員制度」「女性議員と職員の職員の職員からの職員の選出」など、4人の女性議員について、女性事務職員制度を作ったことや、5年に1度開かれる「女性議員の会」が設立された理由を、当時の問題追及と考察という、「女性議員と職員の職員からの議員の選出」も合わせて書いた。 またその結果、安倍氏の名前が「安倍晋三」という副票の副票に記名されていたことについては、全く問題はないとの。 この問題の一つについては、「安倍晋三、女性議員の党議運動」と「安倍晋三、女性国会議員運動」の二つがある。 女性国会議員運動については、女性国会議員を選出するための政党団体には、女性国会議員連盟や日本共産党などがあり、その後も女性議員と女性国会議員の運動が継続されている。,2
"英語版ウィキペディアによれば、テオフィロス3世は8月22日に教会会議で第141代エルサレム総主教として選出された。東方正教会の教会法と慣習では、総主教の人事は地元の政府に承認されなければならない。エルサレム総主教庁の場合、ヨルダン、パレスチナ自治政府、イスラエルの承認が必要となる。22日のアジアネットによれば、パレスチナ自治政府当局者が声明を出し、昨日アッバス大統領がテオフィロス3世の総主教選挙を承認したと発表した。一方、東方正教会の高位聖職者アリスタルコス大主教はパレスチナとイスラエルからの正式な承認はまだであるとしているが、進展には希望をもっているとしている。AFP通信やウィキペディア英語版によれば、前任者のイリネオス（イリネイ）前総主教は教会不動産の処分をめぐり、今年5月に教会会議の決定で解任された。エルサレム旧市街のパレスチナ系住民の多い地区の土地の処分は、前総主教の選挙時の選挙権を認められた時のままになっている。ただ、教会会議での決定が支持されていたとしても、それらはパレスチナ系住民の多い地区の土地の処分を正当化するものではない。アルカーイダの公式サイトによれば、パレスチナ系住民のパレスチナ系都市圏には439,574人のパレスチナ人が居住していることが公表された。また、エルサレム総主教を決める聖公会聖公会の総会では、公式指名の公示である聖公会法について、437.08%の人の投票が必要である。ローマ教皇庁では、2011年に11の教皇を選出することとなっており、教皇選挙はイスラエルとシリアの合同の2か国で開かれ、イスラエルのローマ教皇も投票に行くほか、パレスチナのパレスチナ聖公径教会とヨルダンからも72人の選び人が選出される予定である",1
"読売新聞・朝日新聞によると、神戸地検特別刑事部は、自分の親族の会社が所有するルノワールなどの絵画8点（購入価格計1億5,000万円相当）をオークションで売却するため無断で持ち出したとして、兵庫県川西市在住の会社役員・小西俊一容疑者（61歳）を、11月17日（UTC+9、以下同様））横領容疑で逮捕した。また、横領された絵画と知りながら売却したとして、東京都江東区のオークション会社・「アイエスイーアート」社長・干野（ほしの）秀夫容疑者（52歳）も、盗品等有償処分あっせん容疑で逮捕した。読売新聞によると、捜査関係者の話として、小西容疑者は2005年2月と2008年11月に、親族の会社から預かった絵画8点を持ち出した疑いが持たれている。小西容疑者は、これ以前にも運び出した模様だが、これらについては横領罪の公訴時効（5年）が成立している。また、干野容疑者は2004年6月と2008年12月に、小西容疑者からの依頼で、横領された絵画など25点をオークションに出品し、計約8,900万円で売却した疑いがある。2人は大筋で容疑を認めている。朝日新聞によると、逮捕に先立ち、同地検は、小西容疑者の自宅や「アイエスイーアート」などを家宅捜索した。読売新聞によると、小西容疑者の父親は製薬会社の元会長で、2002年1月に死亡し、課税対象の遺産は約91億円だったという。売却されたのは父親が収集した絵画で、その中にはシャガールや安井曽太郎らの作品もあった模様である。",0
自民党と公明党の与党2党では、改選前の59議席から10議席を増やして改選後69議席となり、その後自民党が神奈川県で当選した候補1名を追加公認したことで70議席まで議席増加し、非改選の76議席を含め146議席となった。この結果、参議院で与党が占める議席割合は60.3%に達し、6位以下になり5議席に減少した。共産党は改選前59議席から17議席、民主党は2議席に低下した。改選後12年以上の歴史を誇る日本共産党では13議席となり、議席をほぼ回復したことで79議席を確保した。今回の小選挙区制導入に伴い、比例代表の小選挙区では10議席に減らすことになった。しかし比例代表は5議席となったために議席流出が続くにつれ、自民党から議席を奪っていくか、比例代表では議席獲得を断念し与党で比例代表を取り戻すかになった。2017年10月13日に行われた参議院予算委員会で行われた答申では、「比例代表議席の確保」「比例代表比例代表名簿を作成するための経費の算定」「議員比例名簿上での新党の結成」などを求める答申が全て賛成多数で賛成多数となった。ただ、民主党は90議席にとどまることを認めながらも、31日に行われた党役員会でその「議席の確保」「比例代表名簿を作成するための経費の算定」および「議員比例名簿上での新党の結成」などを求める答申を行なった。しかし、党の意向に沿わないため党に返上した。2017年（平成29年）10月26日、2日から2018年（平成30年）1月30日まで、日本共産党から離党届が党役員会に出された。その後、除籍処分される。,1
2011年に日本の新左翼 新党「春の党」が新たに総裁に就任すると、新左翼・新党「赤い山脈」結成への支援を表明した。（なお、日本に新党「赤い山脈」が結成されるのは2002年に、新右翼・新左翼から分裂した後、2004年が最後である）。2011年3月、日本共産党の赤軍派と共産党・緑軍派、および新進党などの三党連立内閣が誕生したことを受けて、新左翼・新勢力勢力として、2012年の赤軍派、10月には新勢力として、2013年3月には共産党、12月には新勢力として、新派閥として新しい政権を形成した。2020年時点で、ネパールでは29の政党がそれぞれ加盟を強いられた。そのうち、25の政党に入党したのは11%、ネパール内の政党に入党したのは12%である。政党の数は、29の政党に加えて81の政党が参加しているほか、29の政党とは反対に13の政党が参加している。,1
FIFA（国際サッカー連盟）のブラッター会長とFIFA理事で欧州サッカー連盟（UEFA）のミシェル・プラティニ会長の2名が、FIFAの倫理委員会の調査対象に挙がっていることが明らかになった。これは、ヨーロッパのメディアが伝えたもので、FIFA倫理委員会では数日のうちにブラッター会長について、ブラッター自身が辞任しない場合でも活動停止に処することが決定されているが、もし、ブラッター会長が活動停止処分となった場合、2016年2月の会長選を前に辞任する可能性が大きくなるため、選挙戦へ及ぼす影響は避けられない見通しである。一方のプラティニ氏は、1999から2002年の間に会長顧問を務めた報酬の200万スイスフラン（日本円でおよそ2億4700万円）が2011年になって支払われたことについて「FIFAとの契約に基づく支払い」と釈明しているが、2011年2月にはFIFA会長選の直前あたり、会長選に際して意図的に行われたものではないかという疑惑が持たれている。イギリスの新聞であるガーディアンの電子版では「（プラティニ氏が）暫定的にでも活動停止になれば（2016年2月に行われるFIFA）会長選から排除される可能性もある」と指摘されており、潔白を示せなければFIFA倫理委員会から活動停止処分が科される可能性がある。他の候補者の動向として、2016年2月に行われるFIFA会長選に立候補を表明しているヨルダンのアリ王子は9月26日に、「信頼を取り戻さなければならない」とFIFAの組織全体の信頼回復と改革が必要だと主張した。,0
第168回国会（臨時会）が10日に召集され、安倍首相は所信表明演説を行った。この中で安倍首相は先の参議院選挙で政治と行政に対して国民の怒りと不安が示されたことに深い反省をもって国政にあたると表明した。また、「ここまで厳しい民意が示されたのだから退陣すべき」との意見がある認識を示し、その状況で続投した理由として様々な問題を解決するには戦後レジーム（体制）からの脱却が不可欠であり、これまでの改革を止めないために続投を決意したと説明した。改革で生じた格差の問題などの問題に対しては「影の部分にきちんと光を当てる」として地方行財政への改革や活性化に取り組む考えを示した。また、今国会で焦点となるテロ特措法延長に対して理解を求めた。今回も触れられている在日米軍再編とそれに対する沖縄の地域振興策について、今回を含めたこれまでの演説において3度も一字一句同じ発言があることを沖縄タイムスが報じた。指摘されたのは安倍首相が今回の発言した「沖縄など地元の切実な声によく耳を傾け、地域の振興に全力をあげて取り組むことにより、着実に進めてまいります。」との部分で、就任時の昨年9月に行った所信表明演説と今年1月の施政方針演説にて行われた。沖縄タイムスは小泉・元首相の演説に具体的な施策への言及があったことと比較し、安倍政権は沖縄への政策に対して関心が低いと指摘している。,0
時事通信によると、サイバーエージェントが運営するブログ「アメーバ」のIDとパスワードを不正に入手して芸能人のブログに書き込んだ容疑で、警視庁は芸能プロダクション・ホリプロの元契約社員・岡田邦彦容疑者（30歳）を3月17日（UTC+9）までに不正アクセス禁止法違反の疑いで逮捕した。読売新聞が警視庁の捜査関係者の調べとして紹介したところによると、岡田容疑者は1月1日未明に、タレントの藤本美貴さんのブログに、藤本さんのIDとパスワードを不正使用して侵入。その上で芸能人445人分のIDとパスワードを記載した個人情報のリストを貼り付けたとされる。このリストは藤本さんのブログを見た人がクリックするとダウンロードできるようになったという。またこのリストはサイバーエージェントの内部文章で同社の社員が仕事上の付き合いのあった岡田容疑者に誤ってメールを送ったことが今回の事件の原因とされている。,0
9月9日の各社の報道によると、アルバイト・正社員の求人情報誌を発行する学生援護会は9日、同社とその関連グループ企業16社の株式全てをアメリカ合衆国の投資ファンド会社「カーライルグループ」が買収することを発表した。東京放送のウェブサイトは「近年はフリーペーパー（無料誌）やインターネットウェブサイトなどに押されぎみで資金調達先を確保する必要に迫られた」と伝えている。これまで保有していた創業者一族や従業員持ち株会などから株式を買収した上で、カーライルグループと学生援護会の経常資金を回収した。その際、学生援護会の支援金は学生支援基金に寄付され、2019年8月1日には学生援護会は株主となった。2019年9月2日午前に行われた株主総会に株主の過半数を占めた学生援護会の役員は役員人事を巡って協議に入ったが承認されなかった。11月6日、役員は会長に選任された。しかし、役員の中で役員の過半数の役員を選出する予定だった取締役が会長選からは除外された。2019年8月1日の役員人事で会長、5周年目の役員、8周年目の役員、10周年目の役員、12周年目・14周年目の役員、8周年目・16周年目の役員、そして16周年目の役員が選出された。,1
行方不明となっているのは清徳丸の乗組員で勝浦市の漁師・吉清治夫（きちせい・はるお）さん（58歳）・哲大（てつひろ）さん（23歳）の親子。スポーツニッポンによると、現在捜索を行っている横須賀海上保安部は19日夕方、業務上過失往来危険の疑いであたごの艦内を捜索している。石破茂防衛大臣はあたごの乗組員がこの衝突前に右方向に灯火を見つけ、衝突する1分前に漁船と確認して後進しようとしたが、間に合わず衝突してしまったことを明らかにした。またスポニチと時事通信によると、あたごの艦首には衝突した跡があった他、第3管区海上保安本部（3管）の調べでは船体の損傷状況から、衝突の衝撃による損傷で第3地区の被害が予想されるという。さらに「あたごは約15分おきに転覆して沈没、3分おきに転覆して沈没したのが12回繰り返されている」との情報も寄せられている。 なお、日本国と日本政府との間の衝突に関して、両海中での衝突を想定しておらず、日本国と日本政府が衝突した場合の双方に関係があるかのような報道があるのは珍しい。両海中事故の影響で、東日本大震災の発生および原発事故などによる社会不安が社会的に広がっている。日清戦争（1905年）が勃発し、これらの戦争を終わらせるものとして日本はイギリスに日本を占領された。アメリカ合衆国は1900年（明治33年）には、「日清戦争の結果日本が戦争され、中国を追い出され、日本はまた侵略されるのを妨げなさい。」と主張、日清戦争とは全く違うものではないかというアメリカ合衆国の主張を「日中戦争」という用語で整理することを提案した。,1
神奈川県川崎市出身。特撮番組『キカイダー01』にイチロー役で主演したほか、『帰ってきたウルトラマン』の南隊員役などで知らる人も多い。『仮面ライダー電王』のガイエンを演じた後は『ウルトラマンギンガ』にライバル役で出演し、番組終了後は『ウルトラマンマックス』のカイザー役を担当した。特撮ドラマ『仮面ライダーオーレシス』では、仮面ライダーオーレシス・ギンガ・オーレンカ・クロウと共に敵怪人を倒すヒーローとして活躍。テレビアニメ『ウルトラマンマックス』も同じウルトラ怪獣軍団（プラウ・ウルトラマン）の一人として参戦して以降のレギュラーを務めている。当時の『ウルトラマンマックス』で共演していたこともあり、同作でのウルトラマンマックス・プラウの戦いぶりに惚れ込み、『ウルトラマンマックス』で共演して以来の付き合いになることにしている。1983年11月から1984年1月まで、『ウルトラシリーズ』の『仮面ライダーシリーズ』に登場した。当時ウルトラマンネクロム星人、怪獣軍団の監督を務めていた高良健吾と『ZOIDS』『ウルトラゾーンゲート2・オールレンサス』でタッグを組み、『ウルトラマンマックス』『THE MOVIE』などのウルトラシリーズ第3作から第10作、第15作、最終作に至るウルトラマンシリーズに複数のウルトラ怪獣軍団を結成、『ウルトラマンマックス』のウルトラマンがオーラスに登場した。1987年12月から1988年3月まで、テレビ版『ウルトラゾーン』のウルトラセブンとの第3部、『ウルトラマンマックス』のウルトラザウルスとの第4部に登場したが、ウルトラセブンが第3部のメインライターを務めることはなかった。1987年に放映された『ウルトラマンマックス』では、ウルトラマンマックスが初めてウルトラセブン、メガウルトラマン、ウルトラマンエッティン、ウルトラセブンに立ち向かっていく（この3人のウルトラセブンのデザインは後にウルトラセブンとウルトラヒーローズでも使用されている）。ウルトラセブンのウルトラマンパワーを受け止めようとしてウルトラ星たちがウルトラ戦士に攻撃してくるのを撃退しようとする。しかしウルトラセブンはウルトラビームの必殺技でウルトラセブンを打ちのめし、ヒーローとしてのウルトラセブンにウルトラマンとしてのパワーバランスを合わせようとしていく。しかしウルトラビームのパワーが大きすぎてウルトラマンパワーを出しきれず、パワーが出過ぎて倒れ込む。ウルトラマンパワーが通り過ぎていく途中にウルトラセブンはウルトラマンパワーを放ちウルトラ怪獣を吹き飛ばし、ウルトラビームでウルトラゾーンとウルトラネオンを倒す。そしてウルトラマンが倒されていた所にウルトラマンエッティンが姿を現すという構図であった。このショーはウルトラマン、ウルトラセブン、ウルトラマンパワー、ウルトラザウルスが協力し、最終的にはウルトラマンがウルトラセブンとウルトラヒーローとしてのパワーをウルトラビームでぶつけたり、ウルトラセブンがウルトラザウルスのパワーをウルトラセブンに返したり、ウルトラセブンとウルトラザウルスが、ウルトラセブンのパワーの源にウルトラマンパワーを返すという展開だった。後に1992年に放送された『ウルトラセブン』では最終回にウルトラセブンがウルトラシールドでウルトラセブンに受け止めろと伝える、というストーリーである。,1
岐阜県テニス協会によると、現在、北朝鮮側のミサイル発射に対する反応は、日本・台湾との、核合意の成立といったものが大半に過ぎないが、北朝鮮も、北朝鮮と関係を持ち、他国に対して、核開発を進めていることを認める姿勢であった。北朝鮮は、5月30日の、国連安保理で、2か国共同で、北朝鮮と、安全保障条約及び平和安全保障条約条約を、調印したことを、北朝鮮側が公表している。5月1日、北朝鮮と、安全保障条約及び平和安全保障条約が調印したことを、関係国が公表した。その中で、北朝鮮と、安全保障条約及び平和安全保障条約や、国際社会で合意された、北朝鮮の主張を尊重する姿勢を取ること、そして、北朝鮮が、核開発と、将来の核実験を可能にするため、北朝鮮の主張と安全保障条約等の契約を結ぶことなどを、強く求めている。更に、米国は、5月1日、軍事機密を含め、北朝鮮及び米国との、秘密条約についての協定を、結びたいということで固まった話があった。軍事関連情報によると、北朝鮮と、安全保障条約と平和安全保障条約、安全保障条約と国家安全保障条約及び北朝鮮と安全保障条約は、以下のように調印していた。,2
日刊スポーツによると、サッカーJリーグは9月17日（UTC+9　以下同）、J2リーグの東京ヴェルディの運営を日本テレビ放送網から譲渡される「東京ヴェルディホールディングス」の事業計画について、スポンサー収入を重視し、11月16日までに5億4000万円の収入を得る計画を確定させることを求めて、これが満たされない場合は2009年シーズン限りでJリーグから退会させるとする「条件付」の譲渡であったことを明らかにした。スポーツニッポンによると、Jリーグの羽生事務局長は「現状の事業計画で5億4000万円のスポンサー収入は必須。ただ、これから集めるというのではなく、ある程度は決まっている」事を説明しているが、それを満たされなかった場合は「ぎりぎりの線でダメというときはお互いの話し合いで処理しなければいけない」として更に規模縮小を求めるとしている。日刊、スポニチによると、ヴェルディホールディングス・崔暢亮（さい・のぶあき）会長は9月16日の会見でこの収入確保を達成できる見通しを示しており、「スポンサーについては全く心配していない。きっちりとした事業計画でやれるはずだ」としている他、Jリーグの鬼武健二チェアマンは「Jリーグから金銭的支援はない」としながら「何らかの形でスポンサー確保の応援はしたい」と話している。日刊の別記事によると、収入確保が達成できずJリーグを退会する場合、鬼武チェアマンは「Jリーグの下部団体であるJFL（日本フットボールリーグ）や地域リーグもあるので、チームを消滅するか否かは東京V側の判断」としている。,0
読売新聞、日本テレビによると、作品は、書道展で「日本人としての誇り」を「社会と人との調和」の中で高め評価されたとして、受賞作受賞作賞の他賞も含め、作品集を出版することを表明している。朝日新聞によると、「日本書芸会」とは、『書道は人の心を癒す』と伝え、全国各地の学校において、書を通じて生徒の心の癒しとしての体験・考え・表現を行うものであり、その体験をもとにした賞を発行するという趣旨である[注]。この出版に先立ち、朝日新聞は、同校だけでなく、2003年より「書道を愛する会」の会員である。また、2012年より発行されている『書道を愛せる書道百科』の発行元でもある。朝日新聞によると、2013年12月の理事会で、日本書道協会へ「書道を愛する団体」「書道を愛する団体」が同団体理事を務めることが決められた[注 6]。この書道団体設立に、選考による選考過程における、教員の不正や生徒の不正などが発覚している。朝日新聞が出した不正関係の報告書には、『書道は、生徒・先生に奉仕することを目的とした教育です。しかし、教師が、生徒の行為を全て許していることに反する行為であるとして、その後、学校・団体との間での意見の相違がありました。また、学校や団体が生徒・教師に奉仕してきたことには、生徒・教師に対する重大な重大な敬意や信頼を欠いているなど、何の理由で、教師が奉仕してきたのかを問いません。また、教師が奉仕してきた行為に教師本人が、正しく責任を持たないことが、教員への信頼を損なうと考えられます。それを理解して、教師が奉仕してきた行為や個人的に奉仕してきた行為などに教師が責任を持たねばならないという意見もあります。』,2
12月22日の報道機関各社によると、サッカーJリーグの東京ヴェルディは同日、新監督に、ヴェルディの前身、読売FC・ヴェルディ川崎のOBで、2005年度シーズン途中から柏レイソルのヘッドコーチを務めたラモス瑠偉さん（48歳）の就任が決まったことを発表した。東京ヴェルディ1969と柏レイソルはJ1リーグのチームだが、今年度は成績がふるわず、どちらも2006年からJ2リーグに降格する。スポーツニッポン、朝日新聞、FC JAPANとラモスさんの公式ホームページによると、ラモスさんはブラジル出身。1977年に日本リーグ2部に在籍していた読売FCに入部。Jリーグに移行した後のヴェルディ川崎でも引き続きプレーし、日本リーグ後期からJリーグ黎明期の読売・ヴェルディの黄金時代を支える主力選手として活躍した。途中1996年に京都パープルサンガに移籍したが1年でヴェルディに復帰。また1989年に帰化申請が認められ、日本国籍を取得し、1990年から日本代表でも活躍し、1998年に現住・川崎市をホームタウンとするAFCチャンピオンズリーグの横浜FCに移籍した。2004年からヴェルディ川崎で再び指揮を執り、2015年からは東京ヴェルディ1969の監督に就任した。監督時代は2006年シーズンのシーズン序盤に前年リーグ2位の川崎フロンターレに1年で敗れ、10年以上の長きに渡って低迷するチームを打破するため監督辞任を視野に入れていた。しかし川崎に代わる主力として加入したことで前年の経験、信頼性、実力を買われて契約延長交渉に応じ、3年契約で選手を引き受けた。川崎への復帰を打診されたが固辞して川崎を退団した。川崎のブラジルへの返還後は再び東京に戻り、2009年3月6日、ブラジルG大阪のオフィシャルサポーターに就任し、サッカーJリーグ戦やJリーグアプニングなどもサポート。契約期間は2009年12月23日まで。,1
NHKが警視庁に対して取材したところ、1月8日1時ごろに発砲音を聞いたという趣旨の110番通報が寄せられていた。また、朝日新聞が警視庁に対して取材したところ、1月8日1時半ごろ、自宅を警備していた警備員が「パン」という音を聞いていた。この事については、その後、1月14日の事件の後に、警視庁がその警備員から聞き取りを行って明らかになっいる。この犯人の名前は不明とされている。これについて、犯人が「パン」という音を聞いた時期について、「2008年2月21日の午後6時ごろ」などとの証言が出ている。17時40分ころ、同じ警備員が「パン！」などという複数の声がして「何だ」などと叫び続けている。このことについて、2013年2月24日に24人の目撃情報があり、警察は犯人は「女性が「パン」と思ってパンを押していたことが気になって押した」ということを認めた。また、警察は「この時に何かされた」という証言もあり、この後、「パン」という音を聞いた警備員がいるとして、目撃者は別件で捜査していた。,1
"毎日新聞によると、問題となったのは、1971年から分譲された大阪市北区のマンション・『中津リバーサイドコーポ』（全4棟、全14階建）。総戸数868戸のうち約180戸は、第三者に貸されたり空き室になったりしていて、所有者が実際には居住していないという。朝日新聞によれば、居住所有者から不満が続出するようになり、同マンションの管理組合は、2004年3月の総会で、不在所有者のみから「協力金」を徴収することを決めた。これに対し、第三者に部屋を貸している一部の不在所有者が拒否したため、組合側が支払いを求め大阪地裁に提訴した。朝日新聞によると、このマンションの管理組合費は月額1万7,500円（一般管理費8,500円、修繕積立金9,000円）で、訴訟ではこれに月額2,500円を上乗せできるかが争われた。朝日新聞によると、第三小法廷は、「居住所有者のみが組合の役員となってマンションの保守管理に努め、不在所有者はその利益のみを享受していた」と指摘。その上で、「管理組合の業務や費用は、本来、組合員が平等に負担すべき」と言及し、金銭的負担で不公平の是正を図ることは合理的と認定。その上で、上乗せ金額が管理組合費の15%とさほど高額でないことや、大半の不在所有者が支払いに同意していることなどを考慮し、「不在所の支払い義務は、居住者が負担すべき」（朝日新聞コラムより）と指摘した。朝日新聞によると、この問題で行われた敗訴裁判では、理事長と役員を集めた裁判で「理事会での意見書の提出と、管理組合の役員を集めての交渉による決議文の作成」との事実関係について争った。その上で、「第三小法廷は理事会で意見書が必要な理由を伝え、そこで、理事会は組合役員を選びたい意向を伝えて、理事会はそれに従った、という関係であることも、確認済み」と指摘。第三小法廷は「理事会は管理組合役員と組合役員の意見を聞き、組合役員が役員を選ぶ、という手順を守らなければならない」と判決文に言及した。朝日新聞によるとその後、理事会の意見書提出は不可能という意見が出た。朝日新聞は、「理事会が『理事会という方法が良くない』とは言いはしない、そして理事会での意見書作成は理事会の必要性を訴えることが目的の一端であり、何より、理事会の意見書は役員全員が署名しなければならない」と評しつつ、この裁判の争点として「管理組合は理事会で意見書を作成するのは良いことだが、管理組合自体が理事会に必要な意思決定機関であることを確認していない」という点を挙げ、問題となっていた『中津リバーサイドコーポ』についても「管理組合についての資料は一切なく、管理規約も無効化されていた。理事会の議論に議論を促す材料としての資料を作っておくのは、その必要性を訴えるための重要な証言であろう」とも述べている。これらの判決、また訴訟が棄却され、原告の敗訴が確定。3月23日、理事会の委員会で『中津リバーサイドコーポ』の調査結果について意見書の提出が求められた。1973年（昭和48年）1月19日には、朝日新聞の取材により、大阪地方裁判所部消付事件が発覚した。",1
サンケイスポーツと毎日新聞によると、中央大学後楽園キャンパス（東京都文京区）で、1月14日午前10時半ごろ (UTC+9)、「男性が血を流して倒れている」と校内を巡回していた警備員から110番があり、警視庁が調べたところ、同大学理工学部教授・高窪統（たかくぼ・はじめ）氏（45歳）が背中や胸などおよそ10数箇所を刺されて倒れており、直ちに病院に搬送されたが1時間後死亡が確認された。毎日新聞によると、高窪氏が倒れていたトイレ付近には同氏の研究室があり、当時高窪氏は午前10時40分から開催される予定だった2時限目の授業を控えていたという。サンスポによると、警視庁の捜査本部は、高窪氏が刺殺されたトイレ付近には争ったような跡はなく、犯人がトイレで待ち伏せしていきなり高窪氏を襲撃・危害を加えて殺害したのではないかとみて、現場から逃げ去るのを目撃された男の行方を追っている。また現場から南東200m離れた東京メトロ地下鉄後楽園駅のトイレにも血痕があったのが見つかったため、血液の分析など、関連を調べている。,0
時事通信・共同通信によると、2015年7月10日に「グローバルネットワーク研究会」は、舛添氏の寄付を知りながらその後も新党改革に参加し、「組織に迷惑をかけたくない」として、事務所の活動から手を引き、事務所からの脱退を決断した。その後、自民党総務会にも2016年4月に再び参加し、「組織に迷惑をかけたくない」と、自民党から「離党」を申し出て反対した。2015年12月18日の「週刊新潮」の取材によると、2015年3月21日に、新党改革の資金管理のための会員資格制に関する新党改革の役員会である日本会議に、「組織に迷惑をかけたくない」と、事務所から脱退を申し出てからでなく、また「新党改革」の事務所を退会して「個人企業ではない」、「特定非営利活動法人である」、「組織に迷惑をかけたくない」という理由で留任した。しかし、事務所には「組織との癒着や汚職は許されない」と、事務所に戻ると申し出たことを明らかにしている。,2
アメリカ合衆国ハリケーンセンターによると、カテゴリー3の勢力でアメリカ合衆国南東部のテキサス州、ルイジアナ州州境付近に上陸したハリケーン・リタは、次第に勢力を落とし、中部夏時間（UTC-5）24日午前7時（日本時間午後9時）までにカテゴリー2に、午前10時（日本時間25日午前0時）までにカテゴリー1となって、午後4時（日本時間25日午前6時）にはトロピカルストームとなった。午後10時（日本時間25日正午）には熱帯低気圧となっている。なお進路の右側に当たるルイジアナ州、ミシシッピ州、アーカンソー州では竜巻のおそれがあると警告が出された。毎日新聞によれば、アメリカ合衆国連邦緊急事態管理庁(FEMA)ポーリソン長官代行は、「被害は予想したほどでなかった」と語った。AP通信によると、ミシシッピ州の竜巻によって1人が死亡しているが、FEMAによると他には死者の報告がない。読売新聞によると、ポートアーサーでは、2カ所の製油所でそれぞれ一部が破壊された。天然ガスのパイプラインの一部の損壊も伝えられている。朝日新聞によると、停電は120万世帯に上った。ニューオーリンズでは、市街地の一部に流入した水が3メートルに達したとネーギン市長が語った。ジョージ・ブッシュ大統領は24日、テキサス州の州都オースティンで被害の状況を視察した。朝日の伝える時事通信によれば、大統領は「援助を必要としている人々の所に、軍などの人的資源を投入する」と語った。一方で、リタの被害を避けるために避難した住民の帰還が始まったことを朝日が伝えている。すでに高速道路の渋滞や開いている店の少ないガソリンスタンドへの行列が始まっているという情報がある。テキサス州のリック・ペリー知事は帰還を遅らせるよう呼びかけた。,0
東京新聞によると、力士の一部が八百長行為を行ったとされている問題（大相撲八百長問題）で、日本相撲協会は2月6日<UTC+9>の臨時理事会で、3月13日初日で開催される予定だった日本の大相撲・春場所（大阪府立体育館）の開催中止を正式に決定する見通しとなった。東京新聞によると、日本の大相撲が不祥事で開催中止となるのは昭和以後では史上初で、不祥事以外で見ても第2次大戦の影響で国技館の修復作業が遅れた影響で取りやめた1946年夏場所以来67年ぶりである。不祥事では昨年、野球賭博問題でゆれた直後の7月・名古屋場所でこの問題に関与した力士について、解雇や謹慎処分による休場力士を出しながら無事に開催できたが、今回は日本の大相撲の根幹をも揺るがす事態として特別調査委員会の調査を実施している。ある協会幹部は「開催を中止したときの混乱よりも、開催を予定通りした場合の混乱が大きく、（今の状況では）開催できる状況ではない。新たな疑惑力士が出てしまうとどうしようもない」と答えている。日刊スポーツによると、日本相撲協会の放駒理事長（63）は2月4日の会見で「（春場所の開催は）気持ちとしてはやりたいが、ファンに納得してもらえない状態で（開催をしたら）いいのか考えないといけない」と中止を示唆。また2月6日から発売する予定になっていた観戦入場券の前売りも延期することにしていた。また、デイリースポーツによると、特別調査委員会の会合（2月5日）で、伊藤滋委員会座長は「3日間で結論を出せというわけには行かない。携帯電話を解析したりすると1-2ヶ月程度はかかると思う」と、一連の八百長問題の調査が長期化する可能性を明言した。伊藤氏は「（本場所の日程については）外部役員だから重視していない」としているが、今回の調査が長期化するようであれば、春場所だけどころか、5月の夏場所の開催にも影響する恐れがある。,0
朝日新聞とサンケイスポーツによると、プロ野球投手の林義一さんが1月17日に心不全で東京都内病院で死去していたことが3月3日わかった。87歳。林氏は徳島県出身。徳島商業高校、明治大学等を経て1949年に大映スターズ（後に毎日→現在の千葉ロッテと合併し消滅）入団。1952年4月27日に行われた阪急（現・オリックス）との対戦で、パ・リーグ初のノーヒットノーランを達成した。その後1957年に阪急に移籍。10年間で98勝98敗の成績を残し1958年に現役引退。引退後は近鉄（後にオリックスと合併し消滅）の投手コーチ、サンケイ（産経）新聞記者を経て1964年に国鉄→サンケイ（現・東京ヤクルト）の監督就任。1965年まで指揮を執り、その後再びサンケイ新聞記者に復帰。更に阪神、西武（現・埼玉西武）投手コーチを担当し、江夏豊投手らを育成した。,0
東京ドーム球場を会場に8月22日から開かれた第76回都市対抗社会人野球大会（主催・毎日新聞社、日本野球連盟）は9月1日、神奈川県勢同士の決勝戦、三菱ふそう川崎（川崎市代表）対日産自動車（横須賀市代表）がナイトゲームで開かれ、三菱が6-3で日産を下し、2年ぶり3回目の優勝に輝いた。神奈川県勢同士での決勝戦は1984年の日産対日本鋼管（川崎市 現・JFE東日本=千葉市に移転）以来21年ぶりだった。試合は1回、新保選手の先頭打者ホームランで三菱が先手を奪うと、2回に日産が小山選手のホームランで追いついた。その裏の三菱は2アウト1・2塁のチャンスに植山選手のタイムリー2塁打で再び勝ち越し。3回にもやはり2アウト1・2塁から三垣選手のタイムリー2塁打でもう1点を追加。5回に日産は2アウト2・3塁から村上選手がセンター前の2ランタイムリーヒットで同点に追いついた。一進一退の好ゲーム展開が続いたが、6回に三菱が満塁のチャンスを作り、植山選手がセンターへ犠牲フライで4-3と勝ち越し。8回にも佐々木選手の犠牲フライと西澤選手のバントヒットがタイムリーとなりこれが決勝点。9回日産も満塁とチャンスを広げるが谷村投手が最後の打者・吉浦選手を三振に抑えて試合は終了。三菱が2年ぶり3回目の黒獅子旗（優勝旗）を獲得した。大会の個人賞は次の通り。最優秀選手（橋戸賞）は三菱の植山選手、敢闘賞（久慈賞）は日産の梵選手、小野賞は優勝した三菱の垣野監督。主催の毎日新聞によると、応援団コンクールの大会期間賞の表彰も行われた。最優秀賞は日立市・日立製作所が受賞。「企業カラーのオレンジ色のベストで応援席を染めて、得点を獲得した時のウェーブで一体化させた」ことを評価された。優秀賞は日産、敢闘賞は東京都・NTT東日本、努力賞は鹿嶋市（茨城県）・住友金属鹿島、特別賞は三菱に決定した。,0
日経BPと山梨日日新聞によると、1987年の選挙では、前回と同じく、PDP/CDUの得票率が71%だった。CDUの得票率と比例代表の得票率は、前回とほぼ同じである。ドレスデンは、1952年に初めて選挙区である都市として成立し、当初は都市と周辺諸国の選挙区に分けることで、新しく出来た都市圏の数を増やすことを目的としていた。現在は、州と周辺諸国も同じ地域から集まることが出来なくなっており、新しい都市圏はほとんど存在しない。2014年4月16日に発足したドレスデン市長を選出する都市計画会議が、ドレスデン州議会で2015年の議会選挙を待たずに行われたことは、ドレスデンにおいて重要な出来事となっている。都市計画会議は、都市内の都市基盤の整備や都市計画に関する議案を多数賛成しなければ、都市計画会議を退会する可能性がある。ドレスデン市の市域は、ほとんどが山地に囲まれている。そのほとんどは丘陵だが、山脈の一部や、標高の高い丘陵も含まれている。以下の表は、都市の地形から定義した例である。山地が多い上、多くは山岳であるために都市の地形との整合性や、標高差の関係もあるが、概ね100kmにも達するほどの標高差がある。また山頂や崖に囲われた平野部もあるが、標高差は2000mにも及ぶ。都市としては、西は、ベルリンから西に180km、南はケルンから東に750km、西は、フランクフルトから南に600km、北西は、マルティン・ルター広場から南に18km、マルティン・ルター広場から東北東に700km、東は、フランクフルトから北東に279kmに位置する。1944年以前は、フランクフルトから北北西に約270km、ルクセンブルクとケルン、南西に約118km、ルクセンブルクとベルリンの境界となっていた。なお、現在は、フランクフルトから北東方向に約460km、ケルンから南西に約121km、ルクセンブルクから南西に約125km、北ドイツに含まれる。都市の地形は、丘陵や丘陵の隙間を利用して都市を東西に分断する。西側には、標高20mから35mほどの山がある。都市の地形では、標高の高い山ほど、平野よりも高い場所、低い場所が多く、高低差も非常に大きい。なお、北東に延びる街頭や、北東に延びる街頭、東端から西端に延びる街頭が「市街」と呼ばれる場所や「城壁都市」と呼ばれる場所もある。都市と言っても、土地は、都市機能以外を持たない。また、都市機能自体を持つことはほぼない。つまり、人工の地下都市、ハイテク都市、そして人工の鉱山やダムなどのように、都市に対してその機能を持つ、あるいは、建設されることがない限り、都市機能が存在しない。また、都市そのものも存在しないことに変わりない。以下に都市の地理学的特徴を挙げる。「地理学の観点からみて都市との違い」「都市の構造的特徴」「都市の建築物」「都市の景観」「都市の形態（特徴）」「都市の生態系」などの節で紹介している。「都市」とは、都市が存在する土地のことであり、この土地から都市を構築するという役割を成す。「都市」とは、都市が存在している土地、すなわち地域を指す。「都市」以外にも「集落」「街」「住宅地（工場）」のように都市の構造化を図ったり、都市の形態として景観の一部として機能を持つものもある。,2
読売新聞・産経新聞によると、陸上自衛隊古河駐屯地（茨城県古河市）は、訓練中の新人隊員に爆薬を食べさせ、うち22人を急性薬物中毒にさせたとして、新隊員教育隊教官だった男性二等陸尉（26歳）を減給5分の1（1ヵ月）とするなど、計4人を12月5日（UTC+9、以下同様）までに懲戒処分にした。他の処分内容は、いずれも教育隊の助教で三等陸曹の男性（26歳）が減給1ヵ月30分の1、二等陸曹の男性（35歳）が減給2ヵ月15分の1、男性教官の上官の一等陸尉の男性（31歳）が、指導監督不十分として戒告処分となった。産経新聞によると、同駐屯地の話として、当該の二等陸尉は、2008年8月29日に、同県城里町の訓練場で「爆薬をなめてみたい者はいるか」と言って、新人隊員24人に爆薬を与えた。このうち22人が、急性薬物中毒に罹り13～2日間入院した。また、読売新聞によれば、三等陸曹は訓練中に、二等陸尉に対し、「爆薬を食べたことがある」などと話し、二等陸曹男性は、新人隊員1人に少量の爆薬を食べさせ、それを見ていた二等陸尉に対し、爆薬が無害であるとの誤った認識を与えた。産経新聞によると、二等陸尉は「毒があるとは思わなかった」と話している模様である。産経新聞によると、同駐屯地は「不祥事があったことは誠に遺憾。隊員に対する指導を徹底し、再発防止に万全を期したい」とコメントしている。,0
事故は埼玉県、千葉県、神奈川県、大阪府の4つの府県で住宅や事務所などで1歳から3歳までの5人の女の子の幼児がシュレッダーによる「白」を切る際に、子供の顔の部分が切り取られてしまう事故が発生した。子供が白いマスクを外した際に怪我をしたようで、10歳になる息子や娘が3歳の時に、シュレッダーを用いた事故を起こしている。女性が白いマスクを付けた瞬間、マスクを取りつける際に子供の顔が切れて、母親に怪我をさせた事故が10件起こっている。この事故では、3歳の長女が13日間の緊急搬送された（後に死亡）一方で、2歳の息子が同じ病院で5日間の緊急搬送されていたという。子供の事故によって死亡した母親は他にも1人事故があったと発表されたものの、女性は事故を知っているかどうかは不明である。,1
朝日新聞と中国新聞によると、5月27日に朝鮮中央通信が伝えたところによると、同じ日に、日本のミサイル攻撃は6回、中国人民解放軍の新大陸からは8回、韓国からは8回、ソ連からは3回、ベトナムからは9回、そして朝鮮の金日成は、4回、朝鮮半島から発射した。北朝鮮には5回、韓国には18回、中国には4回、ベトナムには8回のミサイルを発射した。朝鮮は、すでに、7回、5回、7回、24回と、ミサイル発射を繰り返しており、それも含めて朝鮮が日本に対してミサイルを発射したことになる。また、中国は、朝鮮からも朝鮮からもミサイルを発射した。さらに、7回、8回ミサイルによる攻撃を日本、北朝鮮と受ける。さらに、8回は、中国に4回、朝鮮に1回、ベトナムに3回、そして同国に2回、南朝鮮に4回と攻撃するのである。,2
アメリカ合衆国の農学者でノーベル平和賞受賞者のノーマン・ボーローグ氏が9月12日夜（UTC-5）、癌による合併症のためテキサス州ダラスの自宅で死去したとAP通信などが伝えた。95歳だった。同氏が名誉教授を務めるテキサスA&M大学のスポークスマンが同日明らかにした。1914年3月、アイオワ州生まれ。1960年代、インド・メキシコなどの開発途上国における食糧難の解決策として、小麦など穀物の高収穫品種の開発に成功。「緑の革命」と呼ばれる穀物大増産の貢献者となった。この功績が認められ、1970年にノーベル平和賞を受賞した。本ニュースは「日刊スポーツ」と「共同通信」の以下の報道を情報源としている。,0
産経新聞によると、陸上幕僚監部の話として、この陸将補は「駐屯地の年末行事で飾るクリスマスツリーにするつもりだった」と話しているという。毎日新聞によると、東富士演習場は、面積の約6割は民有地や公有地が占めており、陸将補が掘り起こした立木は私有地内にあった。産経新聞によれば、この陸将補は、施設整備のための「費用が入るということ」と「私用地に許可なく立木を植えるのは好まず、許可したのは自分ではない」と話したという。なお、この東富士演習場内にいたとされる、陸将補の車は、「演習場の職員に譲ってしまった」と報じている。陸将補が掘った立木の下には、当時、自衛隊法40条（許可による立木の立木が許可外の立木である）にあるという『自衛隊法に反する立木』があった。この立木について、この年、第124代陸上幕僚長を務めていた陸上幕僚長である小畑守一は、「なぜ、この立木が許可外の立木だったか、誰も教えてくれなかったので、自衛隊法は『許可しない立木である』と決まっていると思ったので、立木として許可した」としている。古河駐屯地の駐屯地司令によると、古河駐屯地に残る立木は立木工事の許可を必要としなかったとされる。その一方で、古河駐屯地には、同駐屯地の管理者であった陸家（陸上自衛隊総合整備施設 (航空) 富士部隊)が、「この立木はあくまで管理の都合上立てられない立木」と、「許可を得ていない」と伝えて、管理していたという。,1
中日新聞によると、長野県小谷（おたり）村にある栂池高原スキー場で2月3日夕方に雪崩が起き、スキー合宿をしていた愛知大学の学生らが重体となっていた事故で、同大学国際コミュニケーション学部2年生の大木亜紀さん（20歳）が4日午前、搬送先の松本市の病院で死亡した。また読売新聞によると、引き続き意識不明となっていた同じ学部2年生の大竹麻友（まゆ）さん（20歳）も4日夕方同じ松本市の病院で死亡した。中日によると長野県警大町警察署は業務上過失致死傷罪で、グループを引率した非常勤講師2人から事情聴取し、当時立ち入り禁止になっていた「林間コース」に入った経緯などを調べている。雪崩事故は2月3日夕方4時ごろ発生。学生と指導者9人中7人がこの事故に巻き込まれ、このうち大木さんと大竹さんが重体（後死亡）となったが、他の5人は自力で脱出し、2人が軽い怪我をした。当時スキー場は雪崩が発生する3時間前に初心者向け林間コースで新雪がずり落ちてるのを確認しこのコースを立入り禁止にし、入り口にネットや看板を立てて閉鎖にしていたが、大町警察署の調べではこのグループの指導員はそれを認識しながらコースに立入ったと話している。読売によると、大学関係者の話で雪崩に遭遇した7人の学生の多くは初心者が多かった。また、中日の別記事によると、このスキー合宿は体育の集中授業の一環として1月31日から4泊5日の日程で開催される予定で、学生・指導教員ら約90人が参加していたが、4日午前中に予定されていた授業は取り止めとなり、参加者は2台のバスに分乗して愛知県に帰った。読売によると、この林間コースは頂上付近にあり、コースの斜面が緩やかで初心者でもすべることが出来る。しかし、周辺には初心者コースはなかったという。,0
中日スポーツによると、2008年のJ1リーグ昇格を決めたばかりの東京ヴェルディは、ラモス瑠偉監督が退任し、後任に柱谷哲二コーチが就任すると発表した。サンケイスポーツによると、チーム関係者が「ラモスさんは相当疲れているようなので、一旦監督を離れるかもしれない」と明言していた。また時事通信によると、ラモス氏に対し東京Vの萩原敏雄社長は「スポンサーや選手獲得など安定した経営をするには欠かせない」として、フロントへの就任を要請され、ラモス氏も「2年間やりがいがあったが大変な面もあった。外からサッカーを見てみたいと思っていたので、フロントからいい話しをもらった」と就任に前向きな姿勢を打ち出した。,0
2005年のノーベル経済学賞は、アメリカ合衆国・イスラエルの二重国籍をもつロバート・オーマン氏とアメリカ合衆国のトーマス・シェリング氏に贈られることが決まった。10日、スウェーデン科学アカデミーが発表した。ゲーム理論による分析を通じ、対立と協力についての理解を深めたことが評価された。シェリング氏はメリーランド大学教授。1950年代に『紛争の戦略』（原題：The Strategy of Conflict）で当時の核競争をゲーム理論によって分析し、社会科学の分野でゲーム理論が用いられる端緒を作った。オーマン氏はイスラエル在住。ヘブライ大学教授。無限回繰り返しゲームにはじめて取り組み、長期的な関係において時間経過とともに支持される結果とは何かを明らかにした。オーマン氏の研究は、価格競争などのさまざまな経済的競争を説明するとともに、経済活動上のさまざまな団体の必要性を明らかにした。賞金は二人で折半される。授賞式はストックホルムで12月10日に行われる。受賞記念講演は12月8日にストックホルム大学で行われる予定。ノーベル経済学賞は、正式名称を「アルフレッド・ノーベル記念経済学スウェーデン銀行賞」といい、1968年から授与されている。1995年以来、経済学だけでなく、社会科学全般を対象としている。,0
秋田放送によると、27日午後30分頃から北東に進み、28日午前11時頃に、台湾、フィリピンなどに上陸した。その後、28日3時30分頃に、北に流れた。その後、29日午前10時15分頃から南に流れて、20日午後4時27分頃に再び東北に戻った。これより後の27日午後2時6分頃に、日本海を北に進み、28日午前6時にフィリピンのテンプル・アリーナ東155km付近に上陸した。同日未明には、10日2時45分頃にフィリピンのルソン島に上陸し、ルソン島付近に上陸。28日午後6時9分頃から南にある小笠原諸島の西海岸を中心とした上空で最大風速35m/sの暴風が吹き、東北地方太平洋側に向かった。28日午後5時45分頃に、フィリピンのマプト島を出発し、台湾や沖縄を経由して、ルソン島付近に至った。,2
日本経済新聞と時事通信によると、「たばこ税以外のもの」「たばこ税を徴収」する自治体は、「たばこ税以外の物」のみ徴収できる（「たばこ税以外の物」については自治体によって、各市町村に徴収の条件が異なっており、国との間で協定を結ぶこともあるよう）。地方税法上、たばこ税以外のものの徴収には、以下のような徴収方法がある。詳細は地方税に詳しい。自治体は「たばこ税」ではなく「たばこ税徴収制度」を使うことになる。税収や国税などに課税しなかっている場合（いわゆる「一部納税者」）には、地方税法上の「たばこ税の徴収」を受けないことになる。ただし、国税のように「一部納税者」となっている地方に税金分の徴収を行うことになる場合はそのときは、「たばこ税徴収制度」を用いて徴収する。総務省令『地方税法』第100条に「税の徴収方法」や「徴収の停止」の条文が存在しない。そのため「たばこ税」とは言えない。,2
共同通信などによると、「現在、同社が買収した企業を巡っては、適切に処理されているから問題ないと考えている」と、自身の主張の主張を撤回しない姿勢を見せている。一方で、「過去の買収において、多大な利益を上げてきた」と否定しているのは、産経新聞と同じ「ジャイラス」で、同社と「ジャイラス」の間には「ジャイラス・リサーチ」という提携関係がある。なお、この件のうち、産経新聞は元請である「ジャイラス」（後の「ジャイラス」に買収される一方であった「ジャイラス」と改名）は「ジャイラス」の製品やサービスの供給は受けておらず、さらに、「ジャイラス」の商品など、同社以外が保有するものも含めて同社の利益で動いているため、同社としては問題はないとしている（同記事「『ジャイラス』が同社に買収される）」で補足している）。,2
桂宮親王は、昭和天皇の弟[注釈 2]で三笠宮崇仁（みかさのみや・たかひと）親王の次男。今上天皇のいとこにあたる。宮内庁の発表では、桂宮親王は8日朝に呼吸が弱くなるなどして、午前9時過ぎに東京都文京区にある東京大学附属病院に救急車によって搬送された。搬送時には既に心肺停止状態で、蘇生措置を受けていたが、午前10時55分に急性心不全によりご薨去された。病院には両親である三笠宮親王夫妻が駆けつけ、最期を看取った。桂宮家は親王が独身であったため断絶となる。また、兄である寛仁（ともひと）親王[注釈 3]は2012年6月、弟の高円宮憲仁（たかまどのみや・のりひと）親王は2002年11月に亡くなっており、三笠宮家の子息は3人ともご薨去されたことになる。桂宮親王は宮家を創設した1988年に急性硬膜下血腫となった。同年の秋に東京都文京区にある三笠宮文庫で行われた公開手術を最後に死去した。また、天皇は自身の後継者にも関わらず、「桂宮親王との結婚を望んでいたのは、実父の憲仁親王（のち、天皇）、実父と同じく皇籍離脱していた姉の寛仁親王と思うお気持ちは大いにあります」という旨の発言をしただけで、自身の後継者にも関わらず結婚を考えていた三笠宮家の者に結婚を認める意向とは異なることを明らかにした。その一方で「母である三笠宮親王と同じく将来の男性には関わりたくない」とも言った。現在までに多数の論文や著作、講演などを発表している。昭和40年から昭和42年まで日本学士院会員。戦後の日本を生きたり、明治以降の日本を見聞したりする研究を進めている。昭和55年に日本学士院会員になり平成10年まで9年間にわたり会員を務めた。著書に「人生論 -日本人が見た日本像-」がある。現在は内閣総理大臣賞を受賞、また、現代思想賞を受賞した。昭和43年（1968年）に昭和大学から学位授与される。,1
"新日本石油は、原油価格の上昇と為替レートが円安となったことが要因としており、同社では前日までの価格に比べ4.3円/Lの値上げとなった。これは、今年3月との比では14.8円/Lもの値上げとなる。神戸新聞によれば、今回値上げした石油元売は新日本石油、出光興産、ジャパンエナジー、昭和シェル石油など。エクソンモービルは既に、7月29日に値上げしている。石油情報センターによると、7月27日の為替レートは11円/Lとされており、為替レートが円安の影響で上昇したことが要因となった。21世紀の日本の原油価格上昇は、石油元売からの円安などが影響している。1993年、24時間日本を含む世界各国の円安は事実上成立したことになり、世界では1993年から1997年までに原油価格が5.1ドル安に回復したとされている。これは、1990年～1983年に続き史上4番目の高値水準である。2019年現在、日本や世界で最も平均原油価格が安い国の一つ。日本では2015年に原油価格が5.6円/㎡を超えた。石油元売が10倍近く高騰したことになり、原油価格では世界で12位と、日本に比べ2倍近く高い上昇傾向になった。なお、1995年11月～2015年06月までの累計原油価格は109,921円である。",1
"読売新聞や毎日新聞によると読売新聞は、この事態を受けて1年あまりの時期に3号・5号で「Weekly Naranichi（ウィークリー・ナラニチ 仮称）」と銘打って「新聞をテーマにした連載コラム」を連載開始。同年の11月には「Weekly Naranichi（ウィークリー・ナラニチ 仮称）」と題して「新聞をテーマにした連載コラム」の連載も始った。2012年から「Weekly Naranichi News」という愛称が、新聞でおなじみのコーナー名で新聞などのマスメディアの連載について記事が掲載されているコラムを出す事を目的として使用されるようになるが、その後も新聞でのコラムの内容は「Weekly Naranichi（Weekly,Naranichi,Magah Escape）」などと呼ばれる。2013年5月には同じ読売新聞の「Weekly 22（ウィークリー ツー トゥギャザー）」と「Weekly 16（ウィークリー トゥギャザー）」のコラムもこの記事では掲載されている。",2
埼玉新聞によると、18日に開かれた会合では、167人が殺害され、221人が負傷した。アルカの本部は16日に避難する予定であったが、13人の負傷者が到着、135人の負傷者が到着した。彼らの内訳は、アルカの警察の警官20人、イスラムの治安維持団体20人となっている。17日午前3時45分に起きた事件は、死亡した人々の中にはイスラーム指導者や非合法な活動を行っていた者や、過激派として知られている者などが含まれていた。このうち、アブドゥッラー・アッザム旅団の一員14人が死亡した。17日午前4時11分に起きた事件は、アブドゥッラー・アッザム旅団の指導者の17人が死亡し、1人は負傷した。17日の事件が続くようにみられる。18日の会合では、イスカンダールの警察24人、イスマンの警察14人、カルナータカ州の治安組織24人、その他27人の警察が集結した。会合は、17日に起きた事件がイスラームとパレスチナの政府支配に変化すると警告した。19日の会合でも多くのイスラーム指導者は犠牲者のための犠牲となった。,2
日本経済新聞、読売新聞によると、1944年12月2日、東條英機首相に靖国社遷主表令案の決定を求める閣議決定が行われ、日本は靖国神社合祀問題の処理に追われた。翌2日に閣議決定は撤回され、1945年6月1日に公布された靖国神社合祀法（昭和天皇、幣帛使等の祭祀者以外の者が、皇帝に代わって奉勅を命じられ、神祇官を置く、または皇階を移す儀式などをもって、その儀式を執り行うのに必要な神社を奉神道と見なし、その神社を奉神天皇と呼ぶ）は、東條首相によって発効した。1945年7月24日、東條首相は官選国会議員である中林忠一と井上哲治に、靖国神社合祀の件を聞くように命じた。,2
西日本によると、この事件は2005年2月14日午後、寝屋川市立中央小学校に少年が包丁を持参し、同校の教職員の4人を殺傷して亡くなったとされる。同じ日に、大阪府寝屋川市の大阪市立西中学校・大阪市立城東中学校・大阪府立箕島商業高等学校・大阪市立箕島工業高等専門学校・大阪工業大学附属大阪市立高等研究所・大阪市立日下工業高等専門学校・大阪市立日下工業高等専門学校・大阪市立桃山工業高等専門学校（いずれも箕島工業高等専門学校前、箕島工業高等専門学校内）で教職員13人が殺害されるなどし、2015年には13人の教職員中、事件発生から24年経った2010年1月26日で、これまでに教職員4人ずつが、1人の教職員1人を殺害した。また、大阪南部地震（2007年7月）や東日本大震災（2011年5月）に関しては、被害が少ない地域で被害が大きくならないように、地域の方にしばしば連絡を取って、被害が大きくならないようにと、警察にも協力してもらっているところもある（特に大阪市の場合は、災害時に警察と消防を協力させる姿勢が強くなっているのも特徴）。なお、同じ2011年には、兵庫県内の公立学校の教職員4人を守るため、大阪府池田市内の公立学校を守るために、全国から集まった消防団の2万人が大阪府池田市内で応援に駆けつけ、事件発覚から約2ヶ月後の2012年には、この学校の教職員5人を守るため、市内から大阪府府内を中心に大阪城地区の多くの学生に協力してもらう活動を行っている。,1
"ニューマン氏は1925年生まれ。第2次世界大戦で兵役をした後、1952年にアクターズスタジオに入所。1954年に『銀の盃』でデビューを果たし、その後1956年にロッキー・グラシアノ氏（元ボクサー）の伝記映画『傷だらけの栄光』の主演で注目された。その後も『明日に向って撃て!』、『スティング』、『評決』など数多くの話題作に出演。1985年にはアカデミー名誉賞、1986年には『ハスラー2』でアカデミー主演男優賞を受賞した。また、『ウォリアーズでのラインバッカーズ』（監督:ジェームズ・レイノルズ）ではゴールデングローブ賞ドラマ部門にノミネートされ、主演男優賞にノミネートされた。1980年代、ニューマン氏は、自分の息子たちと『ホーンテッド・アイランド』（原題: ""Haten in the Wall""）シリーズ、『マイアミ・ヒート』（原題: ""Miamitsu""）、『ライアン・ゴズリング』シリーズ、『マイアミ・マーリンズ』、『サンチェス・スクエア』、『マイケル・ジョーダン』、『ローレンス・オリヴィエ』、『マイアミ・マーリンズ』などいくつかのアメリカンフットボール界のヒーローと共演した。",1
北国新聞が総務省石川県テレビ受信者支援センターの調べとして紹介したところによると、今回のリハーサルは珠洲市と能登町内浦地区の一部の世帯・7500世帯を対象に同日の午前10時から1時間行われた。このリハーサル実施中の時間帯、アナログ放送しか見ることの出来ない1300世帯の家庭では「アナログ放送終了リハーサル中」と書かれた字幕を表示し、通常放送を見ることが出来ない状態となったが、同センターの珠洲支所（デジサポ珠洲）によると、これらの苦情や問い合わせは12件だけで、関係者は「思ったよりも混乱が少なかった。事前周知が浸透した」と語っている。また、ケーブルテレビでの視聴者については、デジタル放送の電波をアナログに変換する「デジアナ変換」を利用することで通常放送を視聴できたという。また、大阪日日新聞によると、このアナログ放送終了リハーサルに併せて珠洲市内のホールでは記念のイベントが行われ、同県内のNHK2つ目のテレビ局でアナログ放送終了時にアナログ放送を視聴することができなかったことや、デジタル放送の視聴によりアナログ放送時代の「アナログ時代」が再び復活し始めたことがその理由について説明されている（一方、アナログ時代に戻ったにもかかわらず、珠洲市、能登町ともに未だデジタル化完了後のデジタル時代を認めていないため、あくまでも「デジタル化完了後」とする考えは否定している）。2009年7月25日には総務省石川県テレビ受信者支援センターで、番組・施設・放送局等に関する総合的な検討会が開催された。また、7月25日の放送で、テレビ放送継続を断念 する意見を述べたアナウンサーの小林雅也は、「いままでのアナログ時代を受け継ぐことは難しいと思う」と批判した。,1
時事通信によると、8人が通っている両高校は去る5月8日、バレーボールの対抗戦を開催しており、兵庫高校の5人中4人は女子バレー部員、また神戸高校の1人も男子バレー部員であった。兵庫高校のバレー部は大型連休の開催期間明けにインフルエンザの流行があり、この試合が開催された日には男子部員1人が、また9日にも2人がそれぞれ欠席した他、5月10日に行われた神戸市外の別の高校との対抗戦の開催日にも2人が体調不良を訴えた。兵庫高校の5人は12日以後に発熱し、なおかつ市外の高校でも体調不良を訴えている生徒がいることから、これらの対抗戦開催中に感染した可能性がある。また、47NEWSによると、神戸市は今回の事態を受けて神戸市内の小・中・高校・幼稚園・保育所など99の学校（園）を22日までの間休校（園）とすることになった。日経新聞によると、神戸市では今回のインフルエンザ流行を受けて、神戸市内各所で15日から行われている神戸まつりのうち、16日に中央区・灘区・東灘区で予定されていた行事の開催を中止にし、17日もメイン行事であるパレードの開催は中止にするなど、予防措置を講じるとともに対策を強化する内容であり、また神戸在住で感染症にかかったことがある小学生が感染爆発を防ごうとする趣旨で、20日から27日までは自宅待機するなどとしている。同地方では感染者が増加する一方で、神戸に到着するまでに感染者の累計感染者数は426（19年度比53.9倍）人と発表された。 そのうち、52人が入院した神戸市民病院を回る必要性などの問題点をめぐってそれぞれが抱えており、神戸市医師会などが市に要請を出している。日本人への感染が疑われる47年生まれのうち、385人目は神戸市立中央中学校3年生、383人目は神戸市立長田中学校3年生であった。神戸市民病院職員の439人は24日で全員の感染が確認され、47年生まれのうち483人目は神戸市病院の1・2年生であった。神戸市と厚生労働省は、これら21日の緊急会見を受けて、マスク着用、手指の消毒に努める。神戸と同様、感染を防ぐため、予防や医療に関する詳細は専門家や医療機関による検査・確認・調査によって行われる。,1
朝日新聞、中日新聞によると、施設には、核実験用の核施設、もしくはアメリカ合衆国で実施されない核実験を行った核兵器実験場があり、NNSAの研究組織が置かれていて、科学的データ収集は継続されている状況が続いている。1997年にカリフォルニア州パロアルトの国立核実験場で「ユニコーン」実験が行われて以来、1993年にNNSAが発表した核実験の定義ではUS核実験（実験を含まずの実験）が「核兵器」の扱いである。UANPでは「核兵器」と「UANP」があるので、前者ではもっとも使用されている核兵器を含めている。,2
1月11日（UTC+1、以下同様）付けのDPA通信によると、オーストリア出身の世界的な指揮者で、NHK交響楽団名誉指揮者のオトマール・スウィトナー氏が1月8日、ベルリンで死去した。87歳だった。11日、ベルリン国立歌劇場が発表した。オーストリア・インスブルック出身。1960年、東ドイツ・ドレスデン国立歌劇場（現：ドイツ・ザクセン州立歌劇場）指揮者に就任。1973年から1985年頃まで、ウィーン国立歌劇場（現・ドイツ・オペラ・ハウス）の指揮者を務める。この間、ベルリン・ドイツ・オペラ・ハウスのオーケストラ指揮者、さらにウィーン・オペラハウスの音楽監督やオーケストラの指揮者も歴任した。ウィーン・オペラハウスのオーケストラ指揮者を経て、1986年から1991年までベルリン国立（後のドイツ国立歌劇場）指揮者を務めた。ドイツ・グランド・オペラでの録音、録音された主要作品から録音年度の詳細な経過を辿ることができる。またこれらの作曲様式についてまとめることも可能で、詳細な詳細を把握することが可能である。,1
毎日新聞、朝日新聞によると、同年5月25日に同じ宝塚歌劇団・星月の星組に新人公演『Shall we ダンス? We Are』として、『Next Girl -フランスのフランス人形-』で、星月役（月城かなめ）、美桜（美桜じゅん）を演じ、星月での退団となった。5月27日には44歳で42歳の時に宝塚歌劇を退団した星月花千代（現・月城かなめ）を襲名した。娘・星月は、2003年に宝塚歌劇団より退団し、宝塚歌劇団退団発表後10月16日には、日本人キャスト出身者としての最年少記録となる、17歳3か月後での宝塚歌劇退団となった。,2
CNETなどによると、小型バスは現場から約30メートルの所で停車して、このバスから出てきた水流が爆発した際、建物に当たったようである。小型バスはエンジン音が大きくなり、さらにスピードが上がり、建物との間に隙間ができたという。小型バスは現場に到着と共に、約20mの高さまで降下していった。これを受けて大角自動車は、近くに建てられている大角温泉から出す水を守るため、小型バスを同じく近くを流れる大角温泉の温泉郷大の湯で、この大の湯に停め、その温泉の水を守った。大角自動車(大角自動車事務局)は、大型車両の避難に成功した小型バスが見つかった後も、小型バスの避難用避難所から出た水や、同駅に到着する小型バスを調べることにした。これで小型バスに大角温泉の水を守り、さらに安全性に配慮した小型バスを探していくことになる。,2
朝日新聞によると、1月9日青森県八戸市のアパートで起きた殺害事件で、銃刀法違反の疑いで現行犯逮捕された無職の少年（18歳）が、1月20日殺人と死体損壊、現住建造物放火などの容疑で青森県警八戸署に再逮捕された。サンケイスポーツによると、この事件は1月9日深夜、八戸市のアパートで火災があり、ここに住んでいた少年の母親（43歳）と、いずれも中学生のその次男（15歳）と長女（13歳）の3人が居間で普段着姿のまま遺体で発見された。県警は殺人事件として捜査本部を設置した。翌10日午前6時ごろ、行方不明中の次男の妹2人が目撃され、同5日、妹4人のうち、妹ひとりが行方不明で、他は全員無事だったという。,1
韓国日報によると2016年に25歳を記念して15年ぶりに現役復帰し、プロ野球選手の引退試合を2008年10月24日に広島戦(4回裏、2回裏、4回裏、7回裏)で開催。106勝した19年に比べ34日間で60勝差を追う追いつかない戦いになるが、13年連続日本一のチームを率いている「勝つ」ことに「自分自身を重ねること」。「自分はどう投げるか」を考えながら、ストレッチ中に腕立て伏せをする姿勢から、肩甲骨の付け根辺りを見ながらたど開始。そのまま上半身全体を軽く落として肘を伸ばして下半身を起こし、上半身の筋肉を締めたまま、ストレッチの動きで体をほぐすように上半身をほぐした。「体の節々や肩甲骨の付け根までしっかりとほぐれて、気持ち良く、いつもみたいに投げる準備ができてきました」。現役選手時代については「試合に勝つ喜びに、自分の体と気持ちを少しでも持っていかずにはいられない。それが自分には求められている」と話し、「自分の能力を最大限に発揮できる環境というのは、何よりも強さを感じられる。練習も試合も大事だし、どんな状況だからって考えずに楽しんでくれればいいな」という意気込みを語った。 「試合で出る相手に向けて、気持ちを大事にしたい。そういう気持ちが大切なはずなのに、試合で負けてしまったときに、本当に悔しいと思うなら、もっと気持ちを大切にする気持ちも大切にしなきゃいけないはず。そんなことに、どうやって気持ちを固めていったらいいのか、自分の気持ちの問題や考え方を考えるための時間がありました」。その部分に関しては、「練習試合を含めて、勝たなきゃいけない時が、もっともっと増えたと思った。次の試合も、もっと楽しみながら力を出せる環境だったら、もっと頑張れたのに、と心の中に反省して思う部分もたくさんあった」と話していた。,2
2018年06月06日の広島東洋カープとの日本シリーズ第1戦目では先発したが3回8失点で降板した。試合は1対0で延長戦に突入してしまい、延長第4戦で楽天が8回2019年8月7日を投げて勝っていたが、0勝3敗で敗戦となり日本シリーズは日本ハムを降した。この試合を最後に、田中投手の登録を抹消 すると共に東京ドームでの楽天の主催試合を担当する球団側の要請により、2018年限りで、「楽天球団」と改称すると共に、日本ハム球団との契約を解除し、同年オフの10月、球団のファンクラブ（楽天公式ファンクラブ）を退会した。2019年、オリックス・バファローズや横浜DeNAベイスターズのスカウトで、2018年からプロ野球記者として活動している古谷彰弘にスカウトされたことにより、楽天に入団。楽天入団2年目のシーズンとなった2019年8月24日、東京ドームでの対読売ジャイアンツ戦では中継ぎ登板し、5回を1人で抑えた試合が初の中継ぎ登板だった。楽天のスカウトとして入団するにあたり、大洋時代の19人の在籍選手の中で唯一、投手のポジションについて説明する仕事がなかったことやプロ野球選手経験があまりないなどの事情があったが、「楽天入団2年目のプロ野球選手経験者がプロ野球記者としてスカウトされることの必要性を強く感じた」という理由で契約に至った。2002年6月24日、楽天入団後初めて「楽天スカウト」に就任した。,1
加藤選手は11日、ロンドン市内において『ギネス世界記録』編集長のクレイグ・グレンディ氏[注釈 2]から認定証を授与された。最年長記録について加藤選手は、「どの大会でも年上の選手はいなかったが、自分が最年長だとは思わなかった。自分が一番驚いている」「（今後の大会につい興奮してしまう）ような気持ち」という内容を明かした。日本では、9月11日（金曜日）のWOMEN'S STARWARS OPEN ITEMに出場した日本代表の加藤 明美選手(オリンピックメダリスト)が、10日に開催された11年大会の4位決定戦で、3年に一度なるオリンピックチャンピオンのコートジボワールを相手に41歳116日で出場。史上最年長の男子最年長出場記録（17歳116日）を樹立している[注釈 3]。,1
テレビ朝日によると、鹿児島県阿久根市の竹原信一市長の市政運営に反発する市民が行ったリコールについての住民投票が行われ、リコールの賛成票が過半数を超えたため竹原氏の市長失職が決まった。西日本新聞によると、竹原氏は2008年に市長選挙で当選したが、議会多数派と対立。一度2009年に不信任決議を受けて失職するも、5月に行われた出直し市長選挙で再選。しかし2010年に入り、定例議会の出席を拒んで、議会との対立が深まり、4月から7月にかけて職員のボーナス半減や副市長選任などの専決処分を繰り返し、議会召集を求める鹿児島県からの是正勧告を無視するなどしていた。このことからリコール委員会が、「三権分立や議会制民主主義を完全に否定する独裁で、市長の資質に欠ける」として、有権者の半数以上から署名を集めてリコール請求を行い、今回の住民投票となった。住民投票は12月5日に開催され、投票率75.63%、有効投票数14688票。賛成が7543票、反対が7145票の賛成過半数で竹原氏のリコールが成立し、地方自治法により即日失職が決定した。テレ朝によると、今後50日以内に出直し市長選挙が行われる予定で、その選挙に竹原氏のほかリコール委員会からの候補者擁立が予定され、激しい選挙戦が予想される。毎日新聞によると、リコール委員会の川原慎一委員長は「これからは政策面をはっきりと打ち出して訴える。気を引き締めて努力しないと勝てない」と市長選挙へ向けての抱負を述べ、同委員会の西平良将幹事を市長選挙に擁立することを話している。一方竹原氏は「市民が市政に関心を持つことはよいこと」と平静を装ったが、リコール成立が決まると「残念さはない。市民が学ぶ貴重な機会だった。接戦だったことは非常によかった。市民が1票の重さを理解したと思う」と話している。また竹原氏派の議会議員が解散請求を起こしており、阿久根市の混乱は続いている。,0
朝日新聞によると、6月12日 (UTC+9) に東京都日本武道館で行われたボクシング・WBCバンタム級タイトルマッチは、王者の長谷川穂積選手 (日本・真正ジム) が挑戦者のクリスチャン・ファッシオ選手 (ウルグアイ、同級9位) を2ラウンドでTKO。6度目の王座防衛となり、世界バンタム級・日本人ボクサーの防衛回数記録を更新することとなった。産経新聞によると、長谷川選手は10日に行われた調印式で「一番のテーマはKOで勝つこと」と述べていた。,0
ブラッター氏はFIFAの会長職を17年間務めていたが、2015年6月に辞任。その後、ブラッター氏はミシェル・プラティニ氏に対して、200万スイスフランを不正に支払った疑いがあるとして、元サッカー選手のジャン＝マリー・ヴィザデュールを、2013年1月12日にFIFAに対して告訴した。その後2015年8月に控訴された。ブラッター氏とヴィザデュールは、ミシェル・プラティニに対して、2017年6月12日から6か月間にわたって2年間の再出場資格停止並びに試合出場登録を禁じられた。2019年1月、ミシェル・プラティニは、ブラッター氏を代表に復帰させるべく、2025年1月から復帰する予定であったことも明らかにした。その後、ブラッター氏は「FIFA会長の権限が強くなっていると思うが、FIFAは（FIFAと）合意すれば選手を使っての再試合を認める。その場合も再試合を認めなくてもよい」と述べている。また、ブラッター氏は2011年にミシェル・プラティニを「再試合を許可しない監督」(Autumn For Teams Alliance Leaders) とみなした上で、復帰を認めていた。,1
読売新聞と気象庁によると資料が不足していたため急遽2009年度から調査を始められたことなどにより、氷が移動し続けた時期は2010年のことと推定され、2009年度の調査以来約30年以上にわたって移動するとみられる。日本雪氷学会では氷が移動し続けた時期を、春と夏の3月27日-28日と推定した。2004年に、雪氷という言葉が使われるようになった背景で、富山県の氷山に氷の堆積層がある可能性を指摘する学者もいる。富山県が公開した県史（2010年まで）では『雪氷』との表記がある。『氷雪論』では「この山は雪や雨が積もると氷結する。雪や雨は人智に及ばないことから雪洞ということがある。ただし『雪山』という地名の由来には気になるところがある。」と主張している。これは「雪の降雪に関わること」といった点が、雪と関係が深くなった理由であるとみられている。この他にも、「雪山が『雪』のように見えることは、この辺りに雪原が存在するに過ぎない。（中略）この地域は雪の降雨を受けるために発達したので、それが形をなす。（中略）こうした降雪に関するものが雪だとは考えられない」と主張している。こうした経緯から、雪山が『雪雪の地』とされ、雪とは関係ないとの考え方もある。なお、「雪、雪山（雪の地形）、雪が降り積もると、地に変化が生じる」といった、「雪」に対する言い回しはあまりなくなった。1999年（平成11年）に、氷山の発見地が発見された際、富山県教育局の「雪山の発見地調査報告書」では『雪山』と呼ばれた。,2
26日には代表選が告示される予定であるが、16日にも太田昭宏幹事長代行 (60) が正式に立候補を表明する予定であることが伝えられた。他には立候補予定者が見られず、太田氏は30日の党大会で新代表に選出されると見られている。また、自民党とはこれまで通り連立合意を結ぶ予定で、自公の関係はこの時点で断たれる。26日の投開票は約2時間半、1時間前の午後には党幹部の応援演説会、国会質問、一般の支援者で開かれ、「政府に責任を押し付け、無法な法治国家と批判する報道を繰り返し批判を行う国民を守ることを第一にする」発言で始まっていった。党の党人派が党大会の開会が行われ、「このあと日本国の新しい指導者として、党の長として、国民に対してどう説得できるか」と問う議文を発表したのに続き、党役員会で長に選ばれるに至る。投開票の結果は、党の議決により「党の結論からすれば無所属」だったが、党の最高位で党の支持団体が選んだという。,1
アルベルト・アインシュタインが彼のもっともよく知られた関係式、おそらく物理学のなかでももっとも知られた式である E=mc2　を発表してちょうど100年になる。1905年9月27日は、一般にこの式の誕生した日付として考えられている。この式の意義についての論文が、この日、ドイツの科学雑誌『物理学年報』（Annalen der Physik）に掲載された。この関係式において、Eはエネルギー、mは質量、cは光速を表している。この式は、質量とエネルギーが、本質的に同一のものの二つの側面であることを示している。そして少量の物質が、莫大なエネルギーに変換できることを明らかにした。比較的少量の物質が大量のエネルギーに変換される例には、太陽や核兵器で行われている核融合も含めた核反応がある。これらの例もE = E = -50である。E = mc1 = mc2 = E で表される式のうち、あるいはE/Mc = Mc2 = E/Mcと表されるものは、すべての物理学において同値であり、E = E/Mcの式とも共通している。あるいはEmc = E/Mcであり、いくつかの物理学において同値な式である。物理学は、通常ではエネルギーを質量に変換するのに、それに伴う運動エネルギーの変化をエネルギー保存の形式的な単位として表している。,1
朝日新聞、日刊スポーツによると、近藤氏は愛知県・岡崎市の出身。旧制岡崎中学から法政大学を経て1943年、西鉄軍（現在の西武ライオンズの前身の西鉄クリッパース、西鉄ライオンズとは別の球団）に入団。西鉄軍が解散した1944年に巨人軍に移籍し、1946年にはエース格の投手として23勝を挙げたが、その年のシーズン終了後には右手中指の腱を切断する重傷を負った。しかし1948年に中日に移籍すると、1949年に15勝を挙げ、翌1950年には1勝もできない記録で15年連続優勝も危ぶまれたが、1952年にエースの座に就き、1953年には2勝4敗でリーグ初優勝も飾った。1954年にもエースとして11勝を挙げるが、1955年に右ひじの故障で戦線を離脱する。その翌1956年、1勝も挙げられず、12勝止まりとなってしまう。1957年に西鉄が3位で浮上すると、1958年には14勝8敗の成績で、第2位に浮上する。この年10月に行われたオールスターゲームに出場し、初のシングルヒットを達成した。同年オフのオプション金で西鉄・南海の両方に移籍し、1959年に中日と3年契約を結ぶ。同年から先発ローテーション入りを果たすが、リーグ後半戦では7勝24敗という成績で負け越す。中日に移籍後も勝ち星がなく、オフの1960年に現役を引退した。1961年に東京国際大学の非常勤講師として勤めている。,1
"日本経済新聞などによると、年末ジャンボ宝くじ抽選会が31日、東京都新宿区の東京厚生年金会館で行われた。会場には約1,700人の人々が集まり、抽選の結果を見守った。日経が伝えたみずほ銀行の話によると、1等（2億円）が66本前後、2等（1億円）が198本前後当選したと見られるが、最終的に当選の本数が確定するのは年明けになるという。なお、今回の宝くじの総売り上げは1,987億円で、前年に比べ8億円減少した。宝くじネット等によると当選番号は以下のとおり。",0
CNN、朝日新聞によれば、欧州連合 (EU) の欧州委員会は26日、ルーマニア、ブルガリア両国のEUへの加盟を承認する報告をまとめて欧州理事会と欧州議会に報告することを決定した。首脳会議での承認を経て、早ければ来年1月にも加盟が実現する。日本経済新聞によれば、両国の加盟によってEU全体の人口は約4億9000万人となる。ライブドアニュースによれば、イギリスやスウェーデンなどではこの加盟によって労働力の移動が大量に発生することが懸念されており、移民の受け入れを厳しく規制するもよう。現在EU加盟国は25ヶ国。両国が加盟すれば27ヶ国になるが、朝日、ボイス・オブ・アメリカによれば、現在のEUの基本法は27ヶ国の加盟しか想定されていないため、これ以外のトルコ、クロアチア、セルビア、マケドニアといった国々への拡大には時間が空くだろうと見られている。,0
読売新聞、日本テレビによると、小篠さんは2001年、ファッション誌とコラボレーションをしたことがきっかけで、「スカンジナ・ジャパン」（スカンジナ・ジャパン）のプロデューサーを務めると共に、その中のアイコンとなった。当時、小篠さんの着るデザインのスカートの色は赤、黒、青の3色だった。このスカートを着こなすことで、「スカンジナ・ジャパン」で活躍するファッションデザイナーは、「お菓子の匂いのする女性」として、「スカンジナ」をイメージキャラクターすることになった。2001年から「スカンジナ・ジャパン」のプロデューサーを務める一方では、『Wジャーナル』や『東京ニュース通信社』といった雑誌にも登場し、「スカンジナ・ジャパンガール」を起用していた。,2
日本経済新聞によると、札幌市中央区の73歳の老女が行方不明となった事件で、1月16日夜になって老女の遺体が焼肉店の冷蔵庫で発見された。北海道警察西警察署は焼肉店の店長を死体遺棄容疑で逮捕した。逮捕されたのは焼肉店店長で南区在住の杉本功司容疑者（28歳）。杉本容疑者の運営している焼肉店は死亡したアパート経営者の伊沢裕子さん（73歳）が所有していた土地で、伊沢さんを刃物で殺害したと供述。また伊沢さん宅からも金品などが盗まれていることから強盗殺人事件の容疑で捜査を行うとしている。伊沢さんは自らが運営していたアパートに1人暮らしをしていたが1月9日ごろから行方不明になり、16日に家族が捜索願を提出した。朝日新聞によれば西署が杉本容疑者に事情を聞いたところ、死体の遺棄を認めた。供述に基づいて捜索した結果、焼肉店1階にある冷蔵庫から伊沢さんの死体を発見。札幌テレビ放送によると、杉本容疑者は「1月9日早朝に伊沢さんを殺して1階の冷蔵庫に死体を入れた」と供述した。伊沢さんを知る関係者は「静かで几帳面。モノを大切にする人だった」と語った。,0
読売新聞などによると、2015年11月17日の記者会見で役員を129人追加し、2016年の国内各リーグのリーグ戦において承認を得ることになった「新しいリーグ組織」には、2015年に新規チームも参入する予定であり、2023年にリーグは復活後の新リーグとなる予定である。また日本バスケットボール協会は国内リーグの統括団体と位置付けられている。なお、公式スポンサーとしてBリーグが存在するため、公式スポンサー以外に、法人としての法人ではなく、団体の一つであるNBL・bjリーグの関係団体であるバスケットボール・スーパーリーグの関係団体の団体は団体名を「新しいバスケットボール協会」と変更している。2020年3月10日現在、協会ホームページでは「新しい日本バスケットボール協会」を名乗っているが、公式ホームページでは「新しいバスケットボール連盟」を名乗っている。,2
八重山毎日新聞によると、さらには、工事用車両は工事をしていた場所からさらに東へ1.9キロも離れた場所を走行していた。工事用車両の残骸が道路に流されてしまった後、後続の2両目が速度制限を無視して、工事用車両と近い位置で100キロ以上走行することがある。報道された事故の発生時には、工事用車両の修理や修理工事も行っていたが、2週間以上の時間と費用がかかった。 この事故により、工事用車両の衝突によって発生した死者は28歳から42歳の男性を含む世界で5人に1人になった。2007年、イタリアの観光協会がイタリアで開かれたイタリア・アジア調査に、現場近くにある2008年に起きた墜落事故の調査を実施した際に、衝突した工事用車両が、約30メートル離れた地点から墜落していたことが指摘された。,2
毎日新聞によると、昨年12月29日に秋田県湯沢市の泥湯温泉の駐車場付近で東京から来た一家四人が硫化水素ガスを吸って死亡した事故で、同市は昨日、泥湯地区の4世帯17名に対して、昨年12月30日から続いていた避難勧告を解除した。秋田放送によると、市では安全の確保のため、地区へ向かう道路などにガスへの注意を呼びかける看板を設置した。また地区の住民にはガスマスクを配布した。市では16、17日の両日に調査検討委員会を開き、温泉の営業の再開を含む今後の方針について検討する予定である。,0
"アメリカの報道機関によると、調査結果はこの後、マダガスカルでの発見を証明するものでもあり、カナダからは、2007年に発見された同じダイヤモンド鉱床を調査した3人の発見者が同じように発見されている。マダガスカルの地質学的性格とその特徴は、2011年にもカナダの研究者が発見した。カナダのModel and Management and Matrixによって発表された「Device 390: Bioscope Boschare on the Maxillage.」という本によると、アフリカ、北大西洋、大西洋、南アメリカ、南アジアの4つの国で発見がなされている。マダガスカルはここには7つの大陸に分けられており、このうち、北中大連・北太平洋は、世界で唯一の面積の4,223平方キロメートルである。アメリカ大陸は南アメリカと南アメリカのみである。北アメリカのほとんどが地質地形学及び地質地理学上では広汎なものとされ、アメリカ合衆国および南アメリカ諸国と地域関係は、北アメリカに集中している。",2
気象庁によれば、27日午前9時（日本時間、UTC+9）に、台風第13号「タリム」が、フィリピン東の太平洋上で発生した。台風は28日午後6時40分に沖ノ鳥島の近海にあって、北西に毎時35kmの速さで進んでいる。9月1日頃、南西諸島から台湾、フィリピン北部に接近する見込み。,0
航空機は米国ジェットブルー航空の国内線旅客機を離陸し、同航空会社の社員が乗っていた。機体は空港内で、米国大統領だったビル・クリントンが搭乗する予定だった。米国は、21日午前8時（アメリカ合衆国太平洋夏時間、UTC+8、日本時間22日午前10時時）を予定していた。その後、飛行する飛行機のタイヤがパンクし、その後タイヤ交換のため飛び立つ途中で同じバーバンク空港で停止した。米国大統領だったビル・クリントンは22日午後2時すぎに同空港を離陸し、同空港の着陸した空港付近で爆発炎上した。機体は燃え盛るように墜落し、その後に空港内にいくつもの怪我を負った。,1
気象庁によると、台風20号「キロギー」(Kirogi)は、16日午前3時現在、南大東島の南南東約230kmにあって、迷走しながらもゆっくりと北上している。今後、進路と速度によっては、19日にも四国から関東地方に上陸する可能性がある。すでに大東諸島は強風圏にあるが、琉球新報は15日午後3時4分、北大東村では風は強いがやや穏やかな状態であると報じた。,0
1日、広島市のホテルで安倍晋三内閣官房長官が次期自民党総裁選挙への立候補を正式に表明した。同総裁選には谷垣禎一財務大臣と麻生太郎外務大臣がすでに立候補を表明しており、これで立候補予定者は3人となった。読売新聞、毎日新聞、日本経済新聞によると安倍氏は会見で、「美しい国、日本。」と題して憲法改正や教育改革、日米同盟強化、経済成長、税収増加と歳出削減によって財政再建を進めることなど13の政権構想を発表した。また、総裁に当選した場合森派から脱退するという。また読売新聞によると同日、自民党中国ブロック大会が開かれた。安倍氏は「再チャレンジ」可能な社会実現の構想、麻生氏は経済成長のために国からの支出を増やす構想、谷垣氏は消費税増税によって真っ先に財政再建を目指す構想を発表するなど、3者が主張を行った。朝日新聞によると現総裁の小泉純一郎首相は、「（3者の中で）一番気心が知れているのは安倍さん」として安倍氏を支持する考えを示した。自民党ウェブサイトによると、次期自民党総裁選は9月8日に立候補届出と告示が行われ、19日に約107万人の都道府県別党員による投票、20日に403人の有権者による審議が行われ、8月4日の衆議院本会議で候補者数558名、政党支持率5.3%、当選者数25万人、1人のみの議席数41議席である、という。,1
共同通信・日刊スポーツによると、2006年12月8日、この事件を巡る日本新聞協会からの依頼により、日本で最初に行方不明になった男性が誕生したとされる3人の女性のうちの1人の父親で、同年12月9日に死亡したと報じられていた女性（元長野放送アナウンサー17歳・17歳、元富士通プロデューサー23歳）の家族の知人が、12月12日午後、事件後まだ間もない状態ながら行方不明になっている事を知り、知人とともに自宅に戻った。2007年1月8日と12日には、事件前の約3か月の間、日本新聞協会会長や朝日新聞編集局長の中倉義則に加え、女性の長男と次女を除く3人の息子たち5人の行方不明事件が、全て発覚した。このうち、男性の長男が12月6日付毎日新聞のテレビ欄で取り上げられ、この日、男性に代わって、息子の次女の代わりに事件の調査に取り組むこととなった。2007年1月8日に取り上げられた女性の息子たちは、事件発生以来行方不明のままだったが、このうちの1人「竜桜君」が1月12日、11日の朝に父親の知人宅を訪れた際に、事件の容疑者として呼び出されている。しかしながら、被害女性の息子との繋がりと、息子と推定無罪判決を受けた男の実父については確定しておらず、事件発生前から何も分かっていなかったため、被害女性の息子が犯人である可能性は高くないとされている。このほか、2007年3月に被害女性の実父が「犯人として認められた」と発表した、男の実父と被害女性の息子を、被害男性の息子として、2007年3月2日に事件発生から2ヵ月後の同年5月3日に男の実父と容疑者との証言の聴取が行われて、2007年3月2日には被害男性の息子の実父である被害女性の息子の実父にも逮捕状が送られた。,2
毎日新聞と長崎新聞によると、1979年（昭和54年）4月、ソフトバンクが、総務省に携帯電話事業事業者の認定を申請していた。2009年（平成21年）4月5日、その申請に対し、ソフトバンク、イー・モバイルの合弁会社であるイー・アクセスへ一括で会社を譲渡して、ソフトバンク・モバイルが設立され、2010年（平成22年）3月11日に「NTTドコモ」が設立された。2010年（平成22年）10月1日現在※注：ソフトバンク（前身）時代に発売していて、ソフトバンクモバイルブランド以外での事業を行っていない端末の携帯電話としては、ソフトバンクモバイル、イー・モバイルを加えた6社7系統を示す。※注：イー・アクセス（株）やワイモバイルと通信方式を相互借り入れしている事業者は、ソフトバンク（前身）時代から引き続いて引き続いて引き続いて、ソフトバンクモバイル、ワイモバイルの2ブランドに端末（ブランド別ではなく、携帯電話事業者の通信事業者網）での事業を行っている。※注：総務省は、ワイモバイル（現：Yモバイル）、ケーブルテレビ事業者のAir Glasses（ワイモバイル社）以外のワイモバイルブランド以外での事業をおこなっていない事業者の販売価格の決定を行っていたり、その場合、ワイモバイルブランド以外の事業者やソフトバンクモバイルと通信回線契約を結んでいない事業者の販売価格の決定を行っていたりしていた。,2
読売新聞、日本経済新聞、日刊スポーツによると、スイス・ジュネーヴにあるワシントン条約事務局は3日、オオチョウザメなどチョウザメ類の卵で世界三大珍味の一つとされる天然キャビアの国際取引を当面禁止すると発表した。事務局はロシア、イラン、アゼルバイジャンなど主要輸出国であるカスピ海沿岸諸国と、2006年分の輸出割当量の調整を行ったが、規制基準となる2004年の輸出割当総量147トンを下回るように調整していた事務局と各国の申請した輸出割当て量と間で調整が付かず、事務局は取引禁止の緊急措置に踏み切った。各国の申請した2006年の輸出割当量の総量は2005年を下回っているものの、事務局はチョウザメ類の密漁や乱獲に伴う生息数減少を正確に反映していないと批判している。日刊スポーツの伝える共同通信によると、事務局はさらに、チョウザメ類の保護計画を各国間で策定すべきだと指摘しているという。ロイターによれば、闇市場におけるキャビアの取引が毎年数100トンあり、これが合法的な市場にも匹敵する量であると、指摘されている。自然保護団体は、1970年代後半以来、チョウザメのカスピ海における生息数が、乱獲のためおよそ90%も落ちていると見積もっている。今回の禁輸措置は期限などを定めていない。読売新聞は禁輸処置がキャビアの価格高騰につながる恐れもあるとしている。読売新聞によると、2001年にも密漁によるチョウザメ類の減少によって一時的な禁輸措置を行ったが、結果として国際的な価格高騰を招いただけで、密漁の抑制にはつながらなかった経緯がある。ロイターによればキャビアを扱う主要な会社のひとつであるペトロシアン社のアーマン・ペトロシアン社長は、輸出割当量の保留が「漁も取り引きもない」時期に来たと語った。漁のシーズンは2月下旬に始まるが、大量に消費されるのはクリスマスシーズンであり、まだ時間的な余裕がある。また、ペトロシアン社長は「非合法な市場が増加していることが本当の問題だ」と語った。なお、日本経済新聞によると、今回の措置で禁輸となるものは天然キャビアで、養殖物は対象外となる。,0
日刊スポーツによると、1996年の平塚市議会で木原さんは、平塚市内の病院に入院していた際、「今から帰って、病院で休んどるから、早く帰ってね」と声をかけられ、「え、なんで？、僕が平塚に住んでる時に、病院に行ったじゃん。もう、何年も一緒に住んでるじゃん。」と言うと、その場で「わかったよ、帰る」と言ったという。1976年、日本水泳連盟と読売新聞の報道によると、東京都庁が1976年10月に実施した「平塚市への寄付」など、全国のスポーツ団体に寄付をして寄付金1千万円を集めたことが判明。,2
秋田さきがけによると、同年1月24日、読売新聞の「読売新聞2014年1月27日」（27.00.22.26）でも、日本テレビ系列『土曜プレミアム』の公式サイトで「クレヨンしんちゃんの失踪騒動から1ヶ月で真相へたどる」との見出し文句が掲げられた。そして、これらの騒動の中、1月31日付『読売新聞』2522号（27.00.22.26）では、「『クレヨンしんちゃん』の「3・18」に臼井儀人さんのことが載っていないと、それはデマだとしか思えない」と、クレヨンしんちゃんを批判しているが、読売新聞と朝日新聞は「『クレヨンしんちゃん』に載っていないのはウソなのか」と困惑している状態である。2012年6月30日 (日) 21:36 (UTC)1月25日に朝日新聞で、「『世界遺産・千日紅山麓遺跡 ~日本遺産登録の歴史』にクレヨンしんちゃんが載っている」と書いて、「世界遺産・千日紅山麓遺跡 ~日本遺産登録以前の千日紅山麓遺跡。209年に千日紅山麓遺跡として世界遺産に登録されました。この遺跡は3世紀に栄えた千日紅山の麓に位置する、千日紅山の麓を中心とした場所に建設されました。」という記事が掲載され、その時についても朝日新聞が「クレヨンしんちゃんの「6・11」に千日紅山麓遺跡の写真が載っていればよかったはずのものが、何故か載っていない」と、抗議している。同年4月8日に読売新聞で、「『日本遺産に登録後の歴史の中で』、『『クレヨンしんちゃんはどこまで本当のクレヨンしんちゃんを貫いたのか』は大きな疑問』」という見出しで、「『『クレヨンしんちゃん』の「6・11」にクレヨンしんちゃんが見せた「6・...11」は大きな疑問であった』」といった論説を掲載し、この記事が「朝日新聞はクレヨンしんちゃんを嫌う理由も、「クレヨンしんちゃんの中の日本」を嫌う理由も、そこにも言及がなく、朝日新聞には大きな疑問を抱いている。」と抗議。新聞各社も朝日新聞に抗議する姿勢を見せている。,2
2017年8月8日 (UTC+9)、台風5号の影響で開幕が一日順延していた第99回全国高等学校野球選手権大会（夏の甲子園大会）が阪神甲子園球場で開幕した。開会式の入場者数は2万4千人。入場行進は名護（沖縄）の山下明弘主将が先導を務め、昨年の優勝校・作新学院（栃木）を先頭に北から南の代表校が行進した。選手宣誓は滝川西（北北海道）の堀田将人主将が49校の代表として「真っ白なボールを真っ暗になるまで追い掛けてきた全国の高校球児の思いを胸に、最後まで諦めず、正々堂々と全力でプレーすることを誓います」と宣誓した。開幕式後、大会一日目の3試合が行われた。開幕戦となる第一試合は彦根東（滋賀）と波佐美（長崎）が対戦。試合は2回表に波佐見の4番・内野が大会第1号のホームランで先制するも、2回裏に彦根東の9番・太田の犠打で同点にするなど、激しい点の取り合いとなった。彦根東は1点を追う9回裏に連打で同点に追いつくと、2死一、二塁で4番岩本がライト前ヒットを放ち、これがサヨナラ打となり、5対6で彦根東が勝利した。彦根東は4年ぶり2度目の夏の甲子園出場で初勝利となった。滋賀代表が初戦を突破したのは3年ぶり。第二試合は済美（愛媛）と東筑（福岡）が対戦。済美は2点を追う5回裏に橋本の3ランなどで逆転し、6回裏の亀岡の2ランなどで東筑を突き放した。試合は4対10で済美が勝利した。第三試合は同じ東海勢で初出場同士の藤枝明誠（静岡）と津田学園（三重）が対戦。一進一退の試合展開で、津田学園は延長11回裏に2死一、二塁から宮木が藤枝明誠のセンターを越えるサヨナラの二塁打を放ち、6対7で試合を制した。,0
読売新聞・時事通信によると、2020年3月1日に東京都は新型インフルエンザのリスクが高い「重症化予防」の考え方を検討するため、「新型コロナウイルス(COVID-19)の感染予防」を求める国民委員会の委員長と意見交換することが明らかになった 。この国民委員会は東京都ではなく、日本赤十字社が設立した「新型コロナウイルス感染症緊急対策地域」である横浜市に設置され、国民委員会側の検討で決定された。日本赤十字社はこの委員会を支持しており、当初検討した「新型コロナウイルス感染予防」の考え方を変えたいと表明した。なお、横浜市は2020年5月1日に発表した「横浜市について」の中で横浜市を「緊急時の民間人の受け入れ先」に決めたとのコメントしている。日本赤十字社側の見解をまとめると：。,2
"この試合は山井が8回まで1人のランナー・ヒットも許さない完全試合ペースだったが、9回に岩瀬に継投。その岩瀬も3人を抑えて継投ながらも日本シリーズ初の完全試合で日本ハムを完封したものである。日刊スポーツによると、一方の中日打撃陣は2回に1アウト2塁から平田が犠牲フライを打ち1点を先制し、それを守った。朝日によると、このシザーバックに対して「ちょっと怖い監督」と評する声も一部ではあるが存在した。この日の試合後、岩瀬の右腹斜筋の内転筋断裂から来たらしく左脇腹の張を痛めたため、翌10日の試合前の試合中に試合を休みたいという申し出を球団が認めている（岩瀬と同じく肩関節挫傷による）。この日の試合で阪神戦が始まる前に、阪神タイガース球団代表の山本尚雄監督が2回に1ストライクから4メートル走、1ストライクから1ストライクにかけてのタイミングで左脇腹を軽く切り裂き、左脇腹の損傷を心配・様子見した後に再びかく、9回表、2イニング目を取り消して2イニング目からの継投を認めない代わりに14歳8か月の少年野球資格を1年間保持していたことを認めるという処分を行った。このため、阪神タイガース球団代表の山本尚雄監督は翌年5月に、この試合の対戦チーム監督は中日球団代表の井上光隆であったこと、この試合で阪神・阪神で先発し甲子園球場で開いていた試合は「日帝ナイトゲーム（""Next Miniam""）」と報道された件、そして、「審判員の判定にもとづく」この試合に於ける野球審判権は、中日球団のみ、と報道されたこと、を理由に「この試合の審判員が判断する場合に適用された」として、野球関係者に対して一切の処分を行わないものとした。",1
共同通信によると、この火事で、同店の経営者の根本藍美さん（27歳、同市広畑区才在住）が死亡し、店内にいた店の従業員や客3人が重軽傷を負った。共同通信によると、兵庫県警網干署は火元の建物、約50平方メートルを自宅に放置して逃げまどったり店を出入り禁止にした疑いが持たれている。兵庫県豊岡市で起きた火災は、新在家・網干地区の147軒に登り、全焼した。3月21日に起きた熊本地震（熊本市）、3月22日に起きた平成22年熊本地震（熊本市）にも似た大きな火災は288軒に波及。,1
大阪日日新聞によると、NHKが2011年7月24日に予定していたBS衛星テレビジョン放送の完全デジタル化への移行を同年4月1日に繰り上げる方針を決定したことが5月29日までに明らかになった。大阪日日がNHKの発表として紹介したところによると、現在BSアナログ放送の視聴世帯は推定で500万世帯弱だとされている。NHKは地上波と同時期にBSの完全デジタル化をする予定としていたが、地上波のデジタル化が進んでいて認知されているのとは対称的にBSはアナログ放送が続くものと誤解している視聴者も多いので、移行時期を繰り上げて周知徹底させる方針にしたという。このため、2011年4月以後BSを視聴するにはBSデジタルのチューナーが必要となる。また地上波の放送が見れなくて、BSアナログを見る難視聴対策地域にはBSデジタルチューナーを無償配布することを検討している。中国新聞によると、その対象世帯は離島や山間部など数千世帯になる見通しで、今年3月開始された地デジ難視聴対策放送での衛星を利用した地上波放送の視聴もできるようにすることを検討している。大阪日日によると、現在BSデジタル放送はBS第1テレビ（BS-1）、BS第2テレビ（BS-2）の標準画質放送+ハイビジョン専門チャンネル（BS-hi）の3チャンネル体制であるが、これをハイビジョン画質による2チャンネル体制に見直し、BS1は報道を中心としたもの、BS2は娯楽・教養番組を中心として編成し、BS2の地上波の難視聴対策放送は廃止される予定である。,0
スポーツニッポンによると、この2人は6月22日から試合を行ったが、22日は第4セットまで45ゲームを行ったところで日没サスペンデッド（中断）。更に第5セットを行ったあくる23日の試合はタイブレーク制となり、コートの途中で試合が始まるが、日没時間ギリギリまで試合にならず、コート自体が真っ暗になる中でイスナーはストレート44秒の大熱戦を展開。34-31とスコアはイスナーが27-21、マユが26-20で圧勝するも、ここから先に進めずに終わった。これは公式戦では、4時間49分もの長さに及ぶ大熱戦となったものである。最終セットの第6セットでも1時間27分の長さに21分近く達していたが、それ以上の差でマユがタイブレーク制を脱し、120分を超える11時間15分の大熱戦が決着する。公式記録全豪オープン・全仏オープン・ウィンブルドン男子シングルスベスト8進出者,1
読売新聞によると、和歌山県の発注工事に関する談合で、下水道工事の入札の受注に関与したとして、11月15日夜、木村良樹容疑者（54歳）が競争入札妨害の疑いで大阪地方検察庁に逮捕された。読売と朝日新聞によると、木村容疑者は2004年11月に行われた紀ノ川中流域下水道・那賀幹線シールド工事の入札の際、大手ゼネコン・大林組の元顧問（64歳）や元和歌山県出納長（60歳）らと共謀して準大手ゼネコンの熊谷組の共同事業体（JV）に受注できるようの便宜を図り、公正な競争入札を妨害したとされている。また読売によると木村容疑者は2000年から2004年にかけてトンネル工事の談合を行ったとして再逮捕された元ゴルフ場経営者の井山義一被告（54歳）から海外製高級腕時計を受け取っていたことなど、井山被告から木村知事に対する謝礼を贈った事などによる贈収賄の疑いももたれている。なお、木村容疑者は既に辞意を表明している。,0
東京新聞、日刊スポーツによると、何をされているんだ」と抗議があり、1978年に「神道の教え」を教えた人がいるという。1979年、この時点での信者らによる集団暴行事件は、約30人だった。一方、1985年までにある4人の死亡事件が報告されている。「神道の教え」を教えた4人のうち、17.8人は神道系の宗教団体に加入していた。中国新聞の報道によると、「神道の教えを広めた人は一人もいない」として、神道系の宗教団体とは無関係の宗教団体に加入した、と指摘した。,2
産経新聞によると、該当選手はヴィッセル神戸にいた2001年9月、神戸市西区のマンションにいる20代の男性部屋に侵入し、男性宅に侵入する男性が持ち込んだ洗濯物などの物品を盗んだため、女性が「男の人」や「浮気されている」などと話す中、そのまま部屋の外へ追い出され、部屋を出た際に男性と口論になりそうになるなどして帰ってこないということだったという。またこの部屋に女性の同僚が住んでいたが、この男性とも口論になったうえに、女性には逃げられてしまう。部屋の様子は新聞で大きく報道され、部屋の中に男性社員が大勢いるなども報道された。なおこの部屋には20代から50代の男性と10代の女性が部屋に入っているなどとのことだった。日本サッカー協会公認会計士の長尾祐二氏によると、この事件の被害者は女性同僚の部屋に入っていたことが証拠として残っている。,1
17日、国際陸上競技連盟（IAAF）は、カタール・ドーハで12日に開催されたIAAFスーパーツアーミーティングの男子100m走決勝で、アメリカのジャスティン・ガトリン選手の記録9秒76を、9秒77に訂正し、世界新記録ではなく、世界記録タイであったと発表した。9秒77は昨年、ジャマイカのアサファ・パウエル選手が出した記録と同じである。朝日新聞によれば大会での計時を請け負ったスイスの時計メーカー・ティソからの報告で判明した。サンケイスポーツによると、この競技は電子計時により計測が行われたが、それによればガトリン選手のタイムは9.766秒であった。この場合、IAAFの規定では小数第3位を切り上げて9.77秒とすることになっているが、誤って切り捨ててしまい、9.76秒としていた。,0
。官邸のウェブサイトと衆議院及び参議院の動画配信で分かった。官邸が掲載した演説内容によると、麻生首相は演説冒頭において、強く明るい日本を目指し、日本人の力を信じて悲観しないことを述べ、現在ある課題について、「日本経済の立て直し」、「暮らしの安心」、「政府の効率化」、「地域」、「環境問題」、「外交・国際貢献」の順で6項目として取り上げ、自らの主張を行う姿勢を示したうえで、「26日朝に総理大臣交代の可能性があることをお知らせします。 また、24日昼ごろに東京都庁を視察し、総理大臣交代の可能性を強く主張したいと思います。」と、総理府としても重要な発表をする決意を表明した麻生太郎首相、中山道の批判について 中山道の批判が公文書を使いにくくしたり、警察が警備を強化していると批判するなどして、問題の根本が修正されることはなく、また警察官の対応に関しても、批判と非難の両方から批判をするものとして、批判は、むしろ批判と批判ではないと批判する一方で、それらの批判の多くが批判であったと批判する意見がある中山道の批判に批判的であるのに対して、日本政府が責任を問おうとする姿勢を求めがちである,1
毎日新聞・産経新聞によると、日本勢が開催国として初の五輪メダルチーム入りを果たした男子の種目でもあり（1966年メルボルンオリンピック男子100m・100mリレー、1980年モスクワオリンピック男子100m・100mリレー、1984年シドニーオリンピック男子100m)、メダルチームとしての日本人女子の五輪メダル獲得数は史上最多（1969年リレハンメルオリンピック男子500m・1000mリレー）となった。女子の五輪は、89年、111年、112年に4度の五輪を成功させた鶴見選手の5人目で通算8度目となるが、鶴見選手の5人目は1971年リレハンメルオリンピック男子100m・1000mリレー銀メダルの中村千聖、1974年リレハンメルオリンピック男子100m・1000mリレー、1924年世界陸上北京大会男子100m・1000mリレーの中野好美姉妹以来6人目。男子団体戦の団体別の総合成績にも影響をもたらしたが、日本人競技は、この年の開催地である東京・後楽園ホールと2位の横浜アリーナで行われた。団体戦優勝1チームと団体銀メダル4チームと個人銀メダル2チームが対象で、うち銀メダル2チームが出場した。男子団体戦の1位（1位8チーム、4位4チーム）は70年代の全日本チームとしては最多の2位（1位6チーム、3位8チーム）のチームが入っている。,2
沖縄タイムスによると26日、高校日本史教科書の沖縄戦の集団自決に関する記述の検定問題で教科用図書検定調査審議会長の杉山武彦（一橋大学学長）と渡海紀三朗文部科学大臣が会談し、審議の報告書を渡した。同新聞によると審議会は集団自決について「日本軍に強制させられたという記述は誤解を招く恐れはあるが、住民が自決を追い込まれたのは確かだ。」として「日本軍に強制的にさせられた」という記述ではなく「日本軍によって集団自決を追い込まれた」という記述を容認した。これによって教科書6社が発行した8冊の訂正申請は認可されることになる。同新聞によると福田康夫首相は26日、「わたしは専門家ではないのでこの結果が良い悪いとは言えない。しかし、沖縄県民の思いは重く受け止める。」と話した。しかし、この結果に一部からは不満と憤りの声が上がった。高校生たちも「体験者が強制させられた感じが否定された。」「これから学ぶ高校生に誤解を与える。」と怒りをあらわにした。読売新聞によるとこの問題は9月29日に起きた参加人数11万9000人という大規模の記述削除を抗議する沖縄県民大会を受けて10月に渡海文部科学大臣が教科書会社の訂正申請を受け入れると表明したことから起きたものである。,0
気象庁並びにアメリカ海軍台風情報センターによると、この台風はフィリピン南部のミンダナオ島の東、パラオの西にあって、西に進んでいる。今後フィリピン付近で最大52ノットで東に進む見込みで、8日にかけてフィリピン南部を通過して、フィリピン海上のほぼ中心付近（西経23度52分付近）にまで接近する予想であるという。なおこの台風は、東シナ海西部を通る「東シナ海上雷雨」に命名された。この台風について、台湾付近で発生した台風15号の影響による大雨を避けるため、現地時刻の午前10時50分頃より、日本付近で前線が停滞する影響により、台湾周辺の前線近傍で集中豪雨により河川の増水または氾濫と大雨に強いと思われる河川に警戒を呼びかける避難勧告が出されるようになった。また、フィリピン付近で発生し前線から56Kマイル (89K km) も相当離れた、西・東シナ海に停滞する前線上に発生した台風でもある。,1
毎日放送によると放送人権委員会と放送番組等権利者との間で交わされた返答は、放送人権委員会が第156回青少年委員会で公開した報告書および放送番組等権利者から提出された報告書に収録された。放送番組等権利者の代表である放送人権委員・放送番組等権利者連合会会長の中村正美は、「放送番組を作ることは児童のためになっている。しかし、番組作りには児童の人格尊重に資することが第一に求められる。放送番組に関する教育に協力してほしい」とコメントした。なお、放送番組等権利者連合会会長である中村公義は、「『児童たちを守りたくて、学校行事の機会に児童たちを呼んで保護してあげたい気持ちは私たちにもあるが、まずは放送番組を作らなければいけない。放送番組が出来たら、私たちが児童たちに放送番組制作の協力もしてもらいたい』と委員会を立ち上げた時点で、放送番組等権利者の方々の意見を聞いて、私も児童たちを保護する必要性を感じ『そういう方向で動くことが児童保護の良いところ』とは感じた」と記した。こうして、放送番組等権利者連合協議会は3月16日の放送人権委員会と放送番組等権利者連合会との共同の答弁のうえで放送法改正の必要性を明確にした。答弁でも放送法で児童福祉を最優先とし、児童を保護する必要性を定めつつも、児童福祉に対する問題が多い放送番組等権利者連合会に関しては、「児童を保護するために放送局等が持てる能力を使うことはもっとも」という理解を表明した。この答弁により、放送法に規定されている「児童を保護する義務」を怠ったわけではないことを明記されている。このことは児童に対する差別につながる。,2
日本の小泉純一郎首相が、17日午前10時過ぎ、靖国神社を参拝した。NHKの映像によれば、小泉首相は黒のスーツを着用、拝殿の前で手をあわせて深く頭を下げ、しばしそのままで黙祷し、参拝をすませた。神道の礼拝の型である拍手を打つなどの所作は行わなかった。またNHKによれば、例年と違い、記帳も「献花料」をおさめることもしなかった。首相は年に1度の頻度で参拝しているが、北海道新聞によればこの日を選んだのはこれまでの多くの首相が例大祭に参拝しているのが理由とみられる。NHKによれば首相側は公式なものではないとしている。日本遺族会会長の、自民党の古賀誠・元幹事長は、「秋季例大祭の初日に参拝していただくということは、全国の戦没者の遺族、また遺族会にとって、たいへん喜ばしい。遺族会として、8月15日の終戦の日の参拝にこだわっているわけではない」と述べた。また産経新報は、小泉と深川の2人の関係に関し「何らかの関係があると思う。現在の関係ではない」と述べた。日本国憲法第10条により、この年の秋季例大祭では、11月26日の終戦から5日後の4日以内に、各省庁の長たる内閣総理大臣に、その旨を陳情するための「総理大臣賞状」が送付され、内閣総理大臣が、その者に対し、国政選挙運動の際に、最高裁判所が、内閣総理大臣を選出する基準に照らし、「総理大臣賞」を授与する。内閣官房長官が賞状に付されている「内閣総理大臣賞」「大臣賞」のうち、最高司法警察法人内閣総理大臣賞とは別の「大臣賞」である。,1
雑賀忠夫球団社長は会見で「前川元投手の今シーズンの契約満了に伴う今後のキャンプの準備と、球団の将来を考えて」と明かす。20日、同球団監督の井川の妻は「会社の責任として今後は徹底している」と不満を口にした。2013年1月２日、2011年1月2日に野球を辞めてから半年近く経った昨年の春、再び元の仕事を探していた際に、以前からの知人である東京スポーツの取材で、ヤクルト時代に同僚だった高梨を思うに付き、野球に対する自分からのメッセージを求めたことが、今の自分の中で答えへと導き出された。,1
産経新聞によると、大阪府の橋下徹知事が代表を務める『大阪維新の会』（以下、「維新の会」）府議団が提案した同府施設における国旗の常時掲揚と、同府内の公立学校の教職員に対し国歌斉唱時の起立を義務付ける日本全国初の条例案に関して、府議会本会議は6月3日（UTC+9）に、議会の単独過半数を占める『維新の会』などの賛成多数で可決・成立した。産経新聞によると、公明・自民・民主・共産の各会派は条例案に賛成しなかった。朝日新聞によれば、条例案に対しては、賛成が59票、反対が48票。自民党の府議の1人は退席した。正式な条例名は、『大阪府の施設における国旗の掲揚及び教職員による国歌の斉唱に関する条例』。内容は、同府内の公立小・中・高校などに於いて実施される学校行事で『君が代』を斉唱する際に、「教職員は起立により斉唱を行うものとする」と定めた。同府立学校など府の施設に於ける日の丸の掲揚も義務化することとした。産経新聞によると、条例の目的としては、(1)次代を担う子供が、伝統を尊重し、日本と郷土とを愛する意識の高揚に資する、(2)学校における服務規律の厳格化を図る、などとした。条例には罰則規定は設けず、府内各市町村教委の服務の監督権限を侵すものではない、との条項も設けている。産経新聞によると、橋下知事は、職務命令に従わないことを繰り返した場合における職員の処分の基準を明確化した条例案を、9月府議会に提案する方針。また、研修を経てもなお職務命令に従わない場合には、免職の方向で検討するとしている。朝日新聞によると、『君が代』の斉唱に関しては、これまで各都道府県教委は、各学校に対し、国旗・国歌法や学習指導要領などを根拠として、起立斉唱を文書で指示。校長が起立を拒む教職員に対して職務命令を発し、各教委が命令に従わない教員に対し処分を実施してきている。大阪府教委も、2002年から各学校に対し指示しており、大半の教職員は起立斉唱を行なっているのが実態であるという。産経新聞によると、橋下知事は同日午前に、「9年も前から、教育委員会が、国歌斉唱時に起立するよう定め、校長が指導してきているのに、未だに従わない教員がいるのは由々しき事態であり、公務員の規範を示す条例を定める必要がある」とコメントした。産経新聞によると、最高裁は5月30日に、都立高校の教諭（当時）に対する国歌斉唱時の起立命令について、合憲であるとの初判断を示している。,0
読売新聞九州版によると、今後は株式公開買い付けの実施により、富山化学工業、大正製薬などの一部企業を除けば、資本政策を安定化させることが条件である。富山化学工業（富山化学）は、1920年（大正9年）、同事業の設立第2代社長に富岡義朗を迎え、翌1921年（大正10年）に設立。設立の背景には、新薬開発で莫大な利益を上げたこと、その利益を海外事業に投資することを望んだものがあり、日本とイギリスとの相互資本関係を強化するよう望んだ。,2
アメリカ合衆国上院本会議は7日（UTC-4）、同性結婚を禁止するアメリカ合衆国憲法の修正案を採決しようとの動議を否決した。採決にかけるために動議を可決するには60票必要だったが、賛成49に対し反対48、棄権3（読売による）だった。また、上院が修正案を可決するには3分の2を超える67票が必要だった。さらに修正案が成立するためには、下院での3分の2の賛成と、州の4分の3（38州）の承認が必要だった。一部に英語版ウィキニュースの抄訳を含みます,0
NHKの大相撲中継によると、1922年から1933年にかけては、「巨人の冠スポンサー」としての巨人戦の中継は11年連続で打上げを達成した。その後の巨人戦は、中継先を巨人ファンや巨人ファンのファンが応援したり、巨人が球団のスポンサーだったり、あるいは日本放送協会（NHR）からNHKに放送されるなど（現在は視聴者からスポンサーが入れられる）、選手は視聴する機会が多く、21歳以下の選手のみの中継は2004年以来なくなった。2008年の阪神戦中継は48%で、日本野球の歴代番組で5番目（巨人の1位は阪急ブレーブス）。また、横浜や大阪を含む関西圏の球場でも行われ、2012年まではNHKのプロ野球中継や、読売ジャイアンツの日本プロ野球の試合などで使用された。日本野球機構(NPB)と横浜DeNAベイスターズは、1996年度まで巨人の中継を日本放送協会(NCI)のプロ野球中継を使用することで、視聴の可否で調整していた（2008年は、2005年のNHKの開幕戦から引き継ぎ、「プロ野球をテレビで見たい」と巨人の応援に駆けつけている）。しかし、プロ野球中継でNCIの試合を使うには、NHKの登録選手のうち、現役プロ野球選手でなくてはならない（選手によっては選手登録選手も含まれる）。2020年2月4日、読売ジャイアンツの選手が、プロ野球中継で日本野球機構(NPB)とNCIカップを観戦するときにテレビ中継で使用する、公式試合の中継を日本テレビから読売テレビに変更することを発表した。同年3月10日、読売ジャイアンツはシーズン中に試合を行った選手（特に巨人の主力選手）の「公式戦」の映像を、放送で使用できる新たな映像を使用するとの発表。「公式戦」は現在はTwitchのゲームと連動して行われている。2030年から2920年まで、NHK以外の放送局では日本に居住する外国人選手による試合として、野球中継を予定している局が多く存在するのに対し、プロ野球の中継は行われていない。テレビ中継のため外国人選手も出場するが、読売ジャイアンツのみ2つのチーム戦で対戦することはできない。,2
デンマークのメアリ皇太子妃は、15日現地時間午前1時57分頃（欧州中央夏時間、UTC+2、日本時間8時57分）、コペンハーゲン大学病院で男児を出産した。母子ともに健康。赤ちゃんは3.5キログラム、身長51センチ。フレデリック皇太子をはじめとするデンマーク王室や国民、世界のいろいろな人が待ちわびた出産だった。メアリ皇太子妃の妊娠は今年4月25日に公表された。公表後、生まれてくる子どもの性別を多くの国民が憶測した。デンマークは男女とも王位継承権をもつが、同等の地位の男子がいる場合、男性が優先する。このため、生まれてくる子どもが女性であれば王位を継がない可能性があり、一方、男性であれば将来王位を継ぐことがほぼ確定する。皇太子妃は9月中旬に子宮収縮を感じるようになった。皇太子夫妻は、生まれてきた王子の名が変わったことを心配している。2017年1月11日に、フレデリック皇太子とメアリ皇太子は、イギリス、スコットランドの首相官邸で行われた。,1
共同通信・日本経済新聞によると、1994年、日本骨髄バンクシステムズ協会(JADA)は日本の骨髄バンクに対して「ドナーを募るなら年に十数回まで」と定めた「骨髄ドナー制度」を創設した。骨髄ドナー制度の創設に、日本赤十字社を通じて東京都の献血者団体である血液型補完用骨髄ドナー協会と日本赤十字社が協力することになった。2002年の骨髄ドナー制度には、神奈川県、千葉県、埼玉県、茨城県の献血者団体からも協力を得た。献血者が献血先を選びかつドナーを選定するための手続きが「血液型検査」と呼ばれる。献血者の個人情報を記録することでドナーを選ぶ仕組みは後のドナー制度や血液型制度に発展していく。これらの制度で認証されたドナーは、献血結果やドナー自身の血液型表、ドナー自身の個人情報を照合することが求められる。2004年、日本赤十字社はドナーについて2006年に3万4千人が登録すると発表している。2007年、日本赤十字社は新型コロナウイルス感染症予防を目的として6万人が登録すると発表している。日本赤十字社が2007年中に実施する活動には、骨髄バンクのドナー登録者数を増やすためのものもある。,2
統合が実現すれば両社の連結売上高を単純に合算すると13兆1500億円（2009年3月期決算見込み）となり、世界でも第8位クラスの石油会社になるという。国内の石油元売り業者同士で合併・統合されるのは1999年に旧・日本石油と三菱石油が合併（現・新日石）以来10年ぶりとなる。また、当ウェブサイト（ウィキニュース日本版）によると新日石は今年10月に九州石油との経営統合を行ったばかりである。また、新日石と新日鉱は資本等の基本合意に至らなかったため、12月23日（UTC+10）、これに先立つ新日石と新日鉱の新会社設立登記（2009年3月29日）の際に、日本鉱業の持つ資本金に合わせて新会社の設立登記を取得している。新たな会社分割は1001年（明治34年）、新日石は1911年（明治44年）12月12日に合併（現・新日石）を完了した際に、新日石が保有する新会社設立登記（1618年9月1日）から2年後に取得したもので、新日石側からの説明もなく、新日石に経営権が譲渡された形となる。,1
1月3日の報道機関各社によると、2006年5月、2005年から続いた「サッカー日本代表候補選手選考委員会」（以下「JAFSCO」と略記）で「2017年のJリーグ開催の際、その年のJリーグのチームの監督がJAFAに登録するまで21年。JFAからの登録が決定すれば、JAFSCOは今年度Jリーグのトッププレイヤーの名前を全て、2017年のJリーグチームに登録することを決定した」と発表。この決定をうけて、ジェフ千葉・市原がJFA公認のコーチに就任。第9回JFA全日本サッカー選手権大会(JFA Athlete Gym)で最終登録され、翌年度からは第1回JFA全日本カップでJFAの選手に初めて選出されるため、ジェフ千葉は4年ぶりのJリーグ挑戦となる。JFAから公式戦に進出したのは2006年のトヨタカップ以来17年ぶりであり、それまでJリーグの監督が公式戦で先発した試合はJ1昇格プレイオフ（J2リーグ）のみだった。また、JFAから公式戦に進出したのはJ2リーグのチームがJ2に降格した1年目が唯一である 。2017年は全試合で10試合に出場したが、シーズン終了後、チームはJFA TOP ADR（Aランクの選手の中よりJリーグ加盟年度間無し）からJFA TOP B（JFA Athlete Gym）への降格となり、ジェフ千葉はこれ以降公式試合での出場はない。,2
産経新聞によると、報道関係者の会見に応じた山中啓司本店料理長は「湯木正徳前社長が『もったいないので再利用しろ』と指示し、5-7年前から常習的に行っていた」ことを認め、商品の足りない時に使いまわしを行っていた。また1月に営業が再開されてからはその再利用の行為は一切行っていない事もコメントした。また朝日新聞の別記事によると、この使いまわしの行為は「調理場で殆ど全員が知っていた」といい、また「やってはいけない事をやっていたという意識があった」との内容だった。さらに山中は客の使いまわしが少ない時期、客の料理を出しても客が食べ終えるまで調理の指導は行わないという徹底ぶりだった。2009年の営業再開後、この手の営業行為を止められなかった客が続出し（一部の客はメニューが増え、1月には「もうちょっと残して下さい」と伝えるなどで「このままだと客が減ります」と発言するなど）、営業行為に対する反発が高まっている。また客が食べる直前にしか食事をとらないというのが、客に対する態度とも言われていた。また、2014年10月7日、同業者・米澤正晴が店を訪れた際、米澤から「客に少ない」「客がいなくなると客が減る」ことは客に対する客への不満がある証拠だと、米澤は記者会見で答えたといわれている。また米澤は、1998年に吉兆の店で料理の提供を始め、2000年8月には大阪吉本の店から料理を提供していたが、店も店で商品の提供も全くしておらず、また米澤の客には「俺の物と同じ（商品を客が持ち帰ることは当たり前）」との感覚があったことから、米澤は客が多く訪れる店で「俺の料理」の宣伝をし、客は食べ残しが増えていた。米澤は客に「（客自身の商品を「俺の料理」と考える）客がいないから」と言い訳していた。そして米澤はこの問題について米澤の店を1日でも早く閉めてしまおうと考えていたが、客がそれを許すことは無く、米澤はこの問題は客の方が正しいと考え、2001年1月9日に「今後1年以内に閉店させていただく」と明言したが、米澤が営業をやめたことによる「客の不満」が、更に客を苦しめた。,1
毎日新聞によると、アフリカ南部のジンバブエのジンバブエ準備銀行（中央銀行）が2日、通貨であるジンバブエ・ドルを12桁切り下げるデノミネーション（通貨呼称単位の変更）を発表した。同行は、新たに1ジンバブエ・ドル札から500ジンバブエ・ドル札の7種類の紙幣を発行し、2009年を経済危機脱出の転換点にしたいとしている。CNNによると、同行は今回の12桁切り下げ以前の昨年7月にも10桁切り下げを行っていた。し、今回は8月に10桁切り下げで再挑戦した。2009年は3年ぶりの新通貨切り下げとなる。2年後の2020年1月には1500億ジンバブエ・ドルを導入する計画が報じられている。,1
時事通信によると、10月20日午前0時15分（UTC+9）頃（共同通信によると同日午前0時20分（UTC+9）頃）、東京メトロ丸ノ内線本郷三丁目駅（東京都文京区）で、停車中の電車の車内で缶が爆発した。共同通信の報道では、乗客14人がやけどなどの軽傷を負っているという。時事通信が警視庁本富士署や東京消防庁の話として伝えたところによると、強アルカリ性の業務用洗剤を浴びた事により乗客が負傷したと見ている。時事通信による同署への取材では、乗客である20代の飲食店勤務の女性が、アルミ製でふたの付いたコーヒー缶へ、強アルカリ性の業務用洗剤を入れて持ち帰っていたという。女性は「自宅の掃除をするために勤務先の飲食店で分けてもらった」と話していた。なお、共同通信によれば、缶を持っていた女性も負傷し、病院へ搬送された。缶が爆発した要因について、時事通信が同署へ取材したところ、女性が所持していたアルミ缶が中に入っていた洗剤と化学反応を起こした事により爆発したのではないかと見ており、同署は洗剤やアルミ缶に対しても鑑定を進めている。,0
日本経済新聞などによると、米国時間9月5日、アメリカ・Apple社が自社のデジタルオーディオプレイヤー「iPod」の新製品である「iPod touch」など3機種を、現地で開催されたスペシャルイベントで発表した。同じく日本時間の9月6日には、アップル社の日本法人が東京都渋谷区で開かれた記者会見で同製品を発表した。iPod touchは、3.5インチの液晶画面を指で触って操作するタッチパネルを採用している。このタッチパネルは、Apple社が米国などで先行して発売し驚異的な売れ行きを見せている携帯電話機「iPhone」（日本では未発売）と同じもの。その他の機能もiPhoneと類似しており、iPhoneから通話機能を外したようなものである。802.11g/bの無線LAN機能、「OS X(Mac OS Xのサブセット」を搭載し、ブラウザ「Safari」も完備。Wi-Fi（ウァイファイ）という無線技術を利用してインターネットに接続し、ウェブサイトを閲覧したり、パソコンを介さずに「iTunes Wi-Fi MUsic Store」へ接続して楽曲を購入することもできる。音楽配信については、各国で運営しているサービスと楽曲や料金は変わらない。データの保存にはフラッシュメモリーを採用しており、8Gバイトで約1750曲、16Gバイトで約3500曲が収録可能。また、音楽の配信事業において、コーヒーチェーン大手の米「スターバックス」と業務提携すると表明。米国内の店舗でWi-Fiを使用できるようにし、店内で流れているBGMをその場で購入できるサービスを始めるなど、売り上げの4割を占める音楽関連事業の拡大を見込む。アップル社は国内の携帯音楽プレイヤーの市場では、2位のソニーを大きく引き離しており、5割近い圧倒的なシェアを握っている。それでも、今回の革新的なユーザーインターフェースを備えたiPodの発売で、さらに主要事業の拡大を押し進める。新型iPodは、世界各国で9月末にも出荷を始める予定。,0
東京新聞によると2011年5月13日にソウルの日本大使館で開かれた「第11次3月3日公布・施行の朝鮮民主主義人民共和国国家情報保護院（現：国家保安本部）の法律顧問に任命されました。（中略）この国にいるすべての人が、私が私の大統領首席秘書になったことを理解してほしい」と公式に大統領に初表明した。しかし、その後、2011年5月16日、「大韓民国政府の代表辞任表明の発表」を受けて（2011年5月23日）、大統領に対し、正式な大統領辞任決議文として「国家情報保護院の法律顧問、法曹顧問」として、大韓民国最高検察庁に書類送検を行った。2014年以降、2015年7月の総選挙は無観客試合となり、同年10月の大統領選挙は20選挙区で全て無観客となり、国会議員でありながら大統領顧問ではなくなるなどした。さらに、2017年大統領選挙で、「私が大統領首席秘書になることが分かって安心している」と、大統領に代わってまもなく行われた国会の定例会までは、大韓民国最高検察庁に書類送検したものの、「もしこの場が無観客であったら、私は大統領になんかならない」と、その後も大統領辞任を求める声が強く、最高検察庁は、このままでは「大統領が務まる状況でもない」と、今回の手続き書類送検を強行した。さらに、これを受けて、2017年11月に行われた大統領選挙では、民主党から出馬した候補の1人である金尚植を除く保守系の金大中が、2017年春の大統領選挙では不出馬を表明したことにより、大統領職を辞めると宣言した。,2
捜査関係者によると、松崎容疑者は去る6月、多摩市にあるベネッセのグループ会社「シンフォーム」の事業所で、顧客のデータベースから、子供やその保護者の個人情報を複製して持ち出したとされている。このデータベースにはベネッセの通信講座を利用する子供やその保護者の氏名・生年月日など、約2070万件の個人情報が収録されている。松崎容疑者はIT関係の人材派遣会社からの派遣社員で、顧客データベースの保守管理やソフト開発を担当していた。また若手のシステムエンジニアの指導する立場で、データベースへアクセスできるIDをもらっており、そのIDを使ってデータベースにログインし、顧客情報を自らの私物の記録媒体にコピー。さらにそれを自宅にあるパソコンを使って別の記録媒体に複製して、都内の名簿業者に持ち込んだとされている。松崎容疑者はこれまでの任意事情聴取に対して、2013年末から去る6月にかけて、これら個人情報の複製と名簿業者への転売を繰り返したことを認め、その上で「複数回にわたって数百万円で売った。借金の返済などに充てた」と供述しており、警視庁生活経済課は、転売を目的とした顧客情報の無断コピーを繰り返したとみて、流出の経緯を調べるとともに、不正競争防止法違反の開示容疑での捜査も進めるとしている。今回の個人情報流出事件を受けて、ベネッセの原田泳幸（えいこう）社長は7月17日、茂木敏充経済産業大臣に対して、今回の事件に至った経緯や、今後のセゾングループの経営計画を踏まえ、ベネッセを退職している原田の経営体制強化をはじめとした「経営の再建」を含めた人事・事業体制の強化及び社内制度の向上を指示する「ベネッセ・ファイナンシャル」を実施すると宣言した。同日、茂木はベネッセに対し、「2020年度よりベネッセ・ファイナンシャルによるセゾングループの経営再建が始まったため、ベネッセには今後このようなことやら「セゾングループの再建」を含めて、新体制の具体化のための努力をしていただきたい。さらに、引き続きベネッセの経営に責任を持って貢献していきたい」と、ベネッセとベネッセグループに対して感謝の意を表した。ベネッセとベネッセの合併は2005年1月21日に成立した。ベネッセとベネッセ・グループは、ベネッセ・グループ発足当初からの顧客データベースとして、ベネッセが設立したベネ�・ジャパンのデータベース（ベネッセグループの顧客データベース）を保有してきた。しかし、ベネッセのデータベースは膨大で、顧客の氏名・生年月日などの個人情報が膨大な量に渡るデータベースの上にあり、「アクセスできない」や「アクセスできない」「アクセスできない」と言った文句をつけて回される始末であった。しかしベネッセはベネ�・ジャパンのデータベースを「アクセスできない」と判断していたにもかかわらず、ベネッセグループ内で「アクセスできるが問題がある」との立場を採ったことから、ベネッセからベネッセの顧客データベースの開示が必要に迫られ、この問題の解決に至ったのである。ベネッセグループとは別個のもう一つの組織、セゾン・グループも、ベネッセグループとベネッセ・グループの顧客データベースを保有しており、ベネッセやベネッセ・グループに属する顧客が、ベネッセグループで利用してきたシステムエンジニア（コンサルタント）である。しかしベネッセグループでは、顧客から、ベネッセグループに属する顧客に対してベネッセでのプロダクト提供は無料であるがベネッセグループで利用していた顧客は割高だった。そのためベネッセグループからベネッセのシステムエンジニアへのベネッセからの納品が必要で、ベネッセはベネこさまという新しい顧客を選ばなければならなかった。,1
試合は1点のリードを許した9回、2アウト満塁のチャンスに清水（隆）が相手守備のエラーと内野安打により2点を返して逆転サヨナラ勝ちを決めたものである。朝日新聞によると、前回の巨人軍の優勝は2002年で、4年間優勝できなかったの優勝であるとする見方もある。日本シリーズの第2戦（12月23日）、福岡ソフトバンクホークスは第5戦（11月23日）で、広島東洋カープを破り2連勝を止めて、初の日本一を成し遂げた。それから第6戦（11月28日）、韓国プロ野球・LGに13年ぶりの勝利を収め、4年ぶりの日本一も決めた。12月11日に行われた第54回選抜・日本シリーズ第4戦で、東京ヤクルトスワローズは4年ぶりの優勝を飾った。その翌日の12日「日本シリーズ最終試合」でヤクルトスワローズは5年ぶりとなる「日本シリーズでの勝利」を果たした。11月9日、東京ドームで行われた第4戦は、広島に17年ぶり、ロッテに18年ぶりに破れ2年連続の日本一とはならなかったものの、10月10日の明治神宮野球大会では9年ぶりとなる明治神宮野球大会に選出された。,1
"12月9日の報道各社によると、12月8日（日本時間、UTC+9）に東京証券取引所のマザーズに新規上場した人材派遣業・ジェイコムの株取引で、みずほ証券が誤って発行済み株式1万4,500株の約40倍に当たる61万株を、1株1円で売り注文を出すという大規模な発注ミスを行ったと報じた。これにより、8日は株式市場全体が急落する混乱を引き起こし、日経平均株価の下げ幅は今年3番目となる301円30銭となった。みずほ証券は8日深夜に会見を行い、福田真社長が誤発注に至った経緯などを初めて説明した。各社の報道によると、午前9時27分にみずほ証券の営業職員が、「1株61万円」の売り注文と本来入力すべきところを、誤って「61万株1円」と入力。その1分25秒後にアシスタントが誤入力に気づき、取消しの手続きを数度取ったが、東証のシステムに取消しが認識されなかった。東証及びみずほ証券では取消し作業の手順が食い違っていたためと見ている。その後、61万株の誤発注が全て約定した。結果的に所持していない株式を売却した形となり、これを買い戻す必要が生じたため、9時37分から自己勘定による反対売買を始めた。この結果、大部分を買い戻したとみずほ証券側は説明している。この誤発注によるみずほ証券の損失は、8日現在、売値よりも高値での買い戻しの影響で270億円に達した。今後、ジェイコム株の値動き次第では、更に買い戻し額が膨らみ、最終的な損失が300億円を超える可能性もあるとしている。サンケイスポーツおよび東京新聞によると、ジェイコムの公開株式は発行済み株式1万4,500株の内、3,000株しかない。公開価格は61万円で、初値は67万2,000円だったが、午前中の大量誤発注によってストップ安の57万2,000円にまで急落。その後、買い戻されて今度はストップ高の77万2,000円まで高騰するなるなど乱高下した。結局、8日のジェイコム株はストップ高で取引終了した。また、朝日新聞によると、みずほ証券は事態の収拾策として市場で買い入れする方針を示したが、東証は大量の買い注文などによって株価の乱高下を招く恐れがあるとして、9日から一時的にジェイコム株を売買停止とした。読売新聞によると、ジェイコムの発行済み株式総数1万4,500株の約7倍・公開株式総数3,000株の約33倍にあたる約10万株に買い手が付いたとみられるため、みずほ証券が決済日である13日までに買い手に株券を渡すのは不可能である。そのため、取得価格に一定金額を上乗せした金額を公的機関である日本証券クリアリング機構が決め、その金額を13日までに支払う方向で最終調整に入った。東京新聞によると、金融庁は行政処分を視野に原因究明に乗り出す方針だ。",0
"共同通信が同府警淀川署などの話として伝えたところによると、辻容疑者は、東日本大震災発生後の3月下旬に、被災地に送付する物品を購入する目的で近畿地区の協議会に振り込まれた義援金（朝日によれば約1,130万円）のうち、約1,000万円（朝日によれば約1,090万円）を自分の口座に移動させた上で、着服した疑いがある（朝日によれば、この際、辻容疑者は「個人的にまとづけ」として、「着服しなかった」）。この時点では、義援金の着服が事実と認められなかったため、朝日新聞は、「ライオンズクラブ」の前議長・辻吉治容疑者の身柄を指名手配していた。また、大阪府警は、ライオンズクラブ本部長など、朝日新聞の関係者たちを前議長・辻吉治容疑者を含む約10人から「ライオンズクラブ」を追い出すという名目で脅迫するなど、辻容疑者に対する恨みを募らせていた。2014年1月12日、朝日新聞は、辻容疑者を詐欺容疑で逮捕するなどしている京都府警察に、これを「ライフル容疑事件」として報じたが、事件を調査していた大阪地検も、「ライフル容疑事件」として捜査を進めていた。2015年1月13日、東京地検特派員（男性）を名乗る「ライフル容疑事件」と呼ばれる一連の不審事件が発覚し、朝日新聞は「ライフル容疑事件」として「ライオンズクラブ」による業務上横領に関する報道を一時差し止め（朝日新聞社は、この事実を認め、謝罪）、謝罪文を掲載した。",1
四国新聞の報道によると、そのため宇宙開発競争を繰り広げたいとの意図があり、日本の宇宙開発の発展のために民間の共同出資のもと、「宇宙に関する技術とノウハウ」と題するドキュメンタリーを製作している。また、2018年9月にNHKにより「宇宙で働く人の記録」という番組もあると報じられた。日本経済新聞によると、日本人の21パーセントが宇宙の仕事をしており、宇宙探査後の就労能力については不明とのこと(307人が参加)である。2009年、世界的な宇宙飛行士としても知られるジャン＝ルイ・ドゥルーズ(21歳)は2012年の国際宇宙ステーションの第24次長期滞在の「月」からの帰還に先立って、2013年2月26日から8日の間、日本人初の宇宙旅をしている。,2
東京新聞によると、第174回通常国会は6月16日（UTC+9）に150日間の日程を終えて閉幕し、その後行われた政府の臨時閣議で、参議院通常選挙を6月24日公示・7月11日投開票とする日程を正式に決定した。2009年の衆議院総選挙で実現した政権交代後初となる本格的国政選挙となり、与野党はそれぞれ実質的な選挙戦に入った。朝日新聞の6月16日のまとめによると今選挙は選挙区選挙（改選数73）に246人、比例代表区選挙（改選数48）に172人の合計418人が立候補を予定しているという。民主党が積極的に擁立したことで前回（選挙区218人、比例代表区159人）より立候補予定者が若干増えている。東京新聞によると、今選挙は民主と国民新党の両連立与党が参議院の総過半数122議席を確保できるかが最大の焦点とされている。与党が過半数を維持するには今選挙で57議席以上（非改選65議席）を確保する必要がある。また菅直人総理大臣の描く「財政運営政策」や「新成長戦略」の他、いわゆる「政治と金」の問題、アメリカ軍普天間基地移設問題などが争点と見られるとしている。,0
読売新聞によると、同署の発表として、寺本容疑者は、女性とその3人の娘の女児（4歳、2歳、0歳）を、この女性の乗用車に乗せ、自分は「今日は娘には家にいるように伝えておく」と伝えたという。また、同紙は「寺本容疑者の被害女性4人に、身代金500万円を要求した」として、12日午後11時以降、同署に被害女性4人を連行したとしている。2008年8月28日午前、大阪府警は女性が車に乗っていたことを理由にこの事件で、容疑者が男（16歳）に身代金代わりの500万円をせがまれたと発表した。この男、当時は大阪府警の「防犯警察官」を務めていた。男は、被害者の女児を2人組で殺害したと供述している。この事件は、被害女性4人のうち3人が逮捕されるものの、1人は自殺、もう1人は未決時拘禁となっている。,1
NHKと毎日新聞によると、厚生労働省の発表では、16年から17年にかけて日本では、99例の死亡例が報告されている。その記録を踏まえた上で、厚生労働省は、日本では、17年の年間1.9kg（17歳未満）を超える感染者が報告されている。そのうちの19年13歳、20年10歳で最も多く報告されたという。また、16年から17年にかけて、約4万人の感染報告があるという。(2010年10月30日現在 101.73% NPTP（National Publishing Team：女性向け健康器具）として、27件が集計されていた)24日、厚生労働省は、19年、20年、21年の4年間で5749件の死亡例があったと発表した。全体の69%は、患者本人の申告または症状などから、インフルエンザ、ノロウイルス（インフルエンザ型）、肺炎などが判明した。そのうちの13%は、感染症法に規定する特定地域での発病と思しき例であり、22、23、24年のほとんどの15歳未満、および50歳以上の者で8割が陽性であるという。その他にも、インフルエンザにかかった患者に感染したと見なされるケースがあったという。その詳細は、厚生労働省のWebサイトで公開されている。,2
車掌は線路と並行する道路を次の強羅駅まで約700メートル走り、強羅駅で電車の到着から約6分後に追いついた。強羅駅では置き去りに気付いた運転士(36)がドア操作を代行して乗客を降ろし、追いついた車掌と運転士はそのまま同電車に乗務。強羅駅を2分遅れて到着した車掌を追って、箱根湯本駅行きに乗車した。続いて強羅駅発で、箱根内で9時00分頃に強羅駅の次の駅である箱根湯本駅で再度電車に乗りホームを出て強羅駅を目指す。強羅駅では、同駅到着後約5分間、乗客に対して、運転士が車内で乗客の方の方に2メートルの間隔をあけて声かけし、乗客の方は体を震わせながら反応をみるというものだった。9月16日17時35分（UTC+9）頃、強羅駅から箱根湯本駅に至る78.4パーミルの長いトンネル内で電車を発車させた。,1
ロイター通信他によると、これに対してJ's GOALがJリーグに対して「Jリーグ規約のドーピング禁止規定の違反行為を行った選手はJリーグから厳しい罰を受けることになり、J's GOALからJリーグ所属選手への厳しい制裁が科せられます」「Jリーグ規約により禁止規定違反を行った選手はJリーグから厳しい罰を受けることになります」「Jリーグ規約により禁止規定違反を行った選手はJ's GOALから厳しい制裁が科せられます」などと、Jリーグへ対する厳しい罰を科せられていることを明らかにした。JR東海による報道では「Jリーグ規約について、選手には厳しい罰を受けることを決めましたが、Jリーグ規約について選手側が責任を持つ」と発表されているなどJリーグの基本方針に対する批判の的になると報じられているが、Jリーグに対して厳しい罰を与えられている選手がJリーグには必要だと言うJリーグ側の主張はこの記事によって取り上げており、Jリーグの選手の扱いの点で今回の事態について批判する発言をしたと思われる。Jリーグ事務局長の竹原直裕は、「Jリーグ規約のルール違反行為は、選手個人（つまりJリーグ）に対して責任を持つ」と主張している。,2
広島市の健康福祉企画課の説明では11月1日から12月10日の間に、市内各区役所に22人の派遣社員が相談に訪れたが、そのうちの16人がマツダ系の派遣社員だった。さらにそのうちの13人が生活保護申請を行った。広島市は7人に対し生活保護支給をすることを決めたが、残りの人も審査中である。申請理由として「貯金がない」「寮を出なければならないので住居に困る」などを挙げている。読売新聞によると、日本全国的にいわゆる非正規雇用の大量失職が問題化する中で、厚生労働省は「派遣社員契約を打ち切られた人が生活保護を集中して申請した場合、受給期間が過ぎていたり申請者に余裕がない場合を除いて、受給を取り消すことができない」と、非正規雇用への課題として教育を差し入れるようにしている。12月13日（UTC+9）、広島県では、地域住民向けに新たな制度制度（申請期間満了期間）として、新たな非正規雇用による就労移行支援制度「一般就労移行支援事業所」（就労移行支援事業所）を、全国61都道府県の社会福祉協議会で、24カ所で120 - 192名の従業員で構成された団体（企業団体）によって設置されることになった。この組織は、一般就労移行支援事業所が生活支援対象者（就労期間が終わった者）の受給資格を得るための新たな支援制度に生まれるものであろうと、1999年（平成11年）3月23日には『広島平和・・・』というタイトルで、広島新聞で大きく報道された（同年12月25日に広島新報も報道）。厚生労働省と地元産めよキャバクラ団体の協議は、12月25日の組織発表によって、全国で一般就労移行支援事業所が51を上回る新組織（就労移行支援事業所）となったことに合意したしかし、広島市内の就労移行支援所で24名が登録し、そのうちの3名（51）が2021年の就職が決定したが、この時点で24名中の9名は就職していない。それと同時に、新規雇用時に申請した社員が61名になっているのに対して、申請を希望した社員は11名（58・59 → 65・62 → 59・62）（56・63）、申請を希望しなかった社員は20名（52・63 → 63・62 ← 54・63 → 63・62・63・66 → 64・63 → 68・60）（56・63 → 66・60 → 59・68 → 64・66 → 68・69）を残す）。2021年、新規就労者は36名、就労移行支援サービスは15名、登録に至った社員は45名、61名の計38名を収容している。,1
読売新聞およびCNNによると、「新特急はやて」は、山陰地方への観光輸送強化と、出雲の観光の拠点となっていることを目的に、1965年より運転を開始した特急列車である。山陽・山陽本線（山陰本線）の普通(特急)として1982年5月1日に運行を開始し、その後、山陰本線の「瀬戸内しまね」（初代）、「はまなす」（初代）の名称で運行された特急列車として継続運行した。車両は、1985年から1992年にかけて製造された183系電車および173系電車を用いた4両編成（1編成のみ）で、「のぞみ1号」などと並び1日2往復運行された。「新特急はやて」と並んで運行される臨時列車として運転される場合もあり、また、「新特急はやて」よりも速い、あるいは遅い時間に出雲市駅に到着する列車として運行される列車もあった。「新特急はやて」は、運行区間は山陰地方を通過する列車として設定されたため特急料金を負担するほか、全区間を運行する列車より利用可能な特急料金が安くなる場合があったため、利用者は約3万人程度（2002年の時点で1万人、同年11月時点で4万7000人ほど）になっていた。2005年（平成17年）7月8日には出雲市駅発着時に運転されることとなり、2006年（平成18年）11月19日まで運行された。2013年1月に出雲鉄道は特急料金値上げたのに加え列車に対し特急料金を支払うこととなり、20年間払い続けた特急料金を支払う必要があることになった。このため2013年（平成25年）12月、特急列車増発に伴い、特急料金を全額払いたいという理由から、特急料金を1日利用可能な料金とし、その金額を負担する「新特急はやて」の増発に合わせて、翌2014年（平成26年）1月19日に出雲市駅発着時に運行を開始した。また、臨時列車として「新特急はやて」の増発に合わせて2015年（平成27年）8月17日まで運行された。同年1月30日までは運行が長引き、1月20日まで臨時運用となった。これにより、特急料金は8割近く払い戻される。,2
47NEWSによると、試合の進行が予想外の場合には、関係自治体や関係者も会場を会場から遠く離れて観戦できる「会場周辺スタンド前広場」に待機することがあり、その場合には主催側と観客側の試合進行方向の対立がある場合もある。このような場合でも、会場の安全状況を正確に把握して、適切な体制で適切な方法で選手に試合を予定外の状況で変更させないという意味では、開催地は試合を決定して会場を移動させない。一般的に「プロのサポーター」などと言われる場合は、「Jリーグクラブがスポンサーを含めてサポート」とする場合が多いので、観客は主催者に対し、試合の進行や結果の発表等の一切を求めないものはあまり一般的ではない（当然のことである）。そのため、主催者も主催者らしく試合観戦や試合前の挨拶等の行事を行う場合がある（一般の観客からはそのように見える）。また、このようなイベント自体にチケットが不要というものがなくても、試合前に選手の安全管理を目的として会場周辺のスタンドを経由して観戦者に入場を呼びかけるために、観戦対象の選手の安全を確保しようとする行為や利用を選手の保護者が許可して選手に提供する行為を「観戦者参加行為」という（プロ野球中継の試合や日本生命の試合などで使用されている）用語がある。,2
"NHKとサンスポによると、この塔は東京タワーに代わる地上波デジタル放送に対応した電波塔で、高さ350mと450mの位置に展望台が設置されている。この日、まず午前9時半過ぎに隣接する商業施設の「東京スカイツリータウン」が当塔の100周年記念式典を行い、塔を管理するNHK、サンスポ、日本放送協会の共同出資による東京スカイツリー株式会社（初代社長は伊藤正徳）が設置にあたった。午前10時30分に初めてのモニターとモニターのアナログ式のテレビ（HDTV）が姿を見せ、テレビの画面に映る地上から189度の高さに設置された東京スカイツリーの塔を見て驚いていたという。スカイツリーは現在、東京スカイツリーと呼ばれる4つの塔がある。(""詳細は、スカイツリー_東京タワーの記事を参照のこと。"")日本が世界のスカイを決める「スカイ・エンターテインメント・ワールド・カップ」は、毎年春に行われる日本のみならず世界へも大挙する大観衆を迎える大会で、日本のスカイツリーは日本の象徴で、1978年から毎年「スカイ・エンターテインメント・チャンピオン」を選出している。スカイミッションの「スカイ・エンターテインメント・ワールドチャンピオン」と「スカイミッション・ワールドチャンピオン」は、スカイミッションの大会で金メダルと銀メダルを獲得した唯一の賞でもある。",1
"ITmediaやBroadband Watchによると、旧改定案には「利用者がmixiに投稿した日記などについて、利用者は、ミクシィ社が無償で非独占的に使用することを許可」や「mixi利用者は、ミクシィ社に対して著作者人格権を行使しない」という内容が含まれていた。3月19日、ミクシィ社は利用規約改定案の正式発表を行い、「利用者は、利用規約で合意する範囲内で、管理者または利用者代理人が使用したことを認めることができるので、その旨をご確認ください。」と発表。新利用規約の詳細が開示された。「利用規約改定案」の内容は以下の通り。「利用規約の追加および変更について」「ソーシャルゲーム利用者」 （""Collaborations of Society of Japan Game Platform""）については以下からのダウンロードが可能。また、mixiサービス内で変更のあった内容は、ダウンロードを行うということだが、現在修正済みの内容に修正が加わっているという話がある。この更新では追加分を更新する目的で、新規アカウンティングIDを持つこと、ブログや掲示板での会話の編集を禁止に変更していた。",1
毎日新聞・読売新聞によると、JR福知山線で2011年12月15日（UTC+9）に、30代の男性運転士が、快速列車を運転中に居眠りしていたことが判明した。両報道によると、同線で2005年4月に起きた脱線事故の犠牲者の遺族が目撃していたもので、JR西日本は、当該の運転士を12月27日まで乗務停止の処分としたが、公表していなかった。両新聞が同社の話として伝えたところによると、大阪発篠山口行き快速電車の先頭車両に乗車していた遺族が、運転士の頭が揺れ動くなどしていて様子がおかしいことに気付き、車掌に伝えた（毎日によると西宮名塩駅にて）。これを受け運転士から事情を聞いたところ、「北伊丹から宝塚までの区間で眠気を感じ、3回程度『カクカクッ』とした」と、居眠りを認めた。読売新聞によると、急病などの原因で運転士が1分間、運転台機器などを操作しなかった場合、ブザーが鳴る緊急列車停止装置（EB装置）や自動列車停止装置（ATS）が設けられているものの、この時は作動しなかったという。同社は、「具体的に危険が存在したわけではないが、（事故のあった）福知山線での居眠りを重視し、一時、乗務から外した」としている。読売新聞によると、目撃した遺族はショックを受けた様子で、「危険を感じて足が竦んだ。この路線で居眠りするとは。もう怖くて福知山線には乗れない」と、憤りを露わに話している。,0
12月22日の報道機関各社によると、金融庁は同日、8日にジェイコム株大量誤発注を行ったみずほ証券に対して業務改善命令を出した。証券会社が誤発注で行政処分を受けたのは、今回が初めて。読売新聞、毎日新聞によると、金融庁はみずほ証券に対して、2006年1月20日までに発注システムの改善や、再発防止に向けた管理強化などを盛り込んだ業務改善計画の提出を義務付けた。また日本経済新聞、毎日新聞によると、金融庁は同日、国内で営業している全証券会社287社に対して発注システムと業務の一斉点検を、1月20日までに行うよう要請した。金融庁によると、みずほ証券の誤発注の要因として、発注担当者が十分な研修を受けていなかったことや、警告の意味を理解しておらず、簡単に解除できること、などを上げている。みずほ証券は急速に株式関連業務が拡大したため、人材育成や配置、システム管理などの対応が追いつかず、経営管理上の問題があったのではないかと分析している。金融庁は東京証券取引所側のシステムにも問題があったとして、東証に対して14日、業務改善命令を出していた。また、毎日新聞によると、同日みずほ証券は最終的な損失が約407億円に達したことを発表した。しかし、証券会社の健全性を表す自己資本規制比率は300%台としており、目安の200%を上回っているため、みずほ証券は財務上の問題はないとしている。,0
朝日新聞によると、日本の鳩山由紀夫総理大臣は日本時間9月21日（UTC+9）、国連総会や金融サミットG20に出席するため、羽田空港から日本の政府専用機でアメリカへ6日間の予定で出発した。鳩山氏は首相就任後初めての外国訪問で、アメリカのオバマ大統領、ロシアのメドベージェフ大統領らと会談するほか、アメリカ東部夏時間9月24日午後（UTC-4　日本時間から見て-13時間）に国連総会で演説する。また読売新聞によると、9月22日（同上）に開催される国連気候変動首脳級会合でも開会式で演説を行う。読売新聞によると、鳩山首相は9月21日夕方（日本時間）、首相官邸で会見し「力み過ぎないように自然体で臨みたい」と語り、オバマアメリカ大統領との日米首脳会談では「まず大統領の人柄を理解させていただき、私の人間的部分を信頼して頂ける関係になればいい。懸案事項は信頼関係の中で結論を出す」と話した。時事通信によると、鳩山首相はアメリカ東部夏時間9月21日夜、ニューヨークのケネディ空港に到着した。,0
毎日新聞・時事通信によると、試合からJ1昇格を目指す柏レイソルが、監督の長谷川哲也、クラブの監督名「柏の田中」（のちの柏レイソル大宮監督）ほか7人のスタッフの指導により終盤に2点と先制を決め、試合時間残り21分（67分）からの91分間で決定的なリードでJ2残留へと至った。結果は1-2で敗北し（柏の公式発表によると、第14節以降は第18節の試合終了まで14分待ちなどであったとのこと）J2降格、柏レイソルのJ2残留決定、クラブのクラウスーラ4連覇は達成できなかった。またホームスタジアムである柏市内の柏マリノスサッカー場も2011年に改修後3試合終了時に使用を終了したが、第18節以降は使用されていない。また第15節を以って柏のホームスタジアムとしての使用は終了した。日本フットボール協会は2006年からクラブ内の公式ホームページ（現在の公式ホームページ上）や各種公式サイト、柏サイクルスポーツの全試合を通じて選手へのアンケートなどで、J1昇格に向けて1部リーグの選手から「引退を選択した」という意見を募集するも、実際に1部リーグからの離脱を決断したのは東京ヴェルディユースから移籍した吉澤孝平のみであった。これは2007年のJリーグチャンピオンズリーグに敗れたFW大迫勇也、FW森重真人、MF田中裕二、FW松田拓也、FW森山浩康の4選手を除く選手の10人についても同様（前述）である。リーグ戦の終了から15分後、「引退表明」という形でFクラブと柏サイクルスポーツは合同で会見を開き、17日に記者会見を開いた。会見の後、柏サイクルスポーツの取締役の中村龍夫部長のスピーチにより、柏の田中監督は記者会見後に「引退に至った。そのことは後悔していない」と記者会見に臨んだ経緯を強調した。,2
北海道の礼文（れぶん）島と利尻（りしり）島は8月24日、記録的な大雨が降り、このうち礼文島の礼文町船泊村では同日午後1時ごろ土砂崩れが発生し、住宅1棟が全壊する事故が起きた。この土砂崩れで、無職・岩戸谷（いしとや）勉さん（85）方の木造住宅が全壊し、土砂に埋もれた家屋から家族3人が救助されたが、妻の妙子さん（81）と長女の富士代さん（55）が搬送先の診療所で死亡が確認された。石戸谷さんは胸などにけがを負った。北海道警・稚内署の調べによると、石戸谷さんの自宅のすぐ裏側で高さ約50m、幅約50mの土砂崩れが当時発生したという。この他にも礼文町の数か所で地滑りが起き、同町が避難勧告を出した。読売新聞の取材機は、土砂災害が起きた翌日の8月25日、現場を上空から撮影し、山の斜面から崩れた土砂が、その真下にある民家を直撃し、生活用品などが散乱している様子を映し出した。また同島の随所で土砂崩れが発生し、流れた土砂などがトンネルをふさぐなど、道路の寸断されている様子も確認している。札幌管区気象台によると、礼文町は8月24日午後1時40分までの24時間雨量が2003年に観測を始めて以来最大となる183㎜の降水量を記録。稚内（わっかない）地方気象台によると、礼文町では50年に1度の記録的な大雨が降っていたという。また礼文町役場によれば、この大雨により同町内の2本の川があふれ、道道が一部冠水する被害も発生した。この土砂崩れで、稚内地方気象台が土砂災害警戒情報を発令したとき、北海道が礼文町に避難勧告を出すように促したものの、同町は「対応しきれない」として避難勧告の発令を当初見送っていたことが分かった。土砂災害警戒情報を稚内地方気象台が発令したのが8月24日午前10時20分のことで、その後、北海道危機対策課は礼文町の担当者に対して3回にわたり避難勧告の発令を促す電話を行った。しかし、同町の職員（約100人）の大半が、浸水被害の対応に追われていたことから、町役場のある島の南側の地区に対して、自主避難を呼びかけるのみにとどまり、今回の住宅倒壊を伴う土砂崩れの事故があった礼文町船泊村のある島の北部は、自主避難を呼びかけていないうえ、「避難勧告を出しても職員を派遣できない」として避難勧告を発令しなかった。同町が避難勧告を発令したのは、土砂崩れが起きた後の午後4時50分ごろだったという。このことについて村井正春同町副町長は「職員たちは川の氾濫などに対応し、避難勧告を出せる状況ではなかった」と読売新聞の取材に対して答えている。,0
アメリカの報道機関によると、甲子園球場での試合自体は4回から始まったため、各選手の守備も大きく機能したということもある。試合では、前年度、日本石油硬式野球部が205試合で獲得していたMLB記録を更新し、7297人の観衆で206分を要して「1989 (プロ野球の試合で)」と表現された。なお試合当日の午後の試合開始時刻は、試合開始時間とほぼ重なるが、試合時間の都合上、4分13秒ずつ延長となった。そのため、試合時間は試合開始時では野球が始まっている時間も含めると、同じ21世紀に入ってからだと4分しかなかった試合が、試合開始から4分で終了することになった。試合では、第2戦・第4戦・第6戦の4試合を通じて、両チームの選手が交代で先発し、2勝1敗と対戦した。,2
10日深夜、トンガのタウファアハウ・ツポウ4世国王が、ニュージーランドのオークランドにある病院で死去した。88歳だった。11日午前、トンガ王室が発表した。マタンギトンガによると、ツポウ4世は7月から病状が悪化していたという。ツポウ4世は1965年、サローテ・ツポウ3世が死去したことにより第4代国王として即位。体重209.5kgだった1976年には、「世界で最も体重が重い君主」としてギネスブックに登録された。死去したツポウ4世に代わって、ツポウトア皇太子が11日、「ジョージ・ツポウ5世」として即位した。首相はラジオ放送で、10月17日までの約1か月間を服喪期間とすることを発表した。,0
熊本日日新聞によると、「J1プレーオフ」（主催はディビジョン3で行われるリーグ戦）の開催、J2リーグ戦の成績によってJ1の残留順位の決定、J2のホームゲーム、J3のホームゲームを完全優勝すると「J2・J3・J2・J3の全てのタイトルを制覇したJ2、J3リーグの全てのタイトルを制覇したJ2、J3リーグの全てのタイトルを制覇したJ2、J3リーグの全てのタイトルを制覇したJ2、J3リーグの全てのタイトルを制覇したJ2、J3リーグの全てのタイトルを制覇したJ2からJ3リーグに至る全ての全てのタイトルを制覇したJ2からJ3リーグへの全ての全ての全てのタイトルを制覇したJ2からJ3リーグに至る全てのタイトルを制覇したJ2からJ3リーグに至る全ての全ての全てのタイトルを制覇したJ2からJ3リーグに至る全ての全ての全ての全ての全ての全てのすべての全ての年10月からのJ1タイトル制覇のタイトルがJ2からJ3リーグへの全ての全ての全ての全ての全ての全ての全ての全ての全ての全ての全ての全ての全ての全ての全ての全ての全ての全ての全ての全ての全ての全ての全ての全ての全ての全ての全ての全ての全ての全ての全ての全ての全ての全ての全ての全ての全ての全ての全ての全ての全ての全ての全ての全ての全ての全ての全ての全ての全ての全ての全ての全ての全ての全ての全ての全ての全てのすべての全ての全ての全ての全ての全ての全ての全ての全ての全ての全ての全ての全ての全ての全ての全ての全ての全ての全ての全ての全ての全ての全ての全ての全ての全ての全ての全ての全ての全ての全ての全ての全ての全ての全ての全ての全ての全ての全ての全ての全ての全ての全ての全ての全ての全ての全ての全ての全ての全ての全ての全ての全ての全ての全ての全ての全ての全ての全ての全ての全ての全ての全ての全ての全ての全ての全ての全ての全ての全ての全ての全ての全ての全ての全ての全ての全ての全ての全ての全ての全ての全ての全ての全ての全ての全ての全ての全ての全ての全ての全ての全ての全ての全ての全ての全ての全ての全ての全ての全ての全ての全ての全ての全ての全ての全ての全ての全ての全ての全ての全ての全ての全ての全ての全ての全ての全ての全ての全ての全ての全ての全ての全ての全ての全ての全ての全ての全ての全ての全ての全ての全ての全ての全ての全ての全ての全ての全ての全ての全ての全ての全ての全ての全ての全ての全ての全ての全ての全ての全ての全ての全ての全ての全ての全ての全ての全ての全ての全ての全ての全ての全ての全ての全ての全ての全ての全ての全ての全ての全ての全ての全ての全ての全ての全ての全ての全ての全ての全ての全ての全ての全ての全ての全ての全ての全ての全ての全ての全ての全ての全ての全ての全ての全ての全ての全ての全ての全ての全ての全ての全ての全ての全ての全ての全ての全ての全ての全ての全ての全ての全ての全ての全ての全ての全ての全ての全ての全ての全ての全ての全ての全ての全ての全ての全ての全ての全ての全ての全ての全ての全ての全ての全ての全ての全ての全ての全ての全ての全ての全ての全ての全ての全ての全ての全ての全ての全ての全ての全ての全ての全ての全ての全ての全ての全ての全ての全ての全ての全ての全ての全ての全ての全ての全ての全ての全ての全ての全ての全ての全ての全ての全ての全ての全ての全ての全ての全ての全ての全ての全ての全ての全ての全ての全ての全ての全ての全ての全ての全ての全ての全ての全ての全ての全ての全ての全ての全ての全ての全ての全ての全ての全ての全ての全ての全ての全ての全ての全ての全ての全ての全ての全ての全ての全ての全ての全ての全ての全ての全ての全ての全ての全ての全ての全ての全ての全ての全ての全ての全ての全ての全ての全ての全ての全ての全ての全ての全ての全ての全ての全ての全ての全ての全ての全ての全ての全ての全ての全ての全ての全ての全ての全ての全ての全ての全ての全ての全ての全ての全ての全ての全ての全ての全ての全ての全ての全ての全ての全ての全ての全ての全ての全ての全ての全ての全ての全ての全ての全ての全ての全ての全ての全ての全ての全ての全ての全ての全ての全ての全ての全ての全ての全ての全ての全ての全ての全ての全ての全ての全ての全ての全ての全ての全ての全ての全ての全ての全ての全ての全ての全ての全ての全ての全ての全ての全ての全ての全ての全ての全ての全ての全ての全ての全ての全ての全ての全ての全ての全ての全ての全ての全ての全ての全ての全ての全ての全ての全ての全ての全ての全ての全ての全ての全ての全ての全ての全ての全ての全ての全ての全ての全ての全ての全ての全ての全ての全ての全ての全ての全ての全ての全ての全ての全ての全ての全ての全ての全ての全ての全ての全ての全ての全ての全ての全ての全ての全ての全ての全ての全ての全ての全ての全ての全ての全ての全ての全ての全ての全ての全ての全ての全ての全ての全ての全ての全ての全ての全ての全ての全ての全ての全ての全ての全ての全ての全ての全ての全ての全ての全ての全ての全ての全ての全ての全ての全ての全ての全ての全ての全ての全ての全ての全ての全ての全ての全ての全ての全ての全ての全ての全ての全ての全ての全ての全ての全ての全ての全ての全ての全ての全ての全ての全ての全ての全ての全ての全ての全ての全ての全ての全ての全ての全ての全ての全ての全ての全ての。,2
2017年12月19日に発生したサンホセ近郊での大地震を受けて、同年12月30日にサンホセ市内のホテルが全焼した。同ホテルの経営者を含む13名が免職（3週間の刑）、2000人の負傷者が出た。また現地の住民が多数死亡したほか、大動脈瘤破裂という怪我人も発生した。この災害を受けてペルー国内では4月30日に緊急事態宣言が行われ、各地から緊急事態命令を受けている。地震の後には、日本・中国・インド・フィリピン・タイ・ベトナム・シンガポール・南アジアの6か国がこの地震による死者に関する公式サイトを立ち上げた。またインドネシア・モロッコ・ブータン・イラン・ベトナム・パキスタン・トルコはこの地震により、各国の政府による地震対策の強化を強く推し進めている。,1
約30分間行われた面会では、早紀江さんが大統領にあてた手紙と拉致被害者家族連絡会のメンバー数人から託された手紙、めぐみさんをはじめ拉致されたとされる人たちの写真を渡した。大統領は早紀江さんたちに「『自分たちはどうなったか』、『日本人がどうなっているのか』」などと訊ねられ「アメリカ大統領が、自分の責任で知ってしまった」と話す。「もし何かのきっかけで見聞きしたものが見つかった時は、この手紙は読むのをやめるように」と言い残して部屋を出た。この会話では、日本を訪れて間もなく死亡しているのが「めぐみ」(「めぐみ」は韓国産馬齢を採る)一家で、一家の写真は米ニューヨーク・タイムズで、家族は17歳から17歳で亡くなった時に帰国後、19歳で早紀江さんだけ、と主張していた。家族がアメリカに帰ったのは、その後の手紙の中で、めぐみさんと一緒に家族全員を送り出したのがアメリカ大統領だと説明された。この写真は、2013年9月9日 11:38のアメリカのジャーナリスト、チャールズ・マーティン・ディヴィスが投稿、2015年7月13日 14:08のツイッターで、日本を訪れた際の写真として投稿された。,1
読売新聞・朝日新聞などによると他、2007年、2008年、2008年7月1日のグッドウィルドーム（2010年8月27日閉店）以来、5年振りに西武球場を本拠地とすることになった阪神タイガースのナイトゲームのほか、日本ハム、近鉄も本拠地としていた2011年の読売ジャイアンツ、横浜ベイスターズ戦、オリックス・バファローズ戦を開催、2013年までには西武球場を「オリックス・バファローズスタジアム」として使用していたこともある。2007年のオリックス・バファローズ戦より1試合だけ開催された2013年の東京ヤクルトスワローズ戦や2019年の北海道日本ハムファイターズ戦は本拠地としているが、2011年は試合が中止となったため、2013年からは2014年の福岡ソフトバンクホークス戦をメインとする会場として使用するという。,2
1月29日午後0時25分（UTC+9、以下同）ごろ、北海道深川市のJR函館線・深川6号線踏切で、旭川発札幌行の特急スーパーカムイ24号（5両編成）がトラックと衝突し、トラックの運転手や列車の乗務員、乗客らあわせて41人がけがをした。けがの程度は軽いとみられている。この事故によりJR函館線は旭川～滝川間で上下線ともに不通となり、1月30日正午前に復旧した。事故現場は遮断機と警報機のある踏切で、当時の天候は雪、時折風速5m程度の風が吹いていたという。気温は氷点下5度で、路面は凍結していたとみられている。警察の調べに対しトラックの運転手は、踏切の遮断機が下りていることに気づき、ブレーキをかけたが間に合わずに踏切に進入し、スリップして動けなくなったと話している。北海道警察は自動車運転過失傷害の疑いがあると見て捜査している。衝突した特急列車は、乗客102人を乗せ札幌に向かっていた。衝突の衝撃によって先頭車両が大破し脱線したが、横転などは無かった。この事故によりJR函館線の旭川～滝川間で上下線で不通となった。復旧作業は大破した先頭車両と2両目をクレーンで吊り上げた上で線路脇へ移動し、残る3両は鉄路で輸送された。30日午前11時40分に復旧したが、この日は始発電車から特急22本を含む29本が運休し、約3800人に影響した。国土交通省の運輸安全委員会は調査官2人を派遣したほか、北海道警察深川署も事故の原因を調べている。,0
読売新聞ほかの報道によると火柱を上げて火災となったのは、京都大学大学院教授の池山健一郎 (Ph.D) 容疑者とその学生（90) と、助教の森川隆之 (C) 容疑者 (Mc) 容疑者 (Ds) で、2人が点火後の炎に気づいた際に、火が消えつつあることに気づき「何も見えなかった。火が消えた」と話している。大学院生らによる炎の色測定・発生・消炎による燃焼実験、または研究者らによる実験（化学分析や光化学実験）を行っているときに、炎が見えてしまった。これらの実験の際には、発生したガスや酸素などを燃焼させるため、そのガスや酸素を燃焼させるためには、燃焼系としているガスを燃焼させなければならない。その燃焼系を燃焼するためには、燃焼室(燃焼装置)を操作するためのコンピューターと、あるいは、そこで用いる燃料のガス、熱、酸素などを燃焼させるためのプログラムを作成するためのソフトウエアがいる。そのためには、そこで用いるプログラムを制御する必要がある。また、プログラムというのは、そのプログラムを実行するためのハードウェアを必要とする。そのプログラムを作成するためには、ハードウェアの知識やプログラム言語の知識を要求され、プログラムの実行が完了するまでの時間を要求される。プログラムを実行するために必要な知識や道具、プログラムを実行した後のプログラムのプログラム化などを要求される道具などを提供したり、プログラムを実行するために必要なハードウェア知識、プログラムを実行するためのプログラムに必要な知識、プログラムを実行するためのソフトウエアが供給される。炎の色(赤、青、銀、ピンク)とガスの濃さ(濃さを調節)(2段階で使用するガス濃度と炎温度(2段階で使用する2段階のガス濃度の計))を決めている。,2
日本経済新聞によると、東京地検特捜部は16日午後6時30分ごろ (UTC+9) 、証券取引法違反（風説の流布など）容疑で東京都港区六本木のライブドア本社や、堀江貴文社長の自宅などの家宅捜索を一斉に行った。2004年10月に、東証マザーズに上場する関連会社「バリュークリックジャパン」（現ライブドアマーケティング）が、株式交換により、出版社「マネーライフ」を完全子会社化したと発表した。しかし、実際には公表前にライブドアの傘下に収めており、中国新聞によるとこの株式交換が不公正な取引（偽計取引）だった疑いがあるという。また、バリュークリックジャパンが2004年11月に発表した決算短信において業績を水増しし、株価を上げようとした「風説の流布」の疑いも浮上している。堀江社長は家宅捜索の直前に「心当たりはない」と話していたという。日本経済新聞は、2005年4月に一連のニッポン放送株問題で和解したフジテレビとの資本・業務提携や、17日の株式市場や経済界などに大きな影響を与えると見ている。ロイター通信によると、マネーライフの元社員はロイターの取材に対して「2004年4月にはライブドアに買われていた」と述べたという。,0
時事通信によると、8人が通っている両高校は去る5月8日、バレーボールの対抗戦を開催しており、兵庫高校の5人中4人は女子バレー部員、また神戸高校の1人も男子バレー部員であった。兵庫高校のバレー部は大型連休の開催期間明けにインフルエンザの流行があり、この試合が開催された日には男子部員1人が、また9日にも2人がそれぞれ欠席した他、5月10日に行われた神戸市外の別の高校との対抗戦の開催日にも2人が体調不良を訴えた。兵庫高校の5人は12日以後に発熱し、なおかつ市外の高校でも体調不良を訴えている生徒がいることから、これらの対抗戦開催中に感染した可能性がある。また、47NEWSによると、神戸市は今回の事態を受けて神戸市内の小・中・高校・幼稚園・保育所など99の学校（園）を22日までの間休校（園）とすることになった。日経新聞によると、神戸市では今回のインフルエンザ流行を受けて、神戸市内各所で15日から行われている神戸まつりのうち、16日に中央区・灘区・東灘区で予定されていた行事の開催を中止にし、17日もメイン行事であるパレードを含めた全市でのイベントの開催を見合わせる。メイン会場となっていた神戸市市役所近くの公園では設営されていた屋台などは取り外されることとなった。8人のうち、6人はこの事態に対し、神戸市の高校生は感染を示す「微熱」を示す診断書を発行するとともに、学校は感染予防のため、神戸市では感染者が判明した後に臨時休校することになった（神戸市保健課 山本洋 参事官（47NEWS）より）。兵庫県の公立高等学校においては、公立高等学校によって高校3年に編入しても感染者が確実に発生するケースがある。神戸市からこの事例について聞いたところ、「（感染者が）出たのは2週間前で3週間前ではない。2週間後に何かの理由で学校に行けなくなったと思う。1週間は感染者が出なかったのは『3週間も行かないといけないので、早く登校して欲しい』という学校側の要望があったから。学校は3週間の間感染症予防はしないので、学校に感染は確認されていないと思う」という。この事例は神戸高等学校にも多くあるが、兵庫では今回が2016年の2月以来ではない。感染が確認されたのはこれで2例目。,1
朝日新聞によると、8月8日（UTC+9　以下同）から甲子園球場をメイン会場に行われる第91回全国高校野球選手権大会に出場する全国の代表49校が8月1日までに全部出揃った。最後まで残っていた大阪府大会決勝が8月1日にあり、PL学園が5年ぶり17回目の甲子園出場権を獲得した。朝日と毎日新聞によると、今大会において選手権初出場を果たしたのは13校であるが、そのうち、横浜隼人高校（神奈川県）、日本航空高校石川（石川県）など11校は春（選抜大会）・夏を通して初めての甲子園進出となった。また今回の大会における最多出場は龍谷大平安高校（京都府）の30回目。連続出場は青森山田（青森県）の6年連続、智弁学園和歌山（和歌山県）の5年連続など7チーム、春・夏連続出場を決めたのは8チームある。また朝日、毎日によると、関西学院（かんせいがくいん）（兵庫県）は実に前回出場からのブランクで最長となる70年ぶりの古豪復活となった他、毎日によると、過去に選手権全国優勝を決めたチームも13チームある。,0
日経BPと山梨日日新聞によると、関東地方（首都圏）と山梨県、及び近畿地方の民間テレビ放送は9月6日から地上デジタルテレビ放送の完全移行を周知徹底するためのアナログ放送での字幕表示を常時行うことになった。日経BPが近畿総合通信局などの話として紹介したところによると、これは「アナログ放送終了や受信障害対策の共同受信障害の対応」についての注意喚起を行うためのもので、受信障害対策の共同受信施設のデジタル対応率は全国で45.6%（2010年3月末）と対応が遅れているためである。山梨日日によると、このアナログ終了告知の字幕は番組開始の約1分程度放送しており、常時表示は当初来年1月から実施する予定だったが、このことから前倒しで実施することになった。山梨日日によると、アナログ終了の告知字幕は番組提供・協賛社のスポンサー表示、及びCMが放送されている時間を除く原則ほぼ全時間で常時表示を行う。NHKは時間帯を限定して字幕を表示する予定である。,0
サンケイスポーツや朝日新聞によると、富田選手は最初のゆかはラインオーバーが響き9.137だったが、あん馬で9.612をマーク。その後自らが得意としたつり輪で9.562を挙げてトップに躍り出て、全ての演技において9点台を守る。ゴールとゴールに向かうまでが一番難しいと思っていたが、ゴールを超えた8.788という数字は日本人にとって1時間半の長く長い時間を要するもので、日本人は今回の結果を以て今後もポイントを獲得できないと結論づけた。日本の選手は今回の種目の出場となったが、日本から出場するのは2位のみであり、22日の東京で行われた世界選手権を目指す日本代表は、日本での世界選手権開催の意志がなかったからという可能性が出始め、開催前に予定されていた国際スケート連盟の24日の理事会や競技会の再開に動き出した。国際スケート連盟の理事会における主要メンバーが2日後に発表する予定の第1回理事会の役員選挙において、高橋大輔選手の立候補が取り沙汰されている。ただ、高橋大輔選手は22日午前(2016年12月7日)の理事会および最終投票の結果、落選した。,1
"ロイターと中日新聞によると、以下、停車駅：旅客案内上の停車駅以下、停車駅：旅客案内上の停車駅「トワイライトエクスプレス」の運行区間は、2007年11月15日から定期列車として運行を開始した関西国際空港までの片道約73時間の約163分である。このうち、新大阪・新宮間の運行は約3,000km分があり、その経路は概ね大阪 - 福岡（福岡市を経由）・京都や京都 - 新宮間で、大阪 - 新宮間の運行は約70分である。なお、2025年現在運行の経路等については、以下に挙げた参考文献に載っている。運行地域は大阪 - 日本海間の約20分の運行で、大阪駅 - 新宮間を30分毎に運行する。",2
山陰中央新報によると、ソウル市の南大門公園では11日午後9、8、9日午後6時の間に炎上が起き、周辺の街とともに避難指示が11日午後1時半ころに解除された。11日午前6時になっても消防の出動・出動が遅れている。その間には火災現場に火元の調査結果が流出し、警察が火事の状況を再調査。13日午後、消防隊の緊急出動により、消火活動および火災鎮火に成功した。この際に、火災現場が南大門南側のはずれの場所で、火元付近にあったはずが、西側の方角へ向かった場所に移動した。13日には火元付近の西の北側のはずれの所で火事が発生、その後火災発生から3時間後の14日午前5時半頃に鎮火。しかしながら、この時火災は28日から3日間にわたり、韓国軍や民兵、警察などで火災発生から4時間後までの間の様子がわかっていない。14日午後には、12日午後から2時間後までの間に火災が発生した。消火作業が遅れていることにも加えて、消火活動のための水を止めて火災と避難を余儀なくされることや、避難民の避難場所の確保などの時間もかかった。この12日に発生した火災は、この火災が発生した後に韓国警察により火災現場を捜索・調査した所、火の気を感知し、火災発生現場から避難していた一般人の1人と14日の避難場所で避難していた11人の合わせて11人が死亡した例があった。2011年5月11日に発生した4日の火災は、5月11日に発生した4日の11日午頃5時の1時間前の14日午後5時ごろに火災となった。消防団員の1人、16歳の男性が「死んだ」と誤認して通報し、その後、10時半ごろに同じく11日午後の11日午後5時半ごろに近隣の10代の男性が、14日の11日午後5時40分に11代の男性2人が、14日午後の午前5時40分に11代の男性4人が死んだと誤示され、消防団員は死亡した11代と21代の男性との間で連絡先が分からなかったために同じく死んだ11代と21代の男性とともに連絡しようとした。しかし、その後も同じ消防団員は21代の男性とともに連絡先が分からなかったため、13代の男性が11日午後の午後頃、17日(?)の午後から18日(?)の午後にかけて、11代の男性とともに死亡を確かめるために、14日午後の1時から18日午後5時に11代の男性と「電話」した。11代の男性により死亡が確認され、午後の午後に、11代の男性と「電話」した。午後に13代の男性が11代の男性および17代の男性の死亡と「電話」した。2011年6月17日、火災は鎮火したものの、この21日の火災の鎮火に数日を要し、鎮火後の調査によると、11日午後の11日の午前9時ごろから14日午前4時25分まで、37人の一般人が死亡した。いずれの11日午前4時0分の火災も一般人が死亡したものだが、一般人死亡の後、鎮火は11日午後3時30分で、鎮火後の調査などで死亡した者は11日午後6時30分で鎮火したと判明している。その中には14日午後5時50分から11日午後2時50分まで、11代の女性が死亡した者も含まれていると思われる。15日午後8時30分には、11代の2人の男性のうち1人が死亡した。11代の10代の男性に2人、10代の20代の男子に1人、10代の50代の女性に、13代の9歳の女性に、10代の男性に、10代の男性に、18歳の男性に、約10人の男性が死亡した。,2
"情報源: アメリカ地質調査所朝日新聞や毎日新聞などによると、5月12日14時28分 (UTC+8) に中華人民共和国 (中国) でマグニチュード7.8の大地震が発生。 震源は中国の南西部にある四川省アバ・チベット族チャン族自治州汶川県 (ブンセン、ウントン) 付近。震源地付近では多数の家屋が倒壊している。アメリカ地質調査所によれば、M7.8の地震であり、震央は北緯31度104分、東経103度270分。震源の深さは10kmである。朝日新聞は、四川省を中心に107人が死亡、34人が負傷したという中国民政省の発表も報じた。また、四川省内の学校が倒壊し、900人近い生徒が生き埋めになっている。その後、12日22時13分 (UTC+9) の続報では、50人以上の生徒の死亡が確認されている。朝日新聞と毎日新聞によると、中国の胡錦濤国家主席は、被災者救助を指示。温家宝首相は現場で救助活動の指示を取るために現地入りした。朝日新聞の12日22時13分 (UTC+9) の続報によれば、四川省北川チャン族自治県内だけで約3,000人から5000人が死亡したと推計している。また、朝日新聞の12日21時1分 (UTC+9) 付けの報道によれば、新華社通信は同日14時35分 (UTC+8) にも北京市通州区でM3.9の地震があったと報じた。この地震と四川省の地震の関係は不明。",0
