text,label
過日訪問分12:30着で待ち５人、20分程で入店◾️見た目　3種類のチャーシューが存在感があり　丁寧な盛付けで美味しそう◾️スープ　濃厚はマイルドな味だが鶏の出汁ベースに　動物系が強めな感じのスープ　スープは別炊きなので手間暇めちゃくちゃ　かかってるとのこと◾️麺　自家製中太ストレートでもちもちしてますが　歯切れは良い◾️トッピング　ロース、バラ、低温調理の3種類のチャーシュー　ロースが美味しかった　味玉の黄身は少し硬くて残念◾️その他　池袋にあった「BASSOドリルマン」の3号店で　池袋本店は秋田に移転「BASSOドリルマン商店」に　要町の「しながわ」と並び都内に残る貴重な店舗,0
"日曜の夜20時前に2名で来店。店内はそれほど混んでおらず、5分ほど待ってカウンターへ案内いただきました。今回は全部入り貝塩ラーメンを注文。全部入りは 味玉・海苔・チャーシューが付いてくるのが嬉しい◎スープは貝のうまみがしっかり効いていて、でも重すぎずさっぱり系。食べ進めていくとふわっとゆずの香りもしてきて、最後まで飽きずに楽しめました。麺はちぢれ麺でスープとの絡みも良く、つるっと食べやすい感じ。中でもお気に入りは味玉！とろとろで最高でした…！そして何よりスープが美味しすぎて、気づいたら全部飲み干してました（笑）食べログ百名店常連店なので普段はかなり並ぶ印象ですが、日曜夜は穴場なのか5分待ちで入れました。店内も綺麗で、カウンターだけの雰囲気も良い感じ◎・全部入り貝塩ラーメン（味玉・海苔・チャーシュー付き）…¥1,600(税込)",2
無性に　しおらーめん進化　2nd     さんに行って来ました！久しぶりに食べに行きたくなり、食べに来ました！自分は　全部乗せ塩ラーメン　と　たまごご飯　を頼みました！スープを一口飲んだらやはり美味い！！となり嬉しくなりました！チャーシューもメンマも手打ち麺もやはり抜群で、大変満足でした！！また行きたいと思いますm(_ _)mご馳走様でした！！！！！,2
背脂生姜味噌ラーメン 1000円半ライス無料paypay30%ポイントキャンペーンがあるので、短期間のうちに再訪。豚骨味噌よりも背脂生姜味噌の方が好み！生姜のグッとくる喉越しと味噌が合う。背脂はバターかな、と思うほど濃厚でクリーミー。もちもち麺が濃厚なスープと合う。チャーシューは脂身あってジューシー。ご飯にはカレー粉をかけて、レンゲのスープに投入して、カレーライス。最後はコーンをすくいながら、スープをほとんど飲んでしまった。---平日の夜に訪問。21時過ぎ、先客2人。,0
初めて降りた駅、多磨霊園。目当てはもちろんこちら、中華そば心さん。11時少し過ぎに到着、先客は２名。食べログの情報ではオープンが2019年になっているが、新店のように綺麗な店内ではJAZZが流れ、落ち着いた雰囲気の中、店主さんワンオペでの営業。提供までは5分ほど。綺麗な麺線がしっかり目視出来るほど、美しく透き通るスープ。見た目通り淡麗のあっさりしたスープだが、白醤油から来るコクか、しっかりと旨味を堪能でき、ネギと赤玉ねぎの食感と辛味がまた良い仕事をしている。麺は程よい茹で加減でコシがあり、ツルンとすすり心地が良く、スープとの相性も良い。しっとりの鶏チャーシューと、ローズマリーが香る少しイタリアンを思わせるような豚チャーシュー。これがアクセントにもなり、この存在感が１杯の完成度を押し上げているように思う。そして、肉ご飯。甘めのタレとマイルドな卵黄にブラックペッパーのスパイス感が最高。残ってるスープと交互に頂きながら食べ進め、気が付いたら完飲完食！またしてもリピートしなければならないお店に出会ってしまった。ごちそうさまでした！,0
"土曜13時過ぎテーブル、カウンターともに空きありいいお店なのに相変わらず並ばず食べれる味玉青唐生姜そば 1,150円煮干し坦々和え玉 価格忘れスープは一口飲むと喉に青唐辛子の辛さが直撃辛いの苦手な人は食べきるのつらそうなほど辛い物好きの私としては、麺の旨みと辛いスープがよく絡んで美味",1
お昼過ぎ、12時30分にお店に着いて、並ばずに、カウンターに着席出来ました。定番の豚骨味噌ラーメンを注文しました。平日のランチ時は、半ライス、麺大盛りが、無料で、980円でした。以前いただいたクーポンで、味玉を頼みました。ボリュームは充分で、このお値段で、本当に努力されていて、感謝したいです。味も美味しくて、カレー粉をスープに入れて、ご飯でシメる、食べ方をしました。最後まで美味しくいただきました。また、食べに行きたいお店です。,0
"Feel The 雲吞塩らぁ麺 2,050円Feel The 雲吞醤油らぁ麺 2,050円TableCheck予約手数料 390円計 4,490円毎週水曜日の予約争奪戦。毎週取り負けてようやく最終営業週の予約を奇跡的に確保。つけ麺最終週までに予約取りたかったけど仕方が無い。今回は青梅駅からバスを利用。所要20分くらい。予約時刻の20分程前に到着。受付終えて屋根裏へ。30分程してベルが鳴り店内へ。最後なので連食にてお願いする。塩→醤油の順がお勧めとのことでその通りにお願いする。どちらも美味い。いずれもスープ完飲。特に塩は前回より美味しかった。それにしても連食の際の二食目の提供タイミングが絶妙過ぎる。一旦お疲れさまでした。またいつの日か。",2
ねぎラーメン（固:普通）¥900近くに来た着いでの入店でしたが、TV撮影で使用されてる有名店なんですね。ただちょっと不安だったのは苦手な九州とんこつ系。意を決して入店した直後は店内の匂いにビックリです。とても不安を感じながら注文したのはねぎラーメンの固さ普通。思いのほか早めに着丼したねぎラーメンはねぎと油で一面が覆われており、鮮やかな青に輝いております。スープを啜ってみれば、、、あら美味ーい。まろやかで豚の臭み無し。ネギがアクセントになっててこれまた美味い。麺がトロミと油を含んだスープとよく絡み美味しい。具材はシンプルだけどこのスープともよくマッチしており、スープを引き立たせております。紅生姜や高菜で味変しながら食べるとパンチが効いてまた別のおいしさに。九州豚骨を毛嫌いしていた時間がとても勿体ない時間だったと気付かされたお店となりました。ごちそうさまでした♪,0
美味そうなの見つけて入店濃厚頼んだけど確かに濃くて美味いドロドロじゃないのもいい。けどすこし塩っぱいかな。ご飯他より盛り多いかな。自分の記録用☆3    普通☆3.5 友達に誘われたら食べたい☆4    たまに食べたい☆4.5 定期的に食べたい☆5    予約してでも、並んででも食べたい基本並ぶの嫌いなので5付けること少ないです。,1
猫月さんの限定、毎回楽しみなのですが中でも海老系は最も楽しみでして。3連休は、予定があり土曜日を逃してしまうとしばらく行けなくてやらなきゃいけないことをほっぽって、いざ❣️11時過ぎにお店に到着。すでに行列。2巡目に入れた様で.30分弱待って着席。今日は欲張らない様にしようと思ったけど、無理でした。限定の他にやはり海老和え玉も追加注文。透明なスープは海老の香りで広がり、美味しい^ ^海老味噌玉を溶かすとコクが増します。で、極め付けの和え玉。至福〜♪今日も美味しかった！ごちそうさまでした♪,0
銀座三越や松屋の裏手、ショッピングや仕事の合間に行き交う人々で賑わうエリアに店を構えるこのお店。最近都内で勢力を伸ばしている、いわゆる「ちゃん系」の流れを汲むお店で、銀座という立地に相応しい清潔感と活気がある。今回はランチタイムに訪問し、ちょっと贅沢に「特製中華そば」をオーダー。さらに、どうしても気になっていた「有難豚のせあぶら」を追加トッピングした。運ばれてきた丼のビジュアルに圧倒される。受け皿にこぼれ落ちるほど並々と注がれた透き通ったスープと、麺が見えないほど敷き詰められたチャーシューは、「特製」の名に恥じない豪華さ。透き通っているのにガツンとくる動物系の旨味と、醤油の塩気がキリッと効いていて、身体の芯に染み渡る「しょっぱ旨い」味わい。「有難豚」とは、昔ながらの飼育法で育てられたブランド豚だそうで、キリッとしていた醤油スープに、上質な脂の甘みとコクがプラスされ、味わいが一気にまろやかに。決してギトギトした脂っこさではなく、とろけるような甘みがスープの角を取り、レンゲが止まらなくなる中毒性を生み出していた。味もさることながら、個人的に嬉しいのが「クレジットカード決済が可能」である点で、多くのラーメン店がいまだに「現金のみ・小銭必須」である中、券売機でサッとカードや電子マネーが使えるのは、銀座で働く現代人にとってこの上ないメリット。現金の持ち合わせを気にせず、スマートに入店して美味しいラーメンにありつける。このストレスフリーな体験は、リピートする大きな理由になる。,0
実は今日は朝から飲んでしまって結局4軒梯子してしまった。ビールにホッピー、テキーラなど大量のアルコール祭り。いずれもお馴染みの店ばかりだったので改めて食べログに書くまでもないなという判断。流石に夜になってもアルコールが抜けきらないので夜は大人しくアルコールは抜くことにしました。　さて、どこか新しいお店でもないかなと探していましたが、私のフォロワーさんが二名も行っていらっしゃるので間違いはないだろうということで訪問。先日来た時は行列ができていてあきらめたのだが、今回はすんなり入れました。自販機でフツーの味噌ラーメンを注文。店員さんから「ニンニクとザーサイ増しますか？」と尋ねられ「ザーサイ？」と疑問に思いながら、どちらもノーマルのままお願い。　後でわかったのですが「ザーサイ」ではなく「野菜」の大盛りができたんですね。しばらく待つとノーマルの味噌ラーメンが到着。見た瞬間からわかる濃さ。うっやばいかも。箸が経つことで有名だった初期の天下一品と比べてみたくなり、お下品ですがお下品ですが箸を立ててみます。すると天下一品ほどまでは行かないことが判明。それにしても濃い！もやしやネギ、ニラ、キャベツなど数種類の野菜がクタクタになるまで煮込まれています。これらが煮詰められ煮詰められてこの濃厚スープが出来上がるのでしょう。　麺は太めのストレートタイプ。うわぁ腹にこたえそうだなぁ。チャーシューもパワフル。これ、カロリーすごそう。スープの方は味噌！って感じではなく、むしろ色々な具材から出た出汁をベースに味噌は隠し味、という雰囲気。途中で酢を投入し味変。さっぱりした味わいになります。最近、ニンニクパワーに負けることが多いので今回もニンニクは普通にしましたが、こういうのってやっぱりニンニクマシマシが美味しいんだよね。若い胃が欲しい。,0
春木屋 荻窪本店@荻窪『わんたん麺 ¥1350』1949年創業。東京中華そばの草分けとも言える、言わずと知れたレジェンド級の超老舗名店。誰もが認める東京ラーメン界の大重鎮。ラーメン好きとして恥ずかしながら、今回が初の訪問となります(震)大きな暖簾をかき分けた先にある店内は、老若男女、お一人様からファミリーまで様々な客層が集うほっこりとした雰囲気。カウンター席は厨房とほぼゼロ距離で、昔ながらの匠の技術がしっかりと継承された美しい調理風景を間近で贅沢に体感することができます。✨今回は春木屋さんといえばの“わんたん麺”を注文。煌々と輝く油が蓋をする熱々なスープは、芳醇なコクを纏ったカエシの旨味がビシッと味蕾の奥を揺らしつつ、煮干や節等の魚介を主体に、幾重にもなる素材の風味が複雑に絡み合い、一つの結晶と化す、歴史と革新入り混じる美味しさ。✨平ザルを用いた職人技で次々と上げられる自家製の中太微ちぢれ麺は、表面プリっとしつつも噛むと少しモソっとした、不思議な食感があと引く逸品。スープの旨味・香りもしっかりと乗って後引きます。きめ細かな滑らか食感が極上の域に達するわんたんをはじめ、コリと甘く上品な味わいなメンマ、旨味の雫滴るしっとりチャーシューと、洗練された数々のトッピングが証明するのは変わらないために変わり続けてきた、たゆまない進化の歩み。✨70年以上もの絶え間ない日々の中、美味しさを守り続けてきた春木屋さんの偉大さをひしひしと感じる、寸分たりとも色褪せない一杯。永遠に、なくしてはいけない日本の味がここにあります。,2
カウンターの６席のみのお店。マスターがワンオペで切り盛りしています。運良く並ばずに済みましたが、直ぐに満席になりました。味玉そばを注文。無料で半ライスが付いてきます。スープは淡麗で、昆布、煮干、椎茸の旨味がギュッと詰まっています。爽やかな風味が鼻から抜けていきます。ストレートの極細麺で麺線を綺麗に仕上げて提供してくれます。厚みのあるチャーシューは食べ応えがあり、お肉と脂の旨味も素晴らしいです。,1
本厚木駅南口からすぐ、路地裏に佇む隠れ家的な名店「中華つけ蕎麦 でき心」。ここは、かつての名店「二代目 梅家」の跡地に誕生し、その確かな技術とこだわりで早くも麺好きを虜にしている一軒です。看板メニューの「つけ蕎麦」は、鶏のふくよかな旨みとキレのある醤油ダレが調和した、淡麗ながらもパンチのあるスープが特徴。一口飲めば、丁寧に抽出された出汁の深みが体に染み渡ります。合わせる麺は、瑞々しく喉越しの良い中太麺。小麦の香りが強く、スープにくぐらせるたびに至福の瞬間が訪れます。,1
"注文：つけ麺¥1,000-支払い方法：先払い、現金のみ以前よりいつか来てみたいと思っていたこちらのお店。行動範囲からちょっと遠いのと客席数が3席とハードル高めで行きそびれてましたが思い立ったが吉日と訪問です！開店時間約20分前にお店に到着しましたが10分前には2番手さん…そして、開店前には続々人がやってきました。開店時間前狙って良かったー時間になり扉が開き入店です。一歩入ると椅子の並んでるカウンター席が扉から見て横に並び、テーブルの上にはラーメンと書かれた赤いのれんがかかってます。ここは〜やっぱり1番手の私は詰めて座らないとだよね？と入口から見て右手奥へ。だが！？2番手さんは入口近くの出入りしやすい席に。そして3番さんが真ん中に着席。奥の席は目の前壁で何も見えないので入口側に座ってもよかったならそっちが良かったな〜苦笑さて、席について程なく水の入ったコップ（大きめ）が到着。そして、準備していたお金をお渡しして注文と支払い完了です。その後は料理が出てくるまで店内を流れるラーメン番組の映像（店主さんがオリジナルで編集した？東池袋大勝軒関係のテレビ番組やYouTube動画）をふんふんしながら待ちました。ちなみに待ち時間は10分強くらいでした【つけ麺】つけ汁の入ってる器は小鉢よりちょい大きめ。はんゆで玉子にナルトと具材がたっぷり入ってる予感が♪麺鉢も小ぶりだけど麺量330gで器の中がニンマリするほどパンパンです！ちなみに店主さんから「多かったら残していいからね」とのお声がけ。お気遣いありがとうございます！しっかり残さず食べるつもりですけどねっ！・麺：見た目からツヤツヤピカピカしていてちゅるちゅるしていそう。箸で掴んでぱくり、唇に触れた麺が…おぉ〜柔らか〜い！想像よりも柔めの食感でちょっとびっくり。でも、でも、麺肌ちゅるちゅる、もちもち、ふわふわ、多加水で瑞々しい。・つけ汁：まずは麺をどぷんとつけてちゅるちゅる〜…おぉ、なんか甘みが強い！そして続けて感じる酸味と醤油のカエシの塩味。魚介と動物を使ってると思われるスープはなるほど大勝軒！でも、その中でもこちらのつけ汁は甘味強めで酸味もしっかりだ油も思ったより多いと思うのですが不思議と優しいです。もしかしたら麺がほわもちっと優しいからそう感じるのかもしれません。・具：つけ汁の中にはチャーシュー1枚。厚みも程よく臭みなし肉食べてる感もいい！うまい！メンマ→カリコリ食感、ほんのりメンマ臭が懐かしい感じ。ナルト→ちょいとスカスカ。海苔→普通。半玉子→あると嬉しい！薬味は輪切りの白ネギ。・スープ割り：お伺いするとステンレスボトルから器に注いでくださいました。麺量多めで器が小さいのでアツアツスープで温感戻って飲み干しやす苦なりました。ちなみに同タイミングで食べてたお二人はそのまま飲み干してました。うん、割らなくても飲み干せると思います…が、初めてだったので頼んでみたかったのです〜w【まとめ】今まで食べてきた東池袋大勝軒系？のお店の中ではほわもちの麺に甘味のあるつけ汁とかなりオリジナリティ溢れる味でした。メニューは一種類、あつもりもできないけど、ここだけ感は間違いないですね！ちなみに？チラッとしか店主さんが見えなかったのですがなんとなく山岸マスターに似てるような気がしてほっこりしましたw",0
武蔵御岳神社今年一年の感謝と御礼⛩️お札もいただき帰り道〰︎ramenfeel 例年、予約してお訪ねなんですが今年は予約が取れず青梅街道沿いのコチラへ昼、外待ちなしも券売機前にお客さん妻、長男、1番下と入店。車なのでお約束なし特製調塩らーめん 味玉入り・鯛おこわ海老坦々つけ麺 海老つけ麺 帆立白湯つけ麺 釜揚げミルク仕立てどれも盛りが良く、麺は極太味が濃いです。長男いなかったら食べれて無い〰︎,1
初めて訪問いたしました。ラーメンあまり食べないのですが無性に食べたくなり。。。鴨ロースの塩ラーメンにチャレンジしました。うまい。スープが美味かったです。鴨のラーメンも初めてかなあです。メニューがたくさんありましたので次回　違うメニューにチャレンジしたいと思います。少し並びました。,0
平日ランチに伺いました。都道14号を少し横に入るとそれらしいのれんが見えます。店構えは薄暗く、入りにくい雰囲気。13時待ち人なし、店内に1組カップルがいました。店内も暗く、散らかっていて清潔感はありません。おそらくトイレは使えません。走り書きの注意書きも多く、無愛想な店主と相まってかなり不安になります。しかしラーメンは一杯700円と都内ではありえない値段で、しかもすごく美味しい。コスパ重視な方にはかなりおすすめですが、清潔感と接客を重視する方にはおすすめしません。ただ味は間違いないです。,0
"大山駅と板橋区役所前駅の間にある「モリス」を訪問。中華そば 得のせ（¥1,200）＋大盛り（¥150）を注文しました。近年のラーメン価格高騰を考えると、このボリュームでこの価格はありがたい。スープはどこか懐かしさを感じる醤油ベース。角がなく、まろやかで心が落ち着くような優しい味わいです。麺はツルツルとしたストレート麺で、太麺ではないものの弾力があり食べ応えも十分。この“しなやかさとコシの両立”が絶妙で、スープとの相性も抜群でした。味玉は半熟具合が完璧で、黄身がとろりとしている仕上がり。スープや海苔と一緒に食べると、より一層旨味が広がります。チャーシューはホロホロと柔らかく、箸で崩れるほど。しっかり煮込まれており、肉の旨味がスープとよく合います。全体として、優しいスープと丁寧な仕事が光る一杯。派手さはないものの、どこか安心感があり、毎日でも食べたくなる味です。次回はつけそばにも試してみたいと思います。",0
"水曜祝日11:35現着　前10人　食券後買い12:49着席　13:00着丼夢にでてきた中華そば2,000円通常土日祝日はお休みですが、Xで祝日営業をやる告知を見て訪問しました。12時オープン予定でしたが、11:30ごろに早開けされており、ちょうど1巡目が入店したぐらいに接続しました。回転は良くなかったです。つけ麺と夢に出てきたで悩みましたが、寒かったのでラーメンを選択！2,000円と高級です！！座ってるだけで煮干しの香りが漂ってきてうきわくします。少し塩味強めですが、スープ美味しいです麺は細めのストレートパツ麺。歯応えがあり美味しいです。ローストビーフと豚肉ほろほろチャーシューも絶品でした。相方はつけ麺Wをセレクトしていて、麺が2種なんですが、ピロ麺風の麺が美味しかった！寒さに1時間震えていたので±0！ごちそうさまでした( ͡° ͜ʖ ͡°)",2
昨日は、国分寺で乗り換えだったので、「鶏そば ムタヒロ 2号店」さんでランチをして乗り換える事にしました。「2号店ということは、1号店もあるの？」と思われた方。正解です！同じ国分寺駅近くに「中華そば ムタヒロ 1号店」という煮干しラーメンで有名なお店があります。聞くところによると、中華そばムタヒログループ全体で各地にラーメン店があり、それぞれ違うタイプのラーメンを出しているそうです。国分寺でも一二を争う人気店で、食べログ百名店に4年連続で選ばれたことがあります。こちらの「鶏そば ムタヒロ 2号店」さんは、国分寺駅北口を出て約4分のところにあります。平日13時半過ぎに入店すると先客7人。店内は綺麗でコの字型のカウンター席のみ。運良く、1席空いてた✨️1番人気の「濃厚鶏白湯そば」にしました。待つこと7分で着丼。☆スープ◎黄金色のスープは濃厚な鶏白湯☆麺◎中太ストレート麺☆具材　　豚チャーシュー1枚鶏チャーシュー2枚穂先メンマネギ穂先メンマ1本しか入ってない、追加しても良かったかな〜ゆず胡椒とおろし生姜(おろしと書いてありますがざく切りです)を無料で頂けるんですが、濃厚白湯なので、生姜のが合う☺️スープが美味しくて、これはスープリゾットにしなきゃもったいないってんで、＋100円出して「小ライス」追加スープにご飯を混ぜて、黒胡椒をたっぷりかけたら、イタリアンで食べるリゾットのよう✨️満足満足♥️なかなかこちらに来る事はないのですが、途中下車して良かったです,2
地下鉄丸ノ内線方南町駅出口１より徒歩１分ほどの環七の陸橋側道沿いにある東京豚骨ラーメンの名店です。オープンして既に8年も経ったのですね。4年ぶりの訪問となりました。濃厚ラーメン + 替玉太麵・細麺の両方から麺を選べます。太麺は大盛無料なので今回も太麺とも思ったのですが、こちらの濃厚ラーメンは麺が異なると全くの別物となるため、今回は最近ハマっている濃厚博多系が食べたいと思い細麺を注文です。一杯目はノーマルのまま味わいます。その名の通りクリーミーな旨味タップリの濃厚豚骨スープで臭みは少ないので、豚骨苦手な方でも食べられると思います。バリカタで頼んだ細麺が物凄くよく絡みます。スープが大分減るような気がしたので二杯目にとっておかねばです。具材は柔らかな大判のレア気味のチャーシューが2枚、キクラゲ、海苔、メンマといった定番メンバーが全体のバランスを整えます。替玉もバリカタで注文です。二杯目はいつものごとく卓上の紅生姜、白ゴマで味変です。豚骨ラーメンに紅生姜は牛丼の紅生姜同様に合いますね。最後は卓上のレモン酢をチビリして完食です。ご馳走様でした。,2
以前普通の金目鯛ラーメンを食べたことがあったので、再度訪問。今回は白湯を注文してみました。金目鯛の味わいはしますが、白湯のせいか通常のラーメンよりも風味が落ちている気がしました。個人的には通常のラーメンの方が好きです。トッピングなどなければ1000円以内でラーメンたべられますので、コスパはいいと思います。いつも並んでいる印象はありましたが、この日は休日の12時くらいに訪問しましたが、並ばずに入ることができました。,1
この日は合い盛りつけ麺のみの営業でした。お蕎麦を芳醇な鶏スープで食べるようなメニューでした。まさにここでしかいただけない麺料理。別皿トッピングも豪華でつけ麺の箸休めとして楽しめました。次も何がいただけるのか楽しみです。,2
豚骨味噌ラーメン(980円)12時9分到着。店内半分ほど埋まり。食券機各種キャッシュレス使えます。ランチタイムは麺大盛りとライス無料と太っ腹です。もちろん大盛りにしました。ライスは半ライスか小ライスか選べて咄嗟に半ライスと答えましたが、小ライスの方が多いのかな？仕上げ油はマー油か辛ネギ油選べて辛ネギ油にしました。待っている間炙ってる良い香りがしますね〜。12時18分着丼。スープは濃厚豚骨味噌で美味しいです。花道庵みたいですね。辛ネギ油が良いアクセントでピリっと締まります。麺は黄色味がかった中太ストレート。大盛りなので量しっかり。チャーシューは炙ってて香ばしいです。ライスに残ったスープと卓上のカレー粉をかけてセルフカレーにすることを店側が推奨しているので試してみました。カレー粉は塩気が結構あるので、半ライスに対して一杯で十分です。うん、中々美味しい。一度で二度楽しめます。ごちそうさまでした！,0
向日葵さんは、日産三鷹の向かい側にありますので、日産に用事がある際に、寄っています！今日は、お昼過ぎ、2人程度の待ち客でしたので、即並び、10分ぐらいで入店出来ました！醤油ラーメン1050円に鶏めし280円を注文！やはり、うまい器を含めてアツアツ、まろやかなスープに細い硬めの麺、絶妙です。スープは、飲み干してしまいます！鶏めしも、絶妙な塩加減で、スープと一緒に食べると病みつきになりそうです！,0
【訪問】平日12:10／行列5番目に接続／7分待ちで店内へ【注文】銀笹塩ラーメン¥1100＋半鯛飯¥300鯛飯のおいしい食べ方が書いてあったら注文しないわけにはいきません。テーブル席に案内して頂き、あらかじめセッティングされているお盆にアツアツ塩ラーメンと鯛飯着丼。スープはかなり塩味が強くて、鯛飯にかける前提？の味付けかも。薄味好みの私にはちょっと味が強かったけど、出汁が効いてて美味。麺が細麺なので、尚更もうちょい薄味がいんじゃないかな？とは感じました。ぐるぐる焼豚は柔らかくて美味い。好みです。魚介のつくねも鯛飯と一緒に頂いたりして、美味しでした。鯛飯はおすすめの食べ方通りに頂いて、濃いめのスープに合うように塩味がほぼ無い鯛飯でした。雑炊にして美味しいけど、やっぱりスープが私には濃過ぎたかな…。,2
"［最寄駅］町田駅北口→徒歩10分程度週末11:15到着で待ち前に8名。「食べログだと12席だし一回転目いけるな」と余裕ぶっこいてたら、まさかの席数8席…！完全に“席数の罠”にハマり、2回転目へ突入。笑ただ、待った分だけちゃんと報われる一杯でした。［本日のオーダー］※価格は全て税込表記◉特中華そば　　¥1,400-▶︎▶︎▶︎まずスープが綺麗すぎる琥珀色で、ひと口目から「あ、これ丁寧なやつだ」と確信。醤油のキレがありつつ、出汁の厚みもあって、油の甘みがふわっと広がる。重くないのに満足感は強い、ずっと飲めるタイプ。麺は手揉みっぽい縮れで、スープをしっかり連れてくる感じが最高。チャーシューは大判でしっとり柔らかく、噛むほど旨味。さらにワンタンのぷるっと感が良いアクセントで、食べ進めるほどテンション上がる構成。海苔・青菜・味玉まで全部きっちり仕事してて、隙がない。待ち時間込みでも納得の名店。ご馳走様でした！ぷはぁ〜。▷投稿時点数(3.83)▷投稿時口コミ数(1,227人)︎︎︎︎……………………………………………………………このお店のレビューが参考になりましたら、画面下の「いいね」ボタンと「お店を保存」ボタンをPUSHして頂き、是非行ってみてくださいね♪︎︎︎︎……………………………………………………………",2
▼独自視点・総括おもてなしは最上級。ただ、おしぼりやトイレなど気になる点はあった。他のお客さんに対して担々麺をかなり推していたので、次は担々麺を食べてみようと思う。▼入店まで10:25着。前にはすでに18人が並んでいる。待っている間、カイロやキャラメルを配布してくれた。なかなかここまで気配りできるところはない。12:10頃店内へ。前評判通り2時間前後待った。▼雰囲気スタッフは4人。男性が調理、女性がそれ以外といったところか。店内は明るく一席あたりの間隔も広め。トイレは綺麗だったが、建付けが悪いのかドアがなかなか閉まらない。封を開ける前からおしぼりにシミがついていたのが少し気になった。▼メニュー特上中華そば 1850円+替玉 200円▼ 見た目・味見た目はとても美しい。まずはスープを一口。鶏をベースとした、濃厚で絡みつくスープには衝撃を受けた。麺はストレートだがパツパツよりは少し柔らかめ。九条ネギの風味がすごい。卵の半熟具合は最高レベル。替玉単体での味はほぼなく、固まっていたためスープに浸すことが必須。,2
散々飲んだあとのシメで朝方お邪魔しました。ラーメン大盛味玉とキムチご飯大盛をお願いするとものの数分で供されます。ラーメンのスープは少しどろっとしていますがあっさり豚骨、キムチご飯はお米が炊きたてだったのか美味しかったですが、大盛にしたせいかキムチが少なく感じました。,0
訪問日：2026年1月31日（土）訪問時間：12:15訪問時の並び：0人ラーメン激戦区池袋で結構昔からあるこちらのお店自分が学生の時に来た記憶ホタテの濃厚なラーメンが食べられる麺量が多くおなかいっぱいになれる印象◾︎オーダー濃厚ホタテそば◾︎味並々と入ったスープは白湯ホタテの濃厚なやつ。旨みがギュッと詰まっており美味しい。麺はもっちりとした中太麺で濃厚なスープをしっかりとリフト。貝出汁系はインパクトが薄くなりがちだがこのラーメンはしっかりと、パンチがある。◾︎接客とても良い美味しかったです、ご馳走様でした。【評価基準】3.0未満  再訪なし3.0～     再訪の可能性が低い3.5～     再訪するかもしれない4.0〜     再訪確定4.5～     何度も通いたい,0
【2025.8.18】調査報告書。11:35分現着。時点で10名待ち。券売機にて…①『汁無し(350g)』1050円+『豚券』250円+『うずらの玉子』100円②『ラーメン(150g)』990円の食券を購入。汁無しのトッピングコールは「野菜増し、ニンニク、アブラ増し」並びから待つこと21分で着丼。並びの割に意外と回転は良いです。汁無し、豚券、うずらの玉子◆ビジュアル 4.2点ヤサイマウントの傍らには大量のフライドオニオンと分厚いブタの存在感。◆タレ 4.0点醤油ベースのタレでやや甘味も感じます。別皿提供のアブラは甘めでブタカスも結構入っています。◆麺 4.1点長方形の断面をした太麺でムチッとした食感。小麦の風味も良くて美味しい。◆ブタ 4.4点豚バラ肉をロールしたブタは極厚にスライスされています！！直径も大きく迫力のフォルム！！分厚くて大きいだけではなく、非常に柔らかな食感で味染みも良くクオリティが高いです。脱帽！！◆玉子 3.8点半分にカットされた玉子が2つ豚券を購入するとおまけで付いてきます。◆ウズラ 4.0点昨今物価高で個数を減らしたり値上げをしたりが他店では当たり前。しかし当店は5個で100円とリーズナブル。企業努力の賜物、感謝しながら頂きました。◆ヤサイ 4.0点モヤシ8:キャベツ2の割合クタ茹でのヤサイがたっぷり。◆その他具材 3.8点フライドオニオンは香ばしくて美味しい。【総評】当店では初めての汁無しラーメンと汁無しの二枚看板で勝負しているだけあって汁無しも非常にクオリティが高かったです。,1
カウンター席がたった１席空いていたので、運良く並ばずに済みました。箕輪家ラーメンの普通盛り、セットの無料ライスの普通盛りを注文しました。券売機で好みの量や仕上がり、トッピングをすべて選択できるので、とっても便利です。熟成豚骨を謳っているだけあって、スープはまろやかで旨味と甘味が強く出ています。舌に残る後味から、徹底した豚骨の煮込みや砕き具合がよくわかりました。薄切りのチャーシューは口に入れると直ぐにトロけました。,0
限定の**「甘海老の白味噌と酒粕そば」**を注文。着丼した瞬間、まず立ち上るのはふわっとした酒粕の香り。その奥から、甘海老特有の濃厚な甲殻類の旨味がじわりと漂う。香りだけで“只者ではない感”。スープをひと口。濃い。だが、くどくない。白味噌のまろやかなコクに、甘海老の甘みと旨味が幾重にも重なり、酒粕が全体を包み込む。味噌ラーメンというより、もはや“和のビスク”。甘海老の出汁がここまで前面に出ているのは珍しい。麺は中細ストレート寄り。やや低加水で、スープをしっかり持ち上げる設計。濃厚なスープに負けない存在感がある。トッピングも抜かりなし。甘海老の風味を邪魔しない構成で、チャーシューは控えめながら旨味はしっかり。全体のバランスを壊さない。後半、酒粕のコクがより前に出てきて、体がじんわり温まる。冬場なら確実に刺さる一杯。かなり攻めた限定。好みは分かれるかもしれないが、甘海老好き・甲殻系好きには間違いなく刺さる。味噌×酒粕×甘海老。この三位一体はなかなか出会えない。限定で終わらせるには惜しい完成度。ご馳走様でした！※近隣に駐車場有,2
猛暑だった夏も後半に差し掛かり、冷やし中華のシーズンが終わってしまうのではと思い、春木家さんを早速訪問。コシのある麺。酸味のあるスープ、そしてタレント揃いの具材が、冷やし中華のヒトサラを盛り上げます。いやぁウマかった。春木家さん、いつも有り難う‼︎,0
老舗の風格漂う中華麺店 喜楽で、チャーシューワンタン麺と餃子を堪能。丼いっぱいに広がるつるんとしたワンタンは皮がなめらかで、口に入れるとふわっとほどける食感。コク深い醤油スープは背脂の甘みと香ばしさが重なり、もやしのシャキシャキ感が良いアクセントに。肉厚なチャーシューはしっとり柔らかく、味玉のまろやかさも絶妙です。さらに焼き餃子はこんがりとした焼き目とジューシーな餡がたまらない一皿。ボリュームも満点で心からおすすめできる一軒です。,2
方南町駅から徒歩1分の場所にあります。濃厚ラーメン黒をいただきました。ラーメンはこってり系の豚骨です。豚骨ですが、後味はクリーミーでさっぱりとしており全く重さを感じません。パツパツの細麺がスープによく絡んで美味しいです。,2
駒込界隈の老舗ラーメン店。ひさびさにお邪魔してきました。昼時、カウンターほぼ満席も待たずに入店。5分も待たずに着丼です。正直みなさんの評価ほど期待していなかったのですが、コシがあり、甘味も感じられる麺が熱々で提供され、並ながら量もしっかり。スープは塩味が立ったあっさり系。旨み重なるドロッとしたスープが好きですが、程よくさらっとあまり濃すぎず。ランチにいただくにはちょうど良い感じでした。前回よりやや評価アップ。,1
見た目も美しく美味しそうなつけ麺つけ汁は、煮干しの苦味といったパンチを抑え良い香り。食材にこだわってるとのことですが、たまごの味が濃くて確かに美味しい。と思いました。力強い麺も噛むほどに旨みを感じていいですね。百日紅と書いてさるすべりと読むのか。初めて知った。良店です。電子マネー対応も嬉しい。,1
後輩ときました！初めて！周辺でランキング高いここへ後輩もオススメとのことでかなりドロっとした濃厚魚介豚骨明太子ご飯も♪細麺と太麺が選べるタイプもちろん細麺です(笑)魚介豚骨としては、たしかに美味いナンバーワンになっだけはあるでもやっぱり、豚骨がいいな(笑)出たら、隣のうどん屋のほうが並んでました！今度はそこ狙いたい！,0
醤油 + チャーシュー名店に初めて伺いました。タブレットで受け付けるタイプ。14時頃だったので5組待ちで入れました。インバウンドも多いんですね。着席しオーダーするとPayPay使えて助かります。自分も店員さんも現金に触る環境は不衛生です。さて、店主の調理行程を目の前で見られるライブ感のある席で麺が丁寧に手揉みされているのが丸見え。もちろん手揉み麺をチョイス。しばし待った後に着丼です。スープはやや温度は低めですが、鶏の旨みが感じられますね。3分強茹でられた麺はプルモチ食感で縮れがスープをサルヴェージです。ましたチャーシューは低温は大きめで肉肉しい仕上がり。バーナーで炙られたチャーシューは満足度高いなあ。ハシヤスメの蓮根はラーメンという料理で出会ったのは嬉し恥ずかし初体験☆かな。とても美味しく完食させていただきました。,2
13時に店に到着、外には9名の待ちがあり店内に入ることができたのは14時。14時の段階で私の後ろにはまだ14人の待ちがあり、本日の並びはそれで終了とのこと。塩ラーメンの食券を購入して店主に食券を渡したのが14時5分、それから10分後の14時15分に着丼、時間がある時にしか訪問できない当店。今回は、前回訪問時とは違って店主の対応も普通で塩ラーメンも普通に美味しかったので、まずまずの満足感。ただ、成増のべんてんの方が回転が早く行きやすい店であることは間違えありません。,2
下北沢で1番の老舗で、1番美味しいラーメン。建物の老朽化で、2025年9月15日まで現在の店舗で営業して閉店し、近くで再開する予定とのこと。都内ではなかなかない福井敦賀ラーメン。本当に美味しいので、早く復活を期待しています。閉店までに、もう一回行こうかな。,0
飲んだ後だったので記憶が曖昧なんですがめちゃくちゃ美味しすぎて脳バグで食べてた記憶はあります。笑貝出汁塩の特製。とんでもなく胃にしみて美味しかった……！！麺も好みでした。そして、頂いたバターを入れたらまた化ける。また近いうちに再訪します。次はあるうちに期間限定の牡蠣ラーメンが食べたい。,0
"土曜日の14時過ぎに訪問。雪がちらつく中、20分は並んだろうか。６席しかないから仕方ない。お店に入って注文してから麺を切る。カウンターが低くて、作業を目の前で見れるライブ感はいい。麺を切って手で揉んで、丁寧な仕事っぷり。これは待つわけだ。出てきたラーメンは見た目も綺麗でこれまた丁寧な仕事が伺える。気持ちいい。味も良い。何か強いダシは感じられず、オーソドックスな醤油味。わりと脂っこくて太めの縮れ麺によく絡む。さっき麺を切ってるときは真っ直ぐな麺だったが、手で揉んでこんな縮れ麺になるんだと感心。量少ないが九条ネギが良い味出しててgood。アクセントになった。普段はないがここはスープまで完飲。優しい味で飽きずに飲める。併せて肉ごはんを頼んだが、こちらはもう少しタレの量を増やして味を濃くして欲しかった。薄味で物足りず。お肉は美味しかった。しかし、ラーメンで2,200円払ったのは初めてかも。かなり強気のプライシング。それでも行列できるからすごいな。",2
新小岩駅から数分の人気の二郎系ラーメン人気ラーメン店一燈の系列初めての訪問であれやこれや悩んだ末に漢盛り1200円にしました(食券制)。とはいっても、二郎系の並は最近きついのでミニ(150g)で漢盛りとは燈郎の濃厚ラーメン（大盛り）サイズに最初からステーキトッピングが乗ったもの。見事な眺めでミニにしてよかったと思いながらいただきました。もやしはシャキシャキで好みの状態でステーキにチャーシューも乗っていて食べ応えあります。麺は他の二郎系よりボキボキ感はマイルドで食べやすく好きなタイプです。,0
過日訪問分12:15分着で待ち2人伊藤さんの新店が出来ていることを発見し早速訪問煮干しの良い香りが店内から外に流れ出ています相変わらずすっきりな煮干しスープとややぱっつんしたうまい中細麺チャーシューもホロホロと柔らかく煮卵も良い感じの仕上がりネギトッピングにもひかれるもともとスープも多くないのでほぼ完飲状態になってしまった,0
"水曜日の12時に4年ぶりに再訪問！！待ちが1人！！10分待ち入店！　　　　◆食べログ評価驚愕の『3.84』⚫︎東京ラーメン食べログランキング27位/7,074位⚫︎2022年〜2025年まで百名店選出これは期待値高まるね！注文はチャーシューワンタンメン1,600円！追加で味付け玉子150円、ルーロー飯350円！具材は肉ワンタン、吊るし焼きにされた豚肩ロース、自家製の肉ワンタン、細切りメンマ、海苔、刻みネギ、味玉！！スープは鶏清湯をベースにカツオなどの魚介が穏やかに香る、あっさりかつ深みのある醤油でカエシの甘みがありめちゃくちゃ旨い！！クオリティ高いね！！麺は中細ストレート麺で弾力があり小麦の風味も感じれて極上醤油スープとの相性抜群！！吊るし焼きにされた豚肩ロースは赤いローストモモ肉で、燻製の香ばしさがあり、噛むとジューシーな肉汁が口一杯に広がりめちゃくちゃ旨い！！肉タンタンは噛むと肉の甘みとジューシーな旨味が広がりたまらないね！！味玉は黄身が流れるほどの半熟で、醤油の旨味がしっかり染み込んでいて完璧！！ルーロー飯は八角の香りが効いた本格的な台湾風豚煮込みご飯だね！！ホロホロに煮込まれたダイス状のチャーシューがゴロゴロ入り、甘辛いタレと濃厚な旨味が白飯との相性抜群！！　　　　　　　　◆総評合計金額2,050円麺やスープだけだはなくチャーシューやワンタンや味玉など１つ１つの具材のクオリティもめちゃくちゃ高くて大満足！！東京でトップクラスのチャーシューワンタン麺に度肝抜かれたね！！最高！！池袋付近に来たらここは絶対に来るべきお店だね！！旨かったー！！ご馳走様でした！",2
平日14時前外は雨並びは7番目全マシを注文------------------------------------風邪をひいてから８日目、完治しない中でのG系はかなり味が濃いと感じました。でも美味さは変わりなく辛さを感じませんでした。まさか初のコロナ感染なのか。ご馳走様でした。,1
専用駐車場に停めて空いていたのですぐに座れた注文は券売機で食券を買うスタイルでネギそばに別皿で野菜を2ヶと背脂を注文しました20分ほどで着丼野菜二つをのっけてその上に背脂かけるとまるで○朗らーめんのようになった野菜が入ると味が薄まったりするかと思ったけどもまったくそんなことはなく食感はシャキシャキで見た目以上にしっかりダシの効いたスープが体にシミてとてもうまかったこの食べ方をまたしに行きたいです,1
16時前、遅い昼ご飯。この時間だと閉まっているお店も多い中、ありがたく営業している、安定のヌードルボイスを再び利用しました。1000円でお釣りくるの、本当に嬉しい。券売機横にセルフでエプロンを持っていきます。たっぷりのお水が提供されるのも嬉しい。8分程で提供されました。濃厚ホタテそば。この辺りではこれが一番美味しいよなーと、濃厚なスープを飲みながらしみじみ思います。麺もしっかり、たっぷり。ご覧のフォルム。結構チャーシューが美味しいんですよね。柔らかくて、分厚くて、スープの温度を下げないように工夫してるんですね。スープはちゃんと熱々なんです。後半にそのチャーシューと麺を交互に、美味いんですよ。ご馳走様でした！また来ます。,0
日曜の13時30到着したら3人待ち、自分でスープ切れ店内は、6席のL字型カウンターアンティークな照明に、白とナチュラルウッドの温かみのあるインテリアです。【頂いたもの】特製中華そば=1450円昔ながらの丼に、真ん中にナルト。ワンタン、青菜が囲む綺麗な盛り付け【スープ】銘柄鶏ベースで円やかで角の無い塩味優しさと旨味の共存したお味【麺】手揉みの熟成麺柔らかさに、程よいコシでスープの持ち上げも◎北村のなるとに、ちゅるちゅるのワンタンも美味しかったです。年配の方から若い方まで食べれるお味だと思います。地域で愛される人気店ご馳走様でした。,2
らーめん 稲荷屋、ランチに初来店。醤油ラーメンの細麺を選択。● スープ。澄んだ見た目とは裏腹に、旨みがしっかり。鶏のコクと醤油の香りがバランスよく、後味はすっきり。飲み進めるほどに深みが出るタイプ。● 麺。細めのストレート麺で、つるっとした口当たり。スープをよく持ち上げ、軽快な食感が心地よい。● 具材。チャーシューは柔らかく、肉の旨みがじんわり広がる。メンマは歯ごたえがよく、ネギの香りが全体を引き締める。,2
"悪だくみ サービス生玉子青とうがらし新年最初の悪だくみ。店主さんのXに前日のホッキ貝スープをベースにホッキ貝などをさらに追ったとの告知。祝日13時30分で3人待ち。10分弱で入店できました。いつも同様に青とうがらしtp。入店から10分弱で着丼。メンバーサービスは生玉子をお願いしました。具材は悪魔肉/チャーシュー/ネック/メンマ/白ねぎ/三つ葉/海苔とメンバーサービスの生玉子。スープをひと口。この日のスープはホッキ貝に加えて各種鶏豚や煮干などを使用されたそうで相変わらずのしょっぱ旨さ。毎回材料によって風味は異なりますが重層的で分厚い旨味が最高です。サッポロめんフーズの中細麺がバッチリ合います。はてさて今年は何回悪だくみが食べられることか。ご馳走さまでした！！！This is the limited ramen of the day.It is a soy sauce ramen with a rich broth made from a large amount of multiple ingredients.This limited-time menu features a different broth base each time, and this time it was made with a large quantity of shellfish.",1
予算:1200円醤油ラーメン中盛り具だくさん久々の具だくさん。最近ずっと肉増しばかりだったけど具だくさんもいいね。次は塩で、塩の野菜増し頼もうかな。年始は1/5からスタートみたいだけど、大晦日までやってたから来年は年越しラーメンにしようかな。,1
・とんこつラーメン平日22時頃訪問ようやく今年初みうら周りが行きまくってるので何となく行きそびれてました笑飲んだ後最高の〆を久しぶりの堪能しました！今年もよろしくお願いしますご馳走様でした。,0
テレビか何かで見たことがあり、訪問してみました。行列ができていましたが、外国人がほとんどでした。日本人からすると高いけど、外国人からするとリーズナブルなのでしょうね。鶏白湯のラーメンを食べましたが、美味しいけど、この価格？という感想。銀座という場所を考えたら、仕方ないのかも知れませんね。,0
今年の冬季限定は純米酒粕味噌らーめんに煮卵トッピング。とんこつ魚介ダシに濃厚味噌ダレを合わせた究極の味噌らーめん。寒い日にぴったりの逸品だと思います。こんなに完成度が高い味噌らーめんならレギュラーメニューにしてほしい。,0
前々から気になっててふらっと訪問してきました。店内はカウンターとテーブル。お酒やつまみも置いてあります。味玉醤油ラーメンにしました。連れは味噌つけ麺。まあまあかな。ネギチャーシュー丼頼んだんだけど良くも悪くも思ったのと違った笑,0
【注文】納豆らぁ麺¥1300納豆×ラーメンという個性派ながら、完成度の高い一杯。納豆と溶き卵が豪快にかけられ、刻み海苔が香りのアクセントに。ネバネバと卵の効果で、麺は驚くほどツルツルとした喉越しです。具材は、極厚チャーシュー、メンマ、小松菜、ネギ。特にチャーシューは圧巻のボリュームで、柔らかく肉質も良好。満足感の高い仕上がりです。麺は太めの縮れ麺。デフォルトで麺2玉とかなりの量があり、今回は半分で注文しましたが、それでも十分な食べ応え。スープはあっさりとしているため、ボリュームがありながらも重たさはなく、最後まで美味しく完食できます。卓上調味料はお酢・胡椒・七味唐辛子。途中で味変しながら楽しむのもおすすめ。個性と満足感を兼ね備えた一杯でした。本日2/4件目今年20杯目ご馳走様でした。今年来店累件数20件目,0
最近、家系が気になり、こちらも訪問。ラーメン　950円半ライス　100円玉ねぎ　100円濃厚なスープ、麺は家系らしい短さ。バランスよく、とてもおいしくいただいた。調味料もいろいろあって楽しい。ライスはかたい。そして、濃すぎるくらいのスープととても合う。お酢も少し入れただけで雰囲気が変わってとても良い。恐るべしの王道家直系w,1
"TOKYOラーメン100名店巡り　100店目/100店【注文したもの・値段】油そば　出汁スープ付き（1,350円）【到着・待ち時間】土曜日の14:00に到着。最後尾の人は黄色いカードを持っているので非常に分かりやすいです。黄色いカードを持ったら、食券を買いに行き、後ろの人に黄色いカードをわたします。このカードを持っていなければ食券を買えないため、代表待ちをある一定なくすことができます。良いシステム。ちなみに客層は圧倒的に２０代。若い人しかいないといっても過言ではなかったです。【味の感想】麺はもっちり太麺。うどんに近いです。出汁は色は薄いものの、うまみを感じられる味が濃い出汁です。ご飯を入れる人が多いということですが、個人的には、このうどんに近い麺が非常に合うと思います。接客は非常に丁寧でした。ラーメンや油そばを食べたい！というときには違うかもしれず、釜玉うどんを変わり種で食べたいときに向いている気がします。ごちそうさまでした。",2
あくまでも私個人の好みの評価です。店名に麺を入れるほど麺に自信があるようですが、つけ麺の太麺の茹で方が私の好みではなかったです。表面が溶けかかってしまっていて、歯応えはあるもののどうしてもそのドロドロが口に残り、喉越しよく、とは言えない感じでした。細麺の全粒粉と思われる麺は茹で方に違和感はありませんでした。対してつけ汁が美味かった。聞いたら塩ラーメンベースであるが少し変えてあるとのこと。残り汁にご飯を入れるサービスがあり、これも美味しかった。次は塩ラーメンを食べてみたいと思います。,2
美味しいカレー食べたいなぁと朝から決め打ちしてた大久保にあるお店に行こう！と伺いましたが…出ました！私が来る事を知ってか知らずか【臨時休業】の貼り紙…。私レベルになるともう動じる事はありませんね！既にフラれた時の次の一手をリサーチ済みです少し小滝橋通り方面に歩いた並びにあるコチラ『麺屋 山界』さんへ！一燈さんや七彩さんで研鑽を積んできた方が昨年オープンされたお店との事です。　自ずと期待値アゲアゲになります。金曜日の開店の10分ほど前に到着し、待ちはお一人様。後ろに待ちなしで程なく開店。リサーチしたところ、つけ麺の方が人気だったので、券売機で・特製つけ麺　1800円をポチりました。少々お高め…お優しそうな店主さんが、お好きな席にお座り下さいとの事でしたので、カウンターのセンターに鎮座させていただきました。店主さんのワンオペのようですね。麺量は並と大で同料金でしたので、大でお願いしました。リサーチ不足でしたが、なんと注文を受けてから麺を麺切り機？で切ってくれます！　図らずもセンターに座ったので臨場感抜群でした！　もうラーメン劇場です。かなりぶっ太く切られてるなぁ、うどんのようだなぁ茹で上げに10分はかかるので、時間に余裕がある日じゃないと厳しいです。程なく着丼し、綺麗な盛り付けと量に圧倒されました。　たべきれるかしら…まずはつけ汁をひと口、そこまで粘度はありませんね、魚介系の豊潤なお味。麺は1本だけいや1枚だけ３センチはある板麺が入っているのにびっくり！コチラは途中で頂きましょう。あまり太麺は好みではなかったですが、コチラの麺はひと口頂くと小麦の味が凄く感じられ、七彩と記載されている小麦粉の袋を発見したので同じ物を使われているんですね。　つけ汁との相性も抜群でした！極太板麺も最高に旨し！具材にもこだわりを感じ大変美味しいつけ麺でございました。また時間に余裕がある時にリピしたいです。ご馳走様でした,0
2006年創業食べログ百名店9年連続選出夜ラーメンの名店週5日2時間半のみの営業東京ラーメン界に一大ブームを巻き起こした魚介系豚骨醤油の王道のその先<営業時間>火・水・金・土・日18:00 - 20:30月・木定休日東十条駅北口西側より徒歩2分ほど味のある店構えに迎えられて18:20着並びナシ店内2名食券買って席に着きますらーめん　　¥900徳増し　　　¥450生ビール　　¥550夜ラーメンだったらビール飲んじゃうおつまみにメンマと細切れチャーシューラーメン屋さんでビール頼んだ時のおつまみってめちゃくちゃ好き5分ほどで着丼スープは家系のような色合い油は薄らとスープを覆ってギッシュではない魚介豚骨特有のザラつきはほぼない一口でわかる、めちゃくちゃ上品で優しい乾物の香りと動物の力強さが合わさる豚骨の臭みはなく綺麗これほどもなくクセがないのがすごいなんでこんなに纏まるのか魚介系豚骨醤油の頂点は過言ではない自家製麺は中細ストレート麺多加水でもちっとした歯切れ小麦の味も香りもしっかり味わえるトッピングにはチャーシュー、かいわれ大根、めんま、ネギ、味玉チャーシューがめちゃくちゃ美味しいんだが不思議な食感、でもほんとに美味しいかいわれの青さがよく合う油そばも有名らしいけど塩も食べたくなったな来店ハードル高めだけどまた行こうごちそうさまでした,2
チャーシューがおいしい店食券を買おうとするとバラチャーシューは売り切れなので全部ロースになるとの張り紙ボタンの配置は塩が左上にあるので、おすすめなのかもだがあえて醤油にする麺は極太で茹でる前によく手揉みチャーシューはバーナーで炙っていたスープは醤油がガツンとくるもの麺はかたいうどんのような感じチャーシューは厚く、香ばしい特徴が明快で、はまる人も多そう外にベンチがあり、席が空くと厨房の人がボタンを押すとブザーでなって入店を促す、というものだが、今回厨房にいた方は席ががらあきでもなかなか呼ばない。。かつての二郎のように入れ替え制？,2
以前から気になってたつけ麺 神儺祁（ジンダギ）さんへ。今回注文したやつ↓▶つけ麺（カレールー付き）▶インドめし豚骨魚介スープで最初食べ始めて、途中で自家製カレールーを絡めて味変！中毒性があり新感覚のつけ麺を味わうことができました。お肉もほろほろで柔らかく、美味しかったです。インドめしは、卵黄を崩して〆のスープをかければ完璧。とろとろの卵黄とカレールーが混ざり合ってうまい。最後まで美味しくいただけました！ご馳走様です✨営業時間▶平日 【11:30-14:45 18:00-21:00】▶日 【11:30-19:45】定休日▶火曜日・支払い方法▶現金のみ,0
東武東上線大山駅を降りて徒歩約10分ほどにある自家製麺No118時ごろに来店、並びなしだったがロット制であった。まず食券を購入してから、外に出て、店員さんから麺量を聞かれ、それからの入店であった。ラーメン1200円を買い、麺量は「麺少なめ」をオーダーした。何と言っても麺量が多いらしい。そんなこんなで入店してから辺りを物色すると店内に黒烏龍茶を売ってる自販機があり、机の下にはティッシュと紙エプロンが入ってた。程なくしてコールを聞かれ「そのままで」と答えた。（麺量が十二分にあると思い、自分の腹と相談した結果）黒い皿の上に丼を置いてくれたので汚れることなく自分の机に置き、いざ実食。まずは麺からいただきます。こ、これは何というワシワシ感。いや、ポキポキ感というべきか。こんなにも麺のガードを感じたのは久しぶり。めちゃくちゃ美味しいです。むしろスープ絡みきってないレベルの麺で最初「あっさりしてるな」と思ったほどのワシワシ麺たまらなく美味しいです。豚もゴロゴロの大きい豚で柔らかく味も濃く美味しいったら何のその。啜ることに夢中のあまり気付いたら完食（麺少なめでも280gあるはずでは？）このワシワシ麺のおかげで量が少ないと錯覚してしまっていたようです。次は普通いけるかな。もう野菜は覚えてないです。そのぐらい麺が好みでした。,1
北千住「つけめんさなだ」茨城県に用事があった帰りに訪問。つけ麺ではなくてまぜそば注文。しっかりしたコシのある麺に色々と絡まりあいとても美味しかった✨夜に食べたので満足度満点で次の日までずっと腹持ちがよかったです,1
平日のランチタイム、たまたま近くにきたので訪問しました。この日は待ちもなく、すんなり入れました。蒲田はいつも並んでいる印象なのでびっくりです。店内の券売機で上記をPayPayで購入し、全部普通で注文、5分位で着丼しました。まずはスープが美味しい。そして熱い！スープの満足度に関して、提供温度は大事だと思いますので、この熱さは最高です。味は少しとろみがあり、限りなくまろやかです。やはり美味しい。最近の家系ラーメンの走りになるんですかね？トッピングの味玉は、トロリとした半熟で、黄身の色、味が濃く、最近いただいた中では1番美味しいと思いました。モモのチャーシューもスモーキーで、しっとり柔らかです。お金に余裕があればチャーシュー面がオススメです。ライスの端のチャーシューの端が乗ってる点も嬉しかったです。全体的に少し高いかなと思いましたが、インフレを考えるとしょうがないのかもしれません。また近くに来た際にお伺いしたいと思います。ご馳走様でした！,0
呪われた食べログ7年連続百名店竹末東京プレミアムの終焉、竹末真和（初代オーナー）からバトンを受けたが、2代目オーナー：経営破綻・・、3代目オーナー：経営難で失踪中・・、不定期断罪営業（竹末真和自ら営業）、と物騒な文言が昨年9月にX（竹末真和氏アカウント）にPostされていました。https://x.com/yazawa_oh/status/1830197471534072089その後の経過詳細は不明でありますが、昨年12月に営業が再開されたようです。良かったです。竹末東京プレミアムは、栃木県の株式会社ダイヤモンドZホールディングスが運営する人気のラーメン店です。ダイヤモンドZホールディングスは、現在栃木県内に5店舗のラーメン店を展開しており、竹末東京プレミアムは、県外出店1号店です。人気メニューは、鶏ホタテそばです。鶏白湯にホタテペーストを乗せたスープのラーメンです。日曜日の14:30頃に訪れましたが、待つことなく入店することができました。店内は、カウンター10席、テーブル4席の小規模店舗です。券売機で食券を購入し着席します。券売機は現金のみ対応です。Dean Martinの「Everybody Loves Somebody」が流れています。60'sポップです。醤油そばをいただきました。醤油そばのスープは、鶏のみを使用したスープに3種類の醤油をブレンドし、醤油ペースト、トリュフオイルを追加しています。麺は柔らかめのストレート細麵です。優しい味わいです。溶け込んでいるトリュフオイルの香りも素晴らしいです。,2
"日曜日15時前。3人で。先客1。想定外の２日連続。店外まで漂う豚の炊いてる匂い。初見の方オペ。でもベテラン風。珍しく愛想良く話してくれる。麺はもちろん酒井製麺。しっかり普通に茹でてもらってムニムニで旨い。今回も油多め傾向。重く行きたくない、キレ重視の方は少なめ推奨。どうやら油はピュアな鶏油じゃなくて、メイン寸胴の上澄み油っぽい？鶏と豚が混じったヤツなのかな？スープと同じ寸胴から掬ってたから。黄色くないもんね。ネギはこれでもいつもより多め。海苔は安めないつも通り3枚。チャーシューは通常のこだわりの無いヤツ。出汁殻だけど、しっとりでマシだったし2枚。味変アイテムはお馴染みのニンニク、生姜、豆板醤、ブラぺ、お酢給水機の水が冷たくて旨い。ティッシュが置いてるのも助かる。床がベコベコだけど動揺しないように。奥はまだ穴開いてるのかな？塞いだ？◾️注文内容ラーメンお好み普通◾️金額 1,000円◾️ポイント本牧家→川崎家の系譜クラシック家系家系最高値◾️感想と次回コスパ悪い筆頭なのに…長年行っちゃってるんだよ。愛か",1
"東京都三鷹市下連雀3-28-21 公団三鷹駅前第2アパート 地下1階 味の散歩道に2019年11月18日にオープンした「元祖スタミナ満点らーめん すず鬼」に行きました。17:25頃到着し食券を購入して並びました。先客は7名でした。暫くして店員が来て「ビール」￥400と「辛いスタ満ソバ」￥1,070の食券を渡す際に「辛さ」を聞かれた一番辛い4でオーダーしました。17:50頃に誘導され席に着きました。その際「ビール」が席に置いていました。1番目のゲストから順番に作っていきます。18:00頃、漸く自分の番になりました。仕上げの際に無料トッピングを聞かれますが、周りの流れに乗って全部（ニンニク・ショウガ・背油）でお願いしました。麺量が240g、辛味4はチョイ辛程度でした。兎に角ボリーミーな一杯、美味しくお腹いっぱいいただきました。",2
"神保町と水道橋のちょうど真ん中ら辺にあります。海老丸らーめんは「フレンチ×ラーメンの融合」を掲げる個性派ラーメン屋さんです。仔羊のスモークラーメン 3,000円をいただきました。仔羊の出汁とトマトのスープ。ラムチョップは燻製にして白トリュフ塩で整えてあります。",2
Instagram▶︎@waku__gourmet2001年〜2007年頃までは町屋で営業。その後、2008年から千歳船橋の店舗に移転し、今に至っているという老舗のお店です。平日の13時頃の訪問で並びはなかったものの、店内ほぼ満席でした。危ない危ない。・つけめん：1100円麺はコシあり、喉越し良しで好み。つけだれも豚骨・魚介がしっかり感じられ、濃厚で美味。…なのですが、つけ汁が初手からぬるいのがマイナスポイントかも。だんだんぬるくなるのは仕方ないのですが、最初から後半も後半くらいの温度なので、麺を入れるごとにもう…。（笑）店主さんのワンオペですし、レンジを置いといてもらえれば勝手に温めるので温めさせてくれるサービスがあったらより良さそう。,1
大森大行列ラーメン店のセカンドブランド、日曜11時55分着で8人待ち接続。冬の外立ち待ちですが、ひなたで楽。夏は地獄の暑さかも？30分弱で着席、スープは清澄・清濁の2択で、清澄に特製トッピング。麺はやや加水率低め固め、スープはあと引く旨み、チャーシューはやや食感悪い部位があり、全体的に薄め。厚みあるどんぶり・接客考慮すれば、トータル満足度は高し。,1
"【店名】・元祖スタミナ満点らーめん すず鬼【待ち】雨天時・オープン1時間前 並び2人└オープン時 20人程【価格】・¥1,160／1人【いただいたもの】・スタ満ソバ・まさお×2【感想】三鷹の超行列店、元祖スタミナ満点らーめん すず鬼へ。この日は西荻窪のはつねからのハシゴ。到着は開店1時間前。雨だったこともあり並びは2人。これはラッキー。千葉の「アリラン」や「竹岡式」、さらに二郎系を融合させたと言われる、中毒性の高い“スタ満ソバ”で知られる一軒。食券先買いで看板メニューの「スタ満ソバ」をポチッと。入店後ほどなくしてコール。無料トッピング（ニンニク・ショウガ・背脂）は“全部”で。着丼。醤油ベースの真っ黒なスープに、豚バラ肉、玉ねぎ、ニラ、背脂がたっぷり。ビジュアルは完全にギルティ。だが一口すすって驚く。見た目ほど濃すぎない。むしろ旨味の奥行きとコクの深さが際立つ。甘み、塩味、油感のバランスが絶妙で、ただのジャンキーでは終わらない完成度。麺はワシワシ系の極太。二郎系を彷彿とさせる力強さ。やや柔らかめでスープとの一体感があり、重すぎない。これはクセになる。具材もご飯が欲しくなるラインナップ。・豚バラ肉：厚切りでゴロゴロ、圧倒的食べ応え。・玉ねぎ：大ぶりカットで甘みと食感のアクセント。・ニラ：スタミナ感を押し上げる名脇役。・背脂：デフォルトでも十分だが、増すとさらに背徳感アップ。ジャンキーな見た目に反して、計算された完成度。“雑さ”ではなく“攻め切った完成形”。まさに背徳ギルティジャンキー。これは並ぶ理由、わかる。中毒者が続出するのも納得の一杯。ご馳走様でした♪■□■□■□■□■□■□■□■□■□■□■□■□最後までご拝読いただきありがとうございます！インスタでも美味しいお店・素敵なお店を投稿しておりますので是非✨検索@sakedeshi_cathttps://www.instagram.com/sakedeshi_cat/美味しそうと思ったら、気軽に、いいね・フォロー・保存お願いします♪",2
味も接客も、神経の行き届いた良い店だと思う。《東京都港区新橋4-19-1》ナビでは北口に出るよう指示されたがあとで確認すると烏森口の方が便利だったようだ。それでも新橋のガード下をくぐると行列が見えた。今日は一軒目の駒込で頓挫したが吉祥寺で「つけ麺」を食したあと同じくつけ麺の超人気店へと足を運ぶ。結局、ここでも入店まで1時間半を要し、今回は残念ながら2店舗止まり。ただ収穫は大きかった。◇つけ麺 大盛/1300円ここもデフォにしたものの、予定していた3軒目の池尻大橋はすでに間に合わずセーブする必要がなくなったため途中で麺量だけ中盛から大盛へ変更してもらう。[麺]菅野製麺製太麵ストレート麺量：250g[つけ汁]豚、鶏、魚介系各種、椎茸[具材]チャーシューｘ3種（ロース・バラ・肩ロース）、メンマ、筍ゆば紫タマネギ、芽ネギ/つけダレ☆感想つけ麺の引き出しはそう多くはなく、特に『マタオマ系』となると更に限られる。それでもここはよくある『マタオマ系』とは一線を画する。醤油感は希薄で他ではあまり見ることのない粘土の強いまろやかなつけ汁は、説明書きによると圧力寸胴を使用し超高圧で炊いているとのこと。今日は、当方の前に20人以上、後に8人程並んでいたが、家族できていたファミリーの親御さん以外、カップルをふくめ10代～30代と思しき若い世代ばかり。食べてみるとなるほど若い人間が集まる理由が得心できる濃厚さだ。オペレーションは修行中という独立を目指す店長と20代のお兄さん。2人とも物腰は柔らかく丁寧。とくに器と対峙した際の店長の真剣な眼差しが印象的だった。ここもまた来たいと心が揺さぶられた。,2
土曜の17：00に行きましたが、既に待ちが４組ほど！30分くらい待って入店！シンプルな醤油味にしました！運ばれてくると香りから美味しそうないい匂い☺️鰹出汁がすごい聞いててさっぱり濃厚！スープの濃さ、脂の量などカスタマイズ可能でした❣️太めのちぢれ麺もめちゃくちゃ食べ応えあって美味しい！麺の量200か250か選べるんだけど、欲張って250にしたらかなり満腹めちゃくちゃ美味しかったです！また行きたい♡,1
蟹味噌濃厚白湯ラーメンがどうしても食べたくて、ずっと公式Xをチェックしてました。やっとタイミングが合ったので行ってきました。12時半くらいで並びは4組。20分ちょっとで入店。無事限定麺を買えましたが、前から気になっていた烏賊和え玉も注文。蟹味噌はしっかりした味わいですが、ちょうどよい濃さでめちゃくちゃ美味しかったです。何より衝撃だったのが烏賊和え玉。ものすごく濃いーーー。濃い煮干しラーメンとかが好きなので、最高すぎました。蟹味噌スープと合わせると旨み倍増。来れて良かったです。これはまた食べたい…。,2
"ワンタン醤油らーめん 大盛 1,200円ワンタン塩らーめん 1,100円味噌らーめん 930円炙り焼豚丼 300円京王線新型車両2000系の乗車ついでに飛田給「宝華」さんに向かおうと考えていましたが予定を変更して千歳烏山へ。そして以前から気になっていた「らーめん梶原」さんを初訪問。ランチでラーメン自体が久しぶりな気がします。醤油・塩・味噌をそれぞれ一杯ずつと、炙り焼豚丼を注文。塩らーめんはストレート細麺、醤油の味噌はちぢれ中太麺のようです。どれも美味しかったけど、もやしとコーンたっぷりの味噌が特に美味しかった。ご馳走様でした！",2
たくさんのメディアに出ている店ですが、G系インスパイアとしてはもはや老舗ですね。何度も行ってますが、気軽に安定して美味しいラーメンをいただけます。この日も少し時間をずらしたので、店内並び3名のみですぐに席に案内してもらえました。ラーメン（200g）＋豚1枚コールはニンニクアブラ、カラアゲ別皿麺は少なめ（250g）よりも2/3（200g）だとだいぶライトになりますね。自分的には量的にこのくらいがちょうどいいかも。美味しく完食できます。スタンダードなG系として初心者にもおすすめしたい店です。（夏は冷やし需要で混むので注意が必要）,1
年末に予約していたチャーシューを受け取りがてらチャーシューで一杯飲み夫婦で「らーめん 高尾」さんに来ました。30日の夕方でしたがタイミング良く余り待たず座れました。先ずは、チャーシュー皿、ワンタン皿とサッポロの赤星をお願いしました。直ぐにチャーシュー皿と赤星が到着し、チャーシューとビールで一杯。噛むと旨みが有るチャーシューとビールが良く合います。直ぐにビールとチャーシューが無くなり、追加で赤星とチャーシュー皿を追加でお願いしました。続いてワンタン皿が来ました。食感が良いワンタンがビールに良く合い美味しく頂けます。締めに2人共、チャーシューワンタンメンにバラ海苔をトッピングでお願いしました。前回もバラ海苔をトッピングしましたが、板海苔より香りが良くお勧めです。結局チャーシュー皿を3皿てワンタン皿でビールを5本頂き、チャーシューワンタンメンも美味しく完食でした。美味しく頂けました、ご馳走さまでした。,0
開店5分前に到着すると、先客並びが2名。程なく地下の店内へ。券売機で食券を購入。左上の法則に従い、特製貝出汁醤油そば1100円をチョイス。直列カウンター8席のみ。若いお二人で賄っていた。あ、貝めしの小さいのがあるのか。カウンターから直接現金でお願いした。優しく旨みのある貝出汁スープがとてもおいしい。細麺ともよく合っている。少し食べ進めたら、デフォルトで付いてくる柚子胡椒を投入したほうがよい。牛肉に胡椒を振るようなもので、味はこれでちょうどよくなる。 貝めしも少し食べたら、スープをかけて食べるのが最もうまい食べ方だと感じた。,0
答えはYES家系については濃いに越した事がない味濃い目では無く普通がいいかもメンカタのみ家系でメンカタも少数なのかな中太麺だもんなスープ濃いから緩めでも絡むだろうが西の人間はラーメンメンカタが染み付いてる,0
"富士丸本店、家からのアクセスが微妙なのであまりいけてませんでしたが、平日夜にアタックしました。とても寒い日。店前のパイプ椅子で凍えながら待つこと10分足らずで店内に入れました、よかった。その時の並びは6名ほどでした。注文は豚マシラーメン400グラム、1,700円也。並々のスープで着丼し、カウンター台から下ろすのに一苦労しました。おしぼりがあるのはありがたいですね(逆に、ないとダメな盛り方だと思います笑)めちゃくちゃボリュームあって美味しかったです。ごちそうさまでした",1
"背脂がんこ　醤油　1,350円味玉　100円立川にあるらーめんたま館にあるがんこ。空いてるのもいい。王道ではない背脂ラーメン頼んだら想像以上に美味い。むしろ今まで食べたがんこでベストかもしれへん。チャーシューも丼を覆う大判のもので、これもまた美味い。",1
20回以上はお邪魔してますが、初投稿。いつも賑わってます。今回は、飲み会後で孤独なランチじゃなったので、好物を全部いただきました！炒飯ウマーベラス！！！しっとり系の横綱級。フワフワ卵の味が強く大好きです。ラーメンウマーベラス！焦がしネギのスパイスが絶妙！柔らかめな麺、郷に入りては主義なので「麺を硬めで」とカスタマイズした事なし。できるなら麺硬めでいただきたい！餃子うまいです！まあまあ顔を覚えてもらってからお邪魔したある時。タンメンを食べてみたいなぁ。と思い。自分「タンメンください。」店員さん数名「えっ？？！自分「あっ、ラーメンで」気合いの入った厨房の皆さん。一品一品にこだわりが凝縮されてます。また丁寧な接客をしてくださるお店です。次こそタンメン食べよう！！笑,1
1シーズンに1回は来るとうかんや食べたくなる症が発症しました特盛カレーつけめん　400g名物（並）卵かけごはんぱっと見、カレーっぽくない色のつけ汁に、よく締めてある太麺をダイブさせると、しっかり辛くてスパイシー激辛まではいかないですが、クセになると思います箸休め的に卵かけごはんを食べると、口内が中和されてさらにカレーつけがすすみます今回のチャーシューは端っこ系だったので、しっかり味で個人的に好きなやつでした大満足でごちそうさまでした,1
この店はベジソバや中華そばメインの店でしたが、2025年8月に本店を東銀座に移し、店名を変え、豚骨ラーメン専門店にリニューアルしました。「豚骨ラーメン（900円）」を注文。乳白色のこってり豚骨スープです。濃度は程々ですが、表面に油が乗り、油こってりとろりとしています。麺は細めのストレート麺で、硬さが選べます。おそらく低加水気味のものです。本場博多のラーメンを洗練した感じで、臭みはありません。ただやや単調のような気がするので、旨辛醤、生姜、キムチ、ニンニクなどで味変して食べる感じでしょう。,2
ランチタイム１時ころでもどんどんお客さんが入って来るしばらく待たされる塩ラーメンやや太めの麺は超シコシコで少し縮れている麺のインパクトは半端ない塩のスープは絶品コリコリのシナチク大きなチャーシューも旨い,0
高田馬場駅から少し歩いた先に漂う、強烈で芳醇な「豚の香り」。ここ「でぶちゃん」は、博多ラーメンの概念を覆すほどの情熱が注がれた、まさに**「豚骨の求道者」**が集う聖地です。最大の衝撃は、そのスープの圧倒的な濃度と粘度。数日かけて骨を焼き、炊き上げ、旨味を重ね続ける「呼び戻し」の技法によって、スープはもはや**「飲むエッセンス」**と呼べるほど濃密です。一口啜れば、荒々しくも洗練された豚の旨味が波のように押し寄せ、鼻を抜ける獣臭すら心地よい香りに変わるから不思議です。,1
『味を貫く』＝「味貫」＝「みかん」の屋号。ここを創業したのは、二人の共同でのこと。店主の一箭氏と、店長の山本氏だ。一箭氏は和食の世界でキャリアを積み、ラーメンへの情熱から「まるえ中華そば」へ入社。山本氏は「AFURI」で修業ののち一度「まぜそば ごえもん」の屋号で独立するも、その後「まるえ中華そば」へ改めてラーメン修行に入る。二人は「まるえ」で意気投合し、ここ「麺や みかん」の開業に至ったという経緯。2024年4月の創業で、その年の「TRY」にて新人賞を受賞。それでここを知ったクチで、宿題店としてピックアップしていた。昨年8月、一度ここを訪れたものの、灼熱の太陽のもとでなかば熱中症になりかけの状態だったため、いきなり初訪にして限定の冷やしラーメンに逃げてしまったため、自分の中では未訪扱いのままだった。このほど基本の”中華そば”目当てで改めて訪れた次第。瀟洒な雰囲気の建物は、外観も内観もアーバンチックに洗練された造り。女性お一人客でも躊躇なく暖簾がくぐれるような造作で、実際この日も店内には女性お一人客の姿がチラホラと。ライトブラウンの板張りカウンターはコの字型で、その中をスタッフが行き来する。厨房には男性二人、フロア係をまだ入店して日の浅そうなフレッシュな女性が担当。この女性がなかなかの美人さんだが、笑顔で明るく対応してくれてとても気持ちが良い。さて、肝心のラーメンであるが、自家製の麺は通常は細ストレート麺。そこへ数量限定で太麺も用意されるが、太麺への変更には200円を要する。私は”中華そば（炭火吊るし焼きチャーシュー2枚）”を”太麺変更”にてオーダー。計1150円。それほど待たずにサーブされたそれは比較的サイズの小さなどんぶり。しかしそのビジュアルからはかなりのパワーが漲っていることを感じる。着丼した途端に鯖節と醤油の香りが立ち上り、強烈に食欲を掻き立てる。こげ茶色をしたスープはそのビジュアルから想像した通りの味。複数素材が混然としているが、まず味蕾を襲うのは鯖節のクセのある味わいとビターな醤油感。これは旨い。しばし続けざまにレンゲを口に運ぶことになった。やや気になるのは、意外に強めにオイリーなことだ。この油分がもう少し控えめならば背徳感をおぼえずに完飲していたかも知れない。太麺は手打風で手もみの入った強縮れの多加水麺。これを手繰ると修業先の「まるえ中華そば」の遺伝子を感じるもちもち感がある。しっかり茹で切っており、とても美味しい。プラス200円の価値あり。吊るし焼きチャーシューもまた「まるえ中華そば」譲りの逸品。サイズは小さいが、肉の旨味の強さは抜群だ。総じてかなり私好みの方向性の一杯。敢えてクセの強いまとめにしているところは、この味にハマった客をリピートさせるチカラがあるという点で好印象。鯖節好きとしてはもうひとつの看板メニューの”サバ水つけ麺”も今後の必須課題だ。,1
"今日はこちらのお店へ伺いました。ワンタン醤油ラーメン　　1,300円同僚を連れて伺いました。今まで塩ラーメンしか食べていなかったので今日は醤油にしました。醤油はキリッとしたスープに肉厚のワンタンとチャーシュー。ワンタンにシソが入っているのもいいですね。ラーメンは重厚感のあるタイプです。塩の時と麺が違うんですね。これはこれで美味しかったです。",1
有名な神のラーメン店と一緒のどんぶり。このどんぶりを見るだけでテンションが上がります。ラーメンは豚魚系。よくある系統ですが､スープに深みがない印象です。特筆すべきは具材のワンタン。ほぼ皮のみです。中身は梅干しの種くらいの大きさでした。,1
らあめん700円＋生玉子100円無化調で自家製麺のお店。夜に来るのは初めて。昼も夜も女性だけのスタッフの珍しいスタイル。動物系と節系の優しめのスープで昼だと好みからすると物足りない印象でしたが、疲れた胃＋呑んだ後だと丁度良い瞬間もあるのだと思いました。ラストオーダー間際でも快く受け入れてくれました。10年前から価格が変わってないんじゃないかな？！浄化される一杯。,0
三連休最終日の閉店1時間前に行きました。前に2回来ようとして、あまりの行列に諦めて帰ったところですが、今回は並ばずにあっさり入れてラッキーでした。味は、鶏の風味が凄く効いてました。そんなに脂っこくなく、最後まで美味しく食べれます。,2
市ヶ谷の家系ラーメン｡横浜家系 てつ家 行ってきたよ！！ガツンと濃厚な豚骨醤油スープに、しっとりチャーシュー＆海苔増し｡味玉も最高で、白ごはんが止まらないやつ！！ネギもシャキシャキで後味スッキリ。家系好きなら間違いなくハマる一杯！ごちそうさまでした♪,0
16時スタートに合わせてお邪魔しました。初見は券売機左上を選択する。スムーズに着麺で愉しみに。見た目のバランスは素晴らしい。濃厚スープが絡む中太ちぢれ麺。鳥ももチャーシューに山くらげがアクセント。煮卵もしっかり美味しい。別注の辛チャーシュー(160円)がキリッとなるので必須。奥張っている場所なので隠れ家的なラーメン。奥ゆかし味わいに美味しいラーメン。,0
"2026.1.10 夜【店概要】店名: たかのちゅめ最寄駅:西武新宿線花小金井駅　徒歩5分営業時間:月・火・木・金・土・日・祝日  11:00 - 15:00  L.O. 料理14:50  18:00 - 21:00  L.O. 料理20:50　水　定休年始ラーメンに続けてたかのちゅめへ訪問。今日は夜だけ限定提供する#夜の背徳まぜそば　が食べたくて。19：30過ぎの到着、夜初めて来たけどテーブル席は埋まってて賑わってるな。早速、背徳まぜそば　1,180円、専用のトッピングで追い飯　110円、豚肉増量　140円、ビールにつまみの味玉を発注！即ビールが到着し、グラスにそそぎ、味玉到着。卓上の黒胡椒をかけてつまむとうめぇ夜なので割とゆっくり目に提供されてるようで、自分のつまみとビールもあるので、15分ほどでして着丼！うぅーわ笑繊細なラーメンを提供するたかのちゅめらしからぬジャンクな見た目、確かに背徳キャベツもやし、背脂の二郎系必須メニューに加え、豚バラ、天かす、めんま、魚粉、ブラックペッパーなど盛りだくさん。麺は定番メニューと同じようで、混ぜるとオイリーさが半端ない最初の方は野菜と肉と麺とで食感を楽しめたが、後半と追い飯がオイリーすぎて自分はギブアップ残してはいませんが、正月で暴飲暴食したアラフォーの胃には答えました笑背徳なことはせず、真っ当なメニューを今後選びます笑ごっつぁん！#花小金井　#たかのちゅめ#西武新宿線ラーメンロード #よしのりのラーメン屋めぐり #ラーメン #noodle #ramen #拉麺",1
久しぶりのラー活でふぅ。ということで、目指したのは「ラーメン百名店」※毎年あと少しまでいくのだが、なかなか100件に到達しないなぁ。向かったのは「千歳船橋駅」です。そぉ〜、訪れたのはコチラΣ(￣。￣ﾉ)ﾉ【中華そば 西川】さんです。こちらは、'19〜'25年百名店に選ばれ、TRYラーメン'25-26（TRY名店部門）にぼし第2位に選ばれているお店。時は土曜日、☀️、⏰11:47（開店11:30）到着。行列は12名で接続します。行列で並んでいると、店員さんが食券を買うように出てくるので、、そのまま待ちましょう。並んでから、、、26分後、、食券を！もちろん選んだのは、コレですねΣ(￣。￣ﾉ)ﾉ■【にぼし正油らーめん1350円】■【ワンタン350円】■【奥久慈卵の味玉 150円】　　　計1850円を購入。購入後は、また外に出て並びましょう。店内へ入ったのは、約10分後、、店員さんに食券を渡して、、、ʕ•̫͡•ʕ•̫͡•ʔ•̫͡•ʔ•̫͡•ʕ•̫͡•ʔ•̫͡•ʕ•̫͡•ʕ•̫͡•ʔ•̫͡•ʔ•̫͡•ʕ•̫͡•ʔ•̫͡•ʔʕ•̫͡•ʕ•̫͡•ʔ•̫͡•ʔ•̫͡•《食》カウンターで待つこと5分で着丼です。麺が見えない程の具材達❤︎まず、トッピングの確認をしましょう。チャーシュー（豚ロース）×1・（肩ロース）×1、ワンタン（大）×4、味玉、小松菜、メンマ、ナルト、海苔（少）、ネギといったメンツ達です。【スープ】味4.1熱い❤︎❤︎❤︎煮干しのスープが喉を越して、下に落ちて、、グッとくる熱い。最初のひと口は、やはり最高ですね。トロミは無いのでスッと香りを纏いながら入ってきます。〈煮干し、鯖節、ムロアジ節、宗田節、宍道湖産しじみ、豚ゲンコツ、豚足、鶏、牛骨、純米吟醸酒などの素材から出汁をとったスープ〉【麺】味3.7割としっかりとした麺（中太麺）です。うん、旨い。トッピングを「ワンタン」と「味玉」を追加しているので、、麺量が負けています。大盛り＋250円（270g）にした方が良かったかなぁ。（並180g）【チャーシュー（肩ロース）】味3.8脂は少なめで、ギュッと旨みが詰まった噛み締めるタイプのチャーシューです。【炭火吊し焼き豚ロース】味3.6こちらも噛み締めて楽しむ感じの熟成したチャーシューです。でも、、、脂が少しは欲しい。【ワンタン】味3.8生姜がしっかりと効いた、餡量ガッツリのワンタンです。よくある皮のトゥルンとした楽しみ方のワンタンではなく、、肉肉しさを味わう為のワンタン❤︎確か、このボリュームから、この金額も❗️【味玉】味4.5黄身は、半熟の自分が好きなタイプですね。奥久慈卵ということですが、、、。旨い❗️確かに卵の旨みもあるのですが、漬け方が良いと思われます。この濃厚な味玉は、割と上位の味玉の分類です。【その他のトッピング】メンマは、割と短くカットされていますね。味わいは、昔から懐かしい感じです。小松菜は、この濃いラーメンの中で、、安息の場所です。ごちそうさまでした。山盛りトッピングは良かったですね。お腹にもう少し余裕があれば、、麺大盛りにしたかったのですが、、大盛りでバランスが取れると思います。美味しいかったですm(_ _)mʕ•̫͡•ʕ•̫͡•ʔ•̫͡•ʔ•̫͡•ʕ•̫͡•ʔ•̫͡•ʔʕ•̫͡•ʕ•̫͡•ʔ•̫͡•ʔ•̫͡•ʕ•̫͡•ʔ•̫͡•ʕ•̫͡•ʕ•̫͡•ʔ•̫͡•ʔ•̫͡•インスタは→ https://www.instagram.com/king_hideyuki/,2
平日のランチで利用させていただきました。これまでも色々な一杯を作り上げてきた麺屋33、今回は期間限定のメニューを注文させていただきました。鴨と塩グレープフルーツジュレの冷やしラーメン茗荷とみつ葉の薬味のせ、フレンチチックなメニュー名です。その名の通り、涼しく美しいラーメンが出てまいりました。鴨肉が3枚、鳥チャーシュー、メンマ、三つ葉や茗荷の薬味、そしてグレープフルーツのジュレ、とても独創的なラーメンです。スープは鴨の旨味がしっかり伝わってきます。出汁とオイルどちらからも鴨の香りがしますが、塩とのバランスが素晴らしいです。細めの麺にもスープが程よく絡んで、相性がとても良いですね。鴨肉はジューシーで柔らかいです。鳥チャーシューも柔らかく、冷たい麺には豚よりも脂の少ない鳥の方が向いているのですね。薬味が沢山入っているので、香りも歯応えも楽しいです。半分までいただき、グレープフルーツジュレを溶かしながら食べてみると、フレッシュ感が増すので、別の方向性の美味しさが追加されます。麺は150gか200gを選べたのですが、200gにして正解でした。最後まで美味しくいただけて大満足です。つけ麺も気になったので、次回はぜひ食べてみたいと思います。ごちそうさまでした。,1
西新宿のラーメン激戦区で、ひときわ力強い存在感を放つ味噌ラーメン専門店。あの名店「なんつッ亭」の別ブランドであり、自慢の**「黒マー油（焦がしニンニク油）」**と濃厚な味噌が見事に融合した一杯が楽しめます。看板メニューの**「味噌らーめん」**は、数種類の味噌をブレンドした重厚なスープが特徴。そこに真っ黒なマー油が加わることで、香ばしさと奥行きが劇的に増し、中毒性のある味わいに仕上がっています。合わせる太麺はもっちりとした弾力があり、濃厚なスープに負けない力強さがあります。たっぷりの山盛りモヤシはシャキシャキで、濃厚な味の中での良いアクセントに。さらに、トマトを使った変わり種の味噌メニューもあり、新しい味への挑戦も忘れません。新宿でパンチの効いた「攻めの味噌ラーメン」を食べたいなら、ここ以上に刺激的な選択肢はありません。,0
寒い週末、話題の店である晴心さんに赴く。特製手揉み中華そば　醤油と味玉を注文。特製だけあり、チャーシューの豪華さが目立つ。鶏チャーシューはしっとり柔らかであるが弾力も感じるし食感が印象に残るもので、旨かった。豚チャーシューは、甘い脂身を含んだ柔らかな仕上がりで、単独でも力を感じる。極太の麺は意外と自己主張してこないが、弾力あり風味ありで旨かった。スープは、醤油とだしがうまく溶け合っていて濃いと思うのだが、まるくん複雑な味わいでかえって個性を感じた。メンマも柔らかく旨かった。味玉は硬めなのだが黄身の中心のみ半熟というこだわった（？）出来上がりであった。各パーツが丁寧に設計され作られ、バランスも良くて凄みを感じた。評判になるのも分かる。,2
仙川駅からすぐの好立地にあり、夜の街に映える黄色い看板が目印の店舗です。数ある二郎の中でも、ここは特に「非乳化スープ」の力強さが際立つ硬派な一杯を楽しめます。最大の特徴は、通称「仙川ブラック」と呼ばれるほど濃い色をした漆黒のスープ。液体アブラが表面を覆い、醤油のキレがガツンとダイレクトに突き刺さるようなパンチがあります。この攻撃的なスープに合わせるのは、密度が高くゴワッとした食感の極太麺。噛みしめるたびに小麦の香りとスープの塩気が混ざり合い、圧倒的な満足感をもたらします。,0
♡味噌らあ麺♡トッピング野菜をいただきました。味わい深い味噌は、なかなかの完成度です！野菜トッピングが冷めてしまって出てきたので、これが熱々ならなお良し！だったかと思います。卓上の辛い黒七味、ミルで挽きたてで香り豊かで辛い黒胡椒、一味などでパンチを加えて、なかなか良き味わいにアレンジできます^_^寒い冬には、熱々脂の味噌ラーメンが最高❣️ですね❤️他のお客様が頼んでいた醤油ワンタンや麻辣担々麺なども惹かれましたね^_^次回トライですね。美味しゅうございましたm(_ _)m,1
"注文品:さんまの芳醇塩そば1,300円訪問日:2025年11月19日(水)訪問時間:11時12分店舗状態:店内客7人開店時間:11:00､定休日:無休注文:食券機､水:セルフサービス①限定麺の詳細動物清湯出汁ベースにさんま煮干し出汁を合わせたスープは、透明感は少しあり濃い目の茶褐色で、表面には香味油が浮いています。麺は自家製中太ちぢれ麺、チャーシュー2枚、海苔1枚、穂先メンマ、生姜、ねぎが盛り付けられています。②スープ秋刀魚の香ばしいいい香り！一口飲むと、秋刀魚の凝縮した旨味がじんわりと力強く、甘味とコクたっぷりで動物出汁がしっかり支える分厚い味わいで美味すぎるー！生姜を溶かせばさらに引き締まって美味しい！③麺ツルツルと滑らかな舌触りで、弾力が強い歯応えで啜り心地がとてもいい！モチモチと力強い歯応えが、たまりませんね！④具豚ロース肉は低温調理されていて、柔らかく美味しい！豚バラ肉は炙られていてジューシーで美味しい！⑤その他町田駅前店は初訪問ですが、美味しそうだったので限定麺を食べました。塩らーめんはあまり食べませんが、これは最高でした！忘れられない味わいでメチャクチャオススメです！限定20食なので気をつけてください。美味しかったです！ごちそうさまでした(^-^)/",1
ちょうど目の前のカウンターへ 座ることできたから庄司さん ４０周年おめでとうございますって 遅ればせながら伝えられてよかった。ほんと職人さんには尊敬する毎日 同じ作業をしてるんですよ 連休もほとんど取らずに凡人だったら通用しない ラーメン道それを４０年間って しかも不動の人気を維持それは庄司さんの努力のたまもの もう超人石神氏のラーメン本をひさびさ引っ張り出して創業年を確認数えてないから知らなんだ 常連レビュアーさんから聞いたからおめでとうって 感謝を述べたかったのさ。近年 道頓堀のつけ麺が無性に食べたくなるのは私 然らばが近いのか それは前にも述べたように この身体 なん割かは道頓堀で形成されているから求めてくる 輪廻転生４０年前から通ってるわけじゃないけど住宅街にあった小さい店の頃からは数年 通っていたから。今後も成増で途中下車ありき。,2
"今日は自家用車で移動です。北千住方面から""昭和通り”を通り、""国際通り""に入って間もない所にあるこちらのお店。いつもは「カルボ」さんに行くときの通り道。看板に""喜多方ラーメン""と大きく書かれたこちらのお店が気になっていた「喜多方ラーメン 新じま」さんに参りました。お醤油味のラーメンやお塩味のラーメン。つけ麺、油そばなどのラインナップから今日選んだのは""味玉醤油ラーメン""(¥1,000)。""味玉""をトッピングするのは、最近の私のブームです。訪れた時間は12時半過ぎで店内は6割の入りで空いていますが、ご近所に職場があると思われる方が何組がいらっしゃって召し上がっております。立地的にもご近所の方に愛されるお店の感じがします。お料理が出来があります。澄んだ色のスープ。優しい煮干しの香りとお味。もう、""待ってました""と云った正に""喜多方ラーメン""。麺をいただいた後でもどんぶりを持つ手が離せません。どんぶりのスープをいただきます。喜多方ラーメン、美味しかった。ご馳走さまです。塩は、どんな味なんだろう。また、いただきに参ります。",0
評判を聞いて、神田明神近くの有名店、大至さんに。ここ最近、曲者シリーズを出しているということで、その第四弾。ニラ玉曲者。アッツアツ（本当に熱い）のスープに入ったニララーメンを冷え冷えの卵スープ（出汁で割ってある卵）に絡めていただきます。卵の方もうっすらニラの香りがあるので、とても綺麗に絡む印象。ニラのシャキシャキやキクラゲのコリコリ、七味での味変でペロリと頂けました。残った卵スープを使ってたまごご飯にして満足。色んなことやってるなー。,2
友人のお見舞いで近くに来たのでおじゃましました。雪が降るなか長時間待たされるのだけは勘弁と思いながら行って見ると並びは2人だけだったので早く店内に入れて貰えました。注文したのは塩特製ラーメンと炊き込みご飯です。連れは特製醤油ラーメンと炊き込みご飯を注文。スープは貝だしが強く感じられる味わいで淡麗ながら深いです。麺は細麺ストレートでコシが強く大好きな味です。シナチクや煮卵は写真で分かる通りの金かけてますな品質です。チャーシューが苦手なローストポークでしたが全然美味しい！とりむね肉のチャーシューも柔らかくてジューシー。どうやったらこうなるのか？教えて欲しい。炊き込みご飯も絶品です。やはり、認められてる店は一つ一つが丁寧で拘りを感じる一品になってるな～と思いました。貝が苦手な人でなければ絶対おすすめします。,2
自家製麺ロビンソン。ついに訪問。平日13:40到着、30分待ちますとの案内から14:07着丼。店内に広い待合室もあるのでありがたい。手揉み麺につけ麺をオーダー。今日の気分としてはコシがそこまで強くなくて良かったので、最適な麺だった。厚すぎず薄すぎず、細すぎず幅広すぎず、硬すぎず柔らかすぎず、揉みすぎず真っ直ぐすぎず。麺がつかる昆布水、と言っていいのかは鰹出汁が強く粘性も弱い。ガゴメ昆布のとぅる感はほぼなし。でも美味い。このままスープ割に使える。つけ汁や具については、うん美味しいという感じ。麺が際立つ店。細麺も挑戦したい。,2
"日時昼時、5名ほど待ち。30分くらい待って入店。人数の割に少し待ち時間が長いのは、区画で入替ているせいか。ミックスワンタンメンと煮卵を注文　1,420円席について注文をとったら現金で支払う後ろに荷物かごやハンガーがあり助かる。ミックスワンタンメンはつるつる麺に、肉ワンタン3つとエビワンタン2つ麺も雲呑もスープも、追加トッピングした煮卵もどれをとっても美味しい！夫婦？の店主は気に入らない客に対して癇癪レベルで反応しており、せっかく美味しいラーメンなのに美味しさが減少しました。。外で待っている客がルールに書いていることをわざわざ聞いてきたりして、その人も悪いのでしょうが、感情を表に出して他の客に気を遣わせるのは大人としてどうかと。。ラーメン屋らしいといえばらしいですが。普通にしている客には至極まともに対応するので、変な客じゃないのなら安心して行けば良いと思いますw他人のことでもあまり気持ちはよくなかった、ですがつけ麺と坦々も食べたいので時間が合えばまた行きます",1
ずう〜っと前から行きたかった「中華そば さとう」さん。ようやく夢が叶いました。週末の11時半頃、並びを覚悟で行きましたがすんなりイン。カウンターに腰掛け、″ 中華そば(大) ″ にトッピングの ' チャーシュー ' を注文、その場で現金払いです。麺は私の大好きな細め。スープは黄金色のあっさり系、煮干しが少し分かる程度で魚介系が苦手な方でも大丈夫だと思います。美味しくて飲み干してしまいました。チャーシューも必要以上の味付けがなくて適度な軟らかさで美味。お御馳走様でした。,1
平日の19時。中目黒にて評価の高い当店へ。駅からちょっと遠いためか、ちょうど誰もおらずすんなりと入店。醤油が美味しいとの事だったので醤油の味玉吊るし切りチャーシューを注文。吊るし切りに惹かれてチャーシューご飯も注文。合計1600円。着丼。醤油の色が濃い中に煮干しの香りが立つ。丁寧に取られた煮干しの風味と豚骨、鳥の出しもバランスが良い。吊るし切りのチャーシューは厚みがあるが柔らかく香りも美味しい。ただちょっとスープ表面の油が多いか。油の蓋で最後までアツアツで食べれるのと、満足感もあるがちょっと重い。煮干し酢などトッピングもあるが、味変で酢昆布を投入。ちょっとあっさりに感じる。チャーシューご飯はチャーシューとタレで炊いたのか。色も濃い。自家製食べるラー油を投入。何か他にサッパリした薬味があっても良いかも。丁寧な仕事が感じられ全体的に満足感は高い。,1
【つけめん ふぁみりあ(１口ライス+バニラアイス付)】本日からの新メニュー   つけ汁が緑色というかずんだ色というか⋯おおッ  この味は？券売機脇の説明書きには《ちーの・なーら・ゔぇーぜ・あみーご４兄弟の旨味が家族になった煮干しいたりあん濃厚つけ麺》とあります   それで【ふぁみりあ】なのですね４つが混じり合うとこのようになるのですね   でも何処かでこの味を記憶していたような⋯そんな懐かしさも感じさせてくれるつけ汁です肉類はつけ汁内に身を潜めています麺はしらすと粉チーズがかかっていますけれど、そのまま汁に浸けるもよし、私は麺をよくひっくり返して混ぜ混ぜしました   丼底に溜まったオイルが混じり麺がより味わい深くなったように思いますそれにしてもこのつけ汁はコクがありイイです最後に【１口ライス(無料)】をドボンして混ぜ混ぜしましたが⋯ライス放り込みでは今日のメニューが一番好きかな食後のプチデザート(サービス)はバニラアイスを選択ご馳走様でした,0
今年3回目のべんてん。本日は重要な会議を終え、ほっと一息。休憩を取り、戦友とも言える同僚と2人で訪問しました。普段は土曜日に娘との“べんてんデート”が定番ですが、今回は平日。行列は思ったより穏やかで、約40分で入店▼注文・塩ラーメン 中盛・チャーシュー・メンマ・海苔・生卵（フルトッピング仕様✨）ここ最近はチャーシュートッピングを控えていましたが、今日は解放日。メンマチャーシューで勝負です。着丼した一杯は、相変わらずの迫力。特に本日のチャーシューの大きさは圧巻で、まさに贅沢の極み✨私の流儀は決まっています。まず塩スープを4口じっくり啜る。次に生卵に麺をくぐらせて熟成。そしてチャーシューを2枚一気に。ここで早々ににんにく投下！このブーストがたまらない麺との絡みは抜群で、一口ごとに幸福感が押し寄せます最近は食べられる量も変わり、中盛でしっかり満腹。それでも満足度は最高潮。昨年は週1ペースでしたが、今年は意図的に月2回へ。ここからまた2〜3週間は我慢の時間…この“間”こそが、次回を最高にするためのスパイス。最近読んでいる脳科学の本に、「海馬はエピソードと結びつくと出来事を長期記憶として定着させる」とありました。重要な会議を乗り越えた後、同僚の“初べんてん”。あの瞬間、あの会話。この一杯は確実に記憶に刻まれました。ラーメンは味だけでなく、物語で食べるもの。ご馳走さまでした！！,2
最高のラーメンを探す旅1日目夜はこちら。日本20位内にも入ったことのある手もみの名店。七彩出身のラーメン屋に行くのは初です。行列対策の整理券システムを導入してました。は、初めて見た(感動)。便利ですね。いうても開店30分前に来たんで余裕の1巡目でしたが。醤油とカツ丼をオーダー。特製とかないんで感覚麻痺って安く感じる…醤油は鶏の甘み・旨み全開のコクウマスープ。いやぁ美味い…シンプルながらここまで美味いと思わせてくるとは…なにより手もみの麺との絡みがよく麺自体の美味さが全体の良さに直結しているのかも。チャーシューは炙りと低温調理の2種。ソースカツ丼は薄めながらもカツが6枚入っていました。言われた通りソースをしっかり感じるカツとご飯と言う感じ。余裕で完食完飲。突き抜けたものがないものの全てのパーツが完璧で最高のラーメンでした。悔しいけど関西のラーメンはまだまだなんすなぁ…ご馳走様でした。2026年2月20日時点☆3.82百名店24、25日本66位(ラーメン)出身:麺や七彩※移転前百名店17〜20,2
"東京都中央区八重洲2-1 八重洲地下街 八重洲地下2番通りの「らーめん七彩飯店」さん。東京八丁堀の麺や七彩さんがプロデュースするヤエチカの新業態店。麺や七彩さんといえば喜多方ラーメンと煮干しラーメンが人気で、注文が入ってから麺を打って切って茹でるという常識を打ち破る人気ラーメン店。いや〜久しぶりの七彩さん♪スープも美味いけど麺も絶品なので楽しみ‼︎☆喜多方 1,000円税込具材はチャーシュー4枚とほうれん草、玉ねぎ、メンマ。麺は七彩さんの真骨頂である縮れ太麺で、モチモチ食感とツルツル食感のＷ食感がとても心地良い♪圧倒的に美味しい麺の秘密は？〜以下、公式HPより抜粋〜当店の麺はもち小麦「もち姫」を軸に「春よ恋」「きたほなみ」「ゆめちから」などの国産小麦をブレンドしています。豊かな風味ともちもちの食感、しなやかなコシのある多加水麺です。オーダーが入るたびに手揉みすることで、不規則なちぢれが加わり、スープの旨さを吸い上げます。麺が美味しいので、つけ麺や油そばなどのらーめん以外の麺類メニューもご好評いただいております。これは麺が美味いわけだ♪澄んだ醤油スープは恐らく無化調で、動物系と魚介系のダブル仕込みの淡麗スープ。コク深くてまろやかな醤油の味わいはレンゲでスープを飲み始めたらもう止まらない美味さ♡喜多方という七彩さんのラーメンは、独自の進化を遂げたNEO喜多方ラーメンという表現が相応しいかも知れない。七彩さんのラーメンが東京駅で食べられる事に、心の底から感激をいたしておりますm(__)mご馳走さまでした(￣人￣)",0
数年ぶりの訪問になります。前は昼時に近くにいると寄らせていただいていました。自分は海老寿久担々麺。同行者は麻婆麺をオーダーしました。久しぶりに食べましたが濃厚で美味しかったです。締めのリゾットも良いですね,0
平日ちょっと早めに来れる機会があったので11：30頃着　並びなく店内へ帰る頃には並びが10人くらいできていて12時前に来れないとサラリーマンは厳しいなと。さて初回なのでシンプルににぼし蕎麦と蟹味噌和え玉を注文にぼしそば:灰色のスープが濃厚な煮干しを感じさせます。啜ると取る！？　予想よりも洗練されたお味！ベースのスープが上品のようで、にぼしもいいところどり肝も多少入っているのか、苦味、旨みが絶妙でなんとも良いにぼし感。出汁が濃いと塩見が効きすぎるスープもあるのですが、ここはそこも計算されておりようで絶妙な塩味でスープが止まりませんw特濃とかどーなってしまうのか？興味はあるけどノーマルでここまで美味しいと悩ましい。麺はパッツンと歯応えあり系で小麦の甘みも感じられこちらもかなり好み。玉ねぎの甘さもいい感じ(しんたまかしら？)そして蟹味噌和えめん底に何かたれ的なものが少し入っておりようで麺の上に蟹味噌クリームがかかっております。そしてすりたてのブラックペッパーが。黒胡椒も相まって、簡単に言えばカニ風味カルボナーラですな。めっちゃ美味しかった。あまりに美味しくて、ニボスープの合える前に完食してしまいました。麺の甘みが非常に生きるタレです。お気に入りのお店になりました。,1
濃厚煮干し蕎麦1080 和え玉300 合計1380円。煮干しの旨味だけでなくどっしりと感じる動物系にこれでもかと煮干しのえぐみ旨味を感じれるスープ。ラーメンもつけ麺もうまく気分で選べるのが嬉しい。厚めにカットされた2種類のチャーシュー。和え玉は醤油塩の2種類から選択可能。これだけ煮干しがすごいと好き嫌いははっきりと分かれそうだなと思わされるほど衝撃的な一杯。,2
今年初来店手揉みもちもち麺に出汁のきいたスープがよく合い、どんどん食しました。チャーシューは飲める柔らかさ、ゴロゴロ入ってます。値上げは残念だけど、物価高しかたないですね、、、最後のスープは割りを足してもらいお酢をだくだく入れて、ご馳走様でした。,0
仕事の都合で初めて降り立った東急旗の台駅。そこでチャッピーからお薦めされたこちらのお店。味は期待通りの美味しさ。煮干しラーメンとイタリアンのコラボ。ども何より徹底されたこちらのお店の接客スタイル。女性スタッフオンリーの心配りの元気のいい素晴らしい接客は気持ちがいいランチタイムを提供してくれる。,0
ただの味噌じゃないです。味噌とんこつ、でしょうか。スープはガツンと脂と塩分が染み渡ります。うまい。ふわとろのチャーシューに、シャキシャキのネギが美味しい。麺は2種類から選べます。太麺にしましたが、よく合います。もう片方のちぢれ麺でもスープがよく絡んで美味しいかもしれない。ものすごく空腹で行って、今度はご飯も一緒に食べたいな。ラーメン単体だけだとスープがちょっとしょっぱくて、最後はお酢で味変しながら食べました。いやでも美味しかった！,2
"平日の遅めの昼ごはん。14時過ぎに鏡花さんに到着。流石にすいてました。入り口にある食券機で極鶏白湯ラーメン1,300円を選択。店員さんの誘導で着席。暗い照明の店内。おしゃれです。ラーメンが運ばれてくると、読書灯のようなライトでラーメンが照らされる演出。極鶏白湯はトロリとした濃厚なめらかスープで美味しい。始めは泡立っています。麺は細目のシコシコ麺。周りの人も極鶏白湯でした。人気です。",1
2月24日訪問。軍鶏塩ラーメンを注文。平日の昼時先客4人。東京軍鶏に博多地鶏に京桜親鶏の殻に丸鶏そしてもみじと拳骨の動物系に数種類の煮干と節類と昆布等の魚介系そして香味野菜を長時間ゆっくり炊き上げたスープ。煮干に節類そして昆布等の魚介系と干し椎茸等から抽出した出汁に厳選した4種類の塩をブレンドした塩ダレ。スープを覆う油は鶏油と軍鶏の脂をブレンドした香味油？かなと。数種類の国産小麦粉をブレンドした三河屋製麺の特注の細ストレート麺。トッピングは吊るし焼きの豚バラに低温調合の軍鶏に葱そしてメンマ。軍鶏と鶏と豚の動物系の旨味に魚介系そして香味野菜の旨味を加えた雑味の無いクリアな軍鶏と鶏主体の奥深いスープ。程良いキレと円やかさを兼ね揃えた塩ダレ。スープを覆う鶏油と軍鶏の脂をブレンドした香味油は鶏とは少し違う風味を加える。　麺は啜り心地抜群の三河屋製麺特注の細ストレート麺。吊るし焼きの豚バラの独特な薫りと低温調合の濃厚でねっとりとした軍鶏は秀品。流石新宿の名店雑味の無いクリアな旨味で纏め上げたハイクオリティな軍鶏塩ラーメンだなと。又伺います。,2
"◾️食事こちらの味噌ラーメンは,麺の食感が大好きで何度も訪れています.辛味噌とノーマル味噌,そして食べたことはありませんが番長ラーメン(1番辛い)の3種類があります.ラーメンも食べたことがありますが,最近いつも頼むのは,辛味噌つけ麺です.辛すぎるわけではないのですが,ここ最近は完食に近づくにつれて,しょっぱさに苦しくなることも.もう少しだけ塩分を抑えると,最高の味噌ラーメンだと思っています.",2
牡蠣中華そば【1100円】味玉【150円】ミニカレー【350円】大好きな牡蠣中華そばが復活していたのでやってきました。牡蠣中華そばにはミニカレーを付けたくなります。合う合わないというより、なんかベクトルが一緒な気がして。ミニカレーはスタンプ溜まってたので特典利用して。醤油か塩か選べるかわかんなかったので、自動的に醤油で来ました牡蠣中華そば。醤油でも牡蠣の旨みと風味が強いです。このダダ漏れしている牡蠣の旨みとそれを運ぶ中細麺の具合が何とも完成された中華そばです。あらためて牡蠣中華そばとミニカレーの相性を考えてみると、やっぱり合ってるなあと思いました。家庭的なカレーではなく、突き抜けたスパイス感があるハナコレイジのカレーは牡蠣の旨みをまたひと段階ぶち上がるような効果が期待できます。おすすめですね。,0
落合駅すぐの麺や晴心(せいしん)。2024年11月オープン。TRY新店大賞を受賞し、メディアでも注目の名店。平日の夜の8時頃でしたが、常時6-8人待っており、20分は待ちました。太麺なので茹でるのに時間がかかるのか回転は早くないです。ただ待つ甲斐はある！特製手揉み中華そばとあえ玉を頂きました。濃い味のスープがたまらない。中太の手もみ麺にスープが絡まり、また、手もみすることで凹凸ができるので、食感がおもしろい。チャーシューもよく味が染みていて、美味。あえ玉は、チキン・魚粉・玉ねぎが調和していて、絶品。丁寧に一杯を仕上げていて、もはや敬服。今まで食べたラーメンの中で指折りの名店でした。また絶対訪問したいと思います。,2
金が無い。なので今日はこちら。新橋ニューともちん。理由はシンプル、安い・量ある・間違えにくい。□到着なかなかの並び。ざっと見て20名ほど。結果、待ち時間は約30分。新橋の昼どきなら想定内とはいえ、なかなか気合のいる数字。ただし回転は悪くないので、列はじわじわ前に進む。□注文いつもの豚塩味。ここで変化球は投げない。金が無い日は安定を取りに行く。□着丼まずスープ。豚の旨みが前に出た塩味で、クセは少なめ。派手さはないが、雑味もない。毎日食っても文句は出にくいタイプ。□麺ツルッとした食感。スープを邪魔しない控えめポジション。主役じゃないが、仕事はきっちり。□豚量も味も必要十分。豪快さを期待すると違うが、値段を考えれば文句は出ない。□ライスおかわり自由。ここは正直かなり強い。腹を満たす気なら無限に戦える。ただ、さすがにこれはサービスだろうと思い今回は自重。金が無くても、人としての一線は守った。□総評30分並んででも来る人がいる理由は分かる。突出した何かはないが、安くて、早くて、ちゃんと腹にたまる。新橋という街で、働く人間の胃袋を黙って支えてる店。□こんな人に・昼飯に金をかけられない・とにかく腹を満たしたい・ラーメンに刺激より安定を求める,0
いつもは無かった様ですが味噌ラーメンのポスターを見つけて豊潤亭では始めて味噌ラーメンを頂きました。濃厚味噌に挽肉とチャーシュー、もやしに小葱、トッピングも完璧！特に熱々で最高に美味しく頂きました。ご馳走様でした。,0
"【2026年 22杯目】中華そば 西川⎯⎯⎯⎯⎯⎯⎯⎯⎯⎯⎯⎯⎯⎯⎯⎯⎯⎯⎯・✦ワンタン正油 ¥1,700⭐️麺大盛り ¥250⎯⎯⎯⎯⎯⎯⎯⎯⎯⎯⎯⎯⎯⎯⎯⎯⎯⎯⎯・✦食べログ百名店7年連続選出！TRYラーメン大賞2025-2026名店部門・にぼし2位のこちらへ《来店状況》 ┈┈┈┈┈┈┈┈┈┈┈┈┈┈┈┈日時：2026年2月（平日）到着：13:27並び：なし着丼：13:34《レビュー》 ┈┈┈┈┈┈┈┈┈┈┈┈┈┈┈┈◎スープとろっとした舌触りで鶏・豚・牛の分厚い動物系をベースに節系の芳しさと煮干貝のじんわりとした出汁感に芳醇な正油が力強くまとめた味わい。◎麺ツルツルとした麺肌で適度なコシのある中ストレート麺。◎チャーシュー噛み応えのある豚ロースと豚肩ロースが1枚ずつ。◎その他トッピングワンタン、メンマ、海苔、小松菜、なると、ネギ。魚介動物醤油のパワフルな旨味を堪能できる一杯✨ご馳走様でした《店舗情報》 ┈┈┈┈┈┈┈┈┈┈┈┈┈┈┈┈東京都世田谷区砧2-15-10 メゾンドオーポン 1F千歳船橋駅 徒歩13分時間：11:00-14:30定休日：月/火/水食べログ：3.81※情報は訪問時のものです。最新情報は公式SNS等をご確認ください。",2
40年間、来てみたいと思っていたお店にようやく来ることが出来ました。夜営業のみなのでなかなか機会が無く、雪の降る今夜ならチャンス！と思って行きましたが、流石の人気店で40分程並んでようやく店内に。接客がもの凄く気持ち良いです。ラーメン（醤油）は東京豚骨でホープ軒を彷彿させる見た目ですが、不思議なマイルドさで具材、麺とのバランスがとても良いです。また、もやし、メンマなどの具材はラーメンにベストマッチするように、調理の加減にかなり拘っているように感じました。ノーマルラーメンでも結構なボリュームがありますが、ペロリと食べることが出来ました。人気も納得です。,0
楽観のラーメンは東京では立川で1度食べたことがある。宮崎に楽観ができた時には何度も通ったものだが、宮崎ラーメンと比較して値段が高かったこと、とんこつ文化であることから撤退してしまった。宮崎店が閉店してから食べていなかったが、近くの国立新美術館に寄る機会があったため時間を作って伺うことに。楽観の本店である西麻布のお店。休日の12:40ごろ8席ほどのカウンターは親子連れ2組。ギリギリ並ばずに入ることができた。しかし店を出る時には数組が並んでおり、人気があるのは確か。とても幸運であった。今回は特製琥珀1150円に。提供直前にチャーシュー を炙ってくれるので、良い香りがする。チャーシュー はもも肉。とろけるタイプではないので食べ応えがある。煮干がほんのりと香るスープ。バジルとオリーブオイルのおかげで、ただの醤油ラーメンとは一線を画す味となっている。バジルとオリーブオイルという洋風の組み合わせは刻み玉ねぎとも良く合う。六本木、西麻布という土地柄。この立地でこの値段でこの美味しさのラーメン。やっぱり楽観は凄いよなぁ。こんなにも綺麗で美味しいラーメンを宮崎でも昔は食べられたんだもんなぁ。つくづくもったいないと感じる。久しぶりの楽観のラーメンは相変わらずの美味しさで寄った甲斐があった。,0
府中本町駅から階段を降りて道なりにMr.長嶋さんのような軽快なスキップであれば30秒くらい行列してることが多い人気店カウンター席のみ　入口に、食券機注文したのはワンタンメン中華そばの名にふさわしいシンプルなビジュアルワンタンが入っていないにごりのない中華そばも美味しいごちそうさまでした。,0
見た目は二郎系に近く、くどそうに見えますが、全くくどさはなく意外とスープはあっさりしていて、背脂の甘みが効いていて美味しかったです。ニンニクと豆板醤を入れたらさらに美味しくなりました。白ネギを乗せ放題なところも良かったです。飲み物がジャスミン茶で、口がさっぱりするのでこれも良かったです。あと、ラーメン屋にしては珍しく、決済手段がPayPayや交通系やクレカなど、一通り使えるので、スマホだけ持っていれば決済できる点も良いと思いました。ごちそうさまでした。,1
猫月さんの限定、毎回楽しみなのですが中でも海老系は最も楽しみでして。3連休は、予定があり土曜日を逃してしまうとしばらく行けなくてやらなきゃいけないことをほっぽって、いざ❣️11時過ぎにお店に到着。すでに行列。2巡目に入れた様で.30分弱待って着席。今日は欲張らない様にしようと思ったけど、無理でした。限定の他にやはり海老和え玉も追加注文。透明なスープは海老の香りで広がり、美味しい^ ^海老味噌玉を溶かすとコクが増します。で、極め付けの和え玉。至福〜♪今日も美味しかった！ごちそうさまでした♪,0
"本当に久しぶりに""戸越銀座""にやって来て通りを歩いていると、「らーめん えにし」さん。以前、こちらでいただいたのは４年前。随分とご無沙汰しております。何となくお店に上がる階段にある看板を見ていたら""えにし冬の風物詩 みそラーメン""とあります。なんだかもう無性に食べたくなって、お腹の方は先にお饂飩をいただいて出来上がっていたのですが、お店の入口を目指し階段を上がります。手づくりのお味噌使ったスープにトマトが入っている。麺は平打ち麺。お味噌のスープにトマトの酸味が、意外に合うのですね。細かい粒々は小さな天玉だろうか。かりかりしている。商品見本のポスターに""にんにく""とありますが、それほど""にんにく""は感じられない。しかし、スープのコクにつながっているのでしょう。たいへん美味しい味噌ラーメンでした。他にもこの季節の限定メニューもあります。近々でまた訪れることになるでしょう。ご馳走さまでした。",0
以前から気になっており、ちょうど有休だったので行ってみました^_^お昼前11時半〜40分頃に待ちなく入店。初訪問だったのでラーメン並と味玉を注文。スープはかなり濃厚、魚介風味がガツンと来る味わい。このスープにつけ麺でも使われそうな太麺がよく絡む。麺は歯応えも抜群で、大変美味しくいただけました。スープは食べ終わるまで熱々なので、猫舌の方は注意が必要かも。並か大か迷いましたが、並でも230g？の麺量で濃厚スープなので、満腹になりました（ちなみに、寿製麺よしかわでは ラーメンと和え玉をセットで食べます）つけ麺も美味しそうだったので、次食べてみたいです。近場にこのようなお店ができて嬉しい限りであります（＾ν＾）ご馳走様でした^_^,1
平日の仕事終わり、まだオフィスの蛍光灯の残像が瞼に残るような時間帯に、同僚二人と「今日は美味しいラーメンを食べて帰ろう」と意気投合した。行き先は、大森海岸に本店を構える名店として名高いHomemade Ramen麦苗。とはいえ、平日の夜にわざわざ本店まで足を伸ばす余裕はなく、日本橋コレド室町の店舗へと向かうことになった。閉店前という微妙な時間帯。もし混雑していたら入店打ち切りもあり得るのではないか――そんな不安を胸に地下へ降りると、店前は拍子抜けするほど静まり返っていた。人影はまばらで、あれほどの人気店のはずなのに、列もなくすんなりと入店できてしまう。その瞬間、心のどこかに小さな違和感が芽生えた。「本当にここでいいのだろうか」と。注文はQRコード方式。メニューを開くと、醤油と塩の二枚看板。結局、三人とも迷わず塩を選んでいた。濃厚なものを求める気分ではなかったのだろう。仕事終わりの身体は、きっと優しい味を欲していたに違いない。そこに上トッピングを追加し、静かに到着を待つ。ほどなくして運ばれてきた一杯は、見た目には確かに美しい。透き通ったスープに整然と並ぶ具材。期待を込めてレンゲを差し入れ、一口すする。――その瞬間、胸の奥に広がったのは、驚きではなく「ん？」という小さな疑問符だった。これが噂の一杯なのだろうか。どこか輪郭がぼやけた印象で、強烈な個性が感じられない。もしかしたら底に旨味が沈んでいるのかもしれない。そう思い、軽くかき混ぜてみる。しかし味の印象は変わらず、期待値との距離だけが静かに浮き彫りになっていく。麺はやや柔らかく、もう少し芯のある茹で加減であれば印象は違ったのかもしれない。チャーシューは確かに美味しく、丁寧な仕込みを感じさせたが、煮卵は黄身が固く、やや火入れが強いように思えた。本店にはまだ訪れたことがない。だからこそ、この味が本来の姿なのか、それとも支店ゆえの差なのかは断言できない。ただ、世間で語られる評価との差を思うと、店舗間でわずかながらも確かな隔たりがあるのだろうと感じてしまう。星の数でいえば、0.5の違い――その意味がなんとなく理解できた気がした。ふと横を見ると、同僚二人もどこか静かな表情で麺をすすっている。会話は穏やかだが、期待を語り合った来店前の高揚感は、少しだけトーンダウンしていた。もしかすると、三人とも塩を選んだのが今回の分岐点だったのかもしれない。醤油を一杯混ぜていれば、印象は変わっていたのだろうか――そんな仮定が頭をよぎる。個人的には再訪はないだろうと思いつつも、もし複数人で訪れるなら、ぜひ味を分けて頼んでほしいと感じた。名店の名は伊達ではないはずで、どこかに本領が潜んでいるのだろう。期待が大きかったからこそ、少しだけ肩透かしを食らったような、そんな平日の夜。日本橋の地下街を後にしながら、次はどんな一杯に出会えるだろうかと、ラーメン探しの旅はまだ続くのだと思った。,0
2017年、2018年にはラーメン百名店にも選出されているこちらのお店今でも行列が発生する人気店らしいのですが、恥ずかしながら未訪問なので行ってみました土曜日11時35分到着で7人待ち食券先買いで並びにつきますミニラーメンの設定があると嬉しいですよね回転は早くて15分位で着席出来ました＜ミニラーメン豚1枚　880円＞ミニだと麺量が200gコールはニンニクアブラスコシアブラは別皿でしたヤサイは味無しですが、別皿アブラの味付けが濃いので一緒に食べるとちょうどいいです液体アブラが多いけどくどくなくて、豚の旨味が凄いですね麺はかなりのゴワゴワ麺なので、啜ると口元が暴れます食べ応えがあります。直系を彷彿とさせるビジュアルと味ですね旨い！ごちそうさまでした,0
"【事前に「AirWait」にて予約必須】下丸子駅から徒歩3分。東京トップレベルで、予約が1分も経たずに終了するほど人気な、もちもちワンタンが人気のお店。土曜日に訪問。当日毎朝7:28〜受付開始。受付番号は「7」。11:20頃に到着。11:30にシャッターが開きオープン。1巡目で入店。なんとか予約を取ることができた。予約は即終了するので、頑張って挑戦してほしい。1回の受付で2人(2杯)まで。連食の場合は2人で予約。もちもち雲呑味玉中華そば（¥1,450・税込）を注文。スープは特に煮干しの旨味がしっかり効いていて美味しい。思わずレンゲが止まらない。メンマは味がよく染みていて、適度な柔らかさ。チャーシューは2種類。豚バラは口の中でとろけるほど味が染みており、豚肩ロースも程よく柔らかい。どちらも美味しい。麺は茹で加減もちょうど良く、中太麺で食べ応えあり。ワンタンは名前の通り、非常にもちもちとした食感。餡には生姜が効いている。最後に味玉。黄身の火入れ具合がちょうど良く、とろとろ。店員さんは3名。皆さん笑顔で接客も丁寧。一見の自分にも気軽に声をかけてくれた。常連さんとも楽しそうに会話しており、店内の雰囲気も良好。常連さんが多い印象。人気店なのも納得の一杯。またいつか再訪したいと思いました。ご馳走様でした。",2
萩中商店街沿いにある、ちゃるめさんに訪問しました。ラーメン大賞なども過去に受賞されているようで、店内にも盾が飾られていました。カウンターと、テーブル2つスッキリと綺麗な店内で調理工程も見れて良かったです。日曜日の14時くらいでしたがお客さんが常に待っている状態で人気なのが分かりました。注文は、醤油のワンタン中華そば大盛（手もみ麺）、塩の卵付き中華そば大盛（手もみ麺）、角煮マヨ丼をチョイス。気になる味ですが、醤油は旨味たっぷりでほんのり甘さも感じられるしっかりとしたスープで手もみ麺と相性抜群！手もみ麺も小麦の味がしっかりと感じられ歯ごたえもありツルツルとしてめちゃくちゃ美味しかったです！塩もしっかり出汁の旨味が効いた塩濃いめのスープでめちゃくちゃ好みの味でした。こちらも手もみ麺にスープが絡んでめちゃくちゃ絡んで美味しかったです！角煮マヨ丼はミニサイズなので量は少ないですが、角煮とマヨ、玉ねぎのバランスが良かったです。店員さんも感じが良くてまた来たいと思います。ご馳走さまでした！,0
麺がもちもち、スープが熱々油で蓋がしてある感じだから、うっかりするとヤケドするくらい温度が保ててる。チャーシューは個人的に好みでないけど、がっつり肉！って感じのチャーシューが好きな人は好きだと思う。,1
限定味噌が好評っぽかったのでひさしぶりに訪問。味噌チャーシューに味玉追加で1760円。キャッシュレスだと気が大きくなってしまう。オープンキッチンだから中華鍋で一杯ずつ仕上げていく様子も見られて楽しい。ほどなく着丼。スープをずずっと。一口目からインパクトのある旨さ。旨い。旨すぎる。東京の味噌ラーメンの中でもトップクラスと言えるのではないか。純すみ系インスパイアとしては、暖簾分けも含めて最高峰なのでは…そんなことを思いつつ夢中で啜っていました。チャーシューがもっと大判だったら嬉しかったですが、とろけ気味のバラ肉で、これも味噌ラーメン用に作ったものでしょう。流石の味わいでした。味噌ラーメンだといつもより塩分気にするのですが、気づいたら完飲してました。本当に手が止まらないおそろしい旨さ。やまぐちさんのラーメン、限定初めてでしたが今後も見逃さないようにしたいですね。(というか本音ではこの味噌ラーメン専門店も出して欲しい…),2
フォローさせて頂いている方の投稿で、食べログスコアも高く、創業100年超の昔ながらの中華そばをいつか食べてみたくてBMしてあったお店三連休の中日紅葉狩りに行こう！となって、都内から比較的近いし、こちらの中華そばも食べられるし!?と奥多摩を目指すことにしました道中、新青梅街道が瑞穂町まで大渋滞で、想定より１時間以上遅れ、14時過ぎに到着駐車場は店の1F部分と店を過ぎた先にもあったのかな？無事に車を停めて入店店内は我々が入って、残り１テーブルそこもすぐに埋まり満席になりましたお店のBMだけ観て、改めて記事を観てこなかったのでメニューは初見あれ？ラーメン屋(中華屋)さんではないんだ!?何ならメニュー上では手打ち蕎麦もラーメンも ほぼ互角wカツ丼もお勧めらしい？wお店の雰囲気もアットホームな観光地の食堂、な感じで中華そば目的で訪れた私的には、若干の不安が生じたのはお店の方には内緒wもちろん注文は中華そば！ただ同行者がノーマルの中華そばにしたので、私は観光地でよく食べる山菜うどんを思い出して、「山菜中華そば」なる初めて目にするメニューを注文せっかくなので炒飯も付けたら、同行者が味噌田楽が食べたい！とのことでラーメンと味噌田楽のマッチングにも挑戦w店内は団体さんも複数居られたので20分ちょいで炒飯から随時到着ただその前から気付いてはいたんですよね店内に充満する豚骨臭に!?創業100年超ですよね!?写真の見た目も普通の中華そばですよね!?なのに何故ゆえ豚骨臭？とは思っていたのです中華そばなら普通は鳥ベースか魚介が加わるのかと思うじゃないですか？そう言えば鹿児島で食べたラーメンは白濁した豚骨スープではなく、見た目は醤油なんだけど豚骨味強めのラーメンだったなぁ!?などと思い出しながら、到着したラーメンのスープから一口うん、まろやかでスゴく美味しい！確かに豚骨ではあるんだけど、醤油のまろみと相まって、豚骨が影で支えてくれている程度で全面には出ていない、醤油豚骨の鹿児島ラーメンともまた違う 味わったことのないスープ手打ち麺がスープをこれでもか!?と一緒に口に運んでくれるので、どんどんスープが減っていきますまた炒飯も美味い！おそらくラーメンの醤油だれも使ってくれているようなまろみのある絶妙な塩味味噌田楽との相性は不明ですが、ラーメンと炒飯は当たり前のベストマッチ！少食でない方はセットで炒飯もお勧め致しますただ唯一の問題は、私が気まぐれに「山菜中華そば」を頼んだこと…。具材が山菜のみとは思わなかったし、山菜と麺を一緒に口に運んでもメンマのように至福とはいかず…次回は普通の中華そば(醤油)か、このスープでどんな感じなのか想像がつかない(味噌)を注文しようと思いますご馳走さまでした！また来年のこの時期に必ずお伺いさせて頂きます(^-^ゞ,0
東急池上線、蓮沼駅降りたすぐのところにある小さな中華そば店営業時間は朝から昼過ぎくらいまでしか開いてないので行くタイミングがなかなか難しかったのですが昼間に蒲田に寄ったタイミングで訪問できました小さなお店で5人くらいしかカウンターに座れないようなコンパクトなお店のためタイミング間違えると入れないかもしれませんがたまたま運良かったのか待たずに入れましたまず店内入り口の券売機で食券を買うのですが　だいたい　メインの価格帯は1400円くらいの設定になってます。どれも美味しそうなのですが特製味噌　というのが気になったので頼んでみました最初の一口目、スープの味はちょっとしょっぱいかな？と思ったものの麺と絡めていくとだんだん具や麺と馴染んできて塩気がちょうどよくなってきます。スープがかなり素材や具材、製法とかにこだわってそうななんとも奥行きのある深みとコクが感じられるスープでとても美味しい。最初しょっぱいかなと思ってたはずが結局、ちょうどよく美味しくなってきてスープも飲み干してしまいました。目立たないところにありますがまさに隠れた名店ですね！蒲田駅からだとちょっと遠いので地元の人に愛されてる名店なのかもしれません。久々にスープを飲み干したくなるような美味しい中華そばだったので蓮沼駅経由でまた食べに行きたいとおもいます！,0
鶏と牛の動物系の旨味に、海老と貝のダシが合わさり重層的な味わいを織り成すカルテットスープ。醤油のキレも際立ってる。デュクセルペーストを溶かすとトリュフをはじめとする茸の風味が広がり、より華やかな美味しさに！ご馳走様でした！,2
ヤサイ少なめ・ニンニク・アブラ辛い奴　1倍　¥100◎平日・晴れ17:07 7着目&食券購入&外イス7席目着※夜営業開店前でもドア解放されているので食券購入できます。17:25 25人待ち17:30 開店※辛い奴は1倍でオーダー17:40 コール&着丼ラーメン百名店TOKYO 2017-2018選出店デカい肉が2つ！歓喜！辛い奴1倍はマイルドな辛さで美味しい。回転早く待ち時間も短めで優良店です。二郎初心者にオススメです。#ラーメン二郎 八王子野猿街道店2@京王堀之内,2
"肉入りつけそば1,100円＆麺大盛り100円　JR赤羽駅から歩いて5分ほどのところにあるお店で、平日のお昼前に訪問。並びは6組でした。20分ほど待って入店です。空いた席に順次座るため、複数人で行った際は席や提供時間がバラバラになります。　蒸し暑い日なので、肉入りつけそばの大盛りを注文します。店内はカウンター6席で店長さんのワンオペでテキパキと調理しています。　お水はセルフ、レンゲや紙エプロンはありません。卓上調味料は、お酢、胡椒、すりごま、豆板醤、カエシ、一味があり、魚粉と刻みタマネギは、各3杯までは無料です。着席して5分ほどで提供です。　麺は浅草開化楼の中太ストレート麺でモチモチとした食感がたまりません。個人的には途中から豆板醤を麺につけて食べるとピリッとした味が美味しかったです。大盛りにしましたが麺がかなり美味しいので倍盛りにすればよかったと後悔…　つけ汁は魚粉を入れることでコクと旨みが増し、タマネギはシャキシャキ感と濃くなった口内をリセットしてくれるため、この2つは入れた方がいいです。柵状のチャーシューはメンマと共にたっぷり入っており食べ応えがあります。　麺を食べ切った絶妙のタイミングで割スープが提供されるので、お酢を少し入れて完飲です♪　店を出た際は12時を過ぎていたので10人以上の並びになっていました。涼しくなったらラーメンを食べたいと思います！ごちそうさまでした♪",1
東京都渋谷区恵比寿【人類みな麺類東京本店】大阪で超有名人気店であるお店が東京に進出し、東京本店として2020年にオープンしたこちら。この度いただいたのは「らーめん原点」の世界一厚切りチャーシューに、ネギと煮玉子をトッピング。原点という名の通り、関西風の甘めの醤油に鰹の香りが効いたコクのあるスープ。麺は全粒粉入り、しなやかさともっちりさを兼ね備えた中太麺。スープをしっかり拾ってくれてGOOD。トッピングの煮玉子は程良い半熟具合。もはやこちらが主役なのでは？と思う程で、世界一厚切りというのも嘘ではないくらいの塊チャーシューは、これだけ大きいにも関わらず柔ホロで、味染みも抜群。チャーシュー好きは絶対に世界一厚切りをおすすめします！,1
平日　11:10ごろ一人　特製塩ラーメン、炊き込みご飯1600円　我が家の近くに評価の高いラーメン屋さんがあるとゆーので、平日休みに訪問したよ。三鷹駅北口から近いです。郵便局の道路挟んで向かい。ラーメン屋さん入るのめっちゃ久しぶりだから緊張するよ…入店して店員さんに女性がいたので、ほっとしました…他の店員さんも元気だけど、オス味が少ないので助かる…女性も一人で入りやすいかも。（威勢が良すぎると圧が…；；）入店して右に自販機。現金のみ。上の方に手書きで通常じゃないメニューが書いてあるのですが、初めてなので、スタンダードで。自販機の横に給水機とナプキンがある。席を案内してくれるので、食券渡す。カウンターだけの店内で、席の後ろにカゴがあるので荷物も置ける。入店して満席なら食券買って外で待つ感じ。11：30には満席で、食事して外出たらお店の向かいの駐輪場の前に行列できてました。食券渡して10分くらいでラーメン登場〜カウンターにのせられて自分でテーブルに下ろすスタイル…緊張…トレイに載せてるのはテーブル汚れないし、賢いな…って思った。れんげとお箸も箸置きにのってる。れんげもどんぶりの中に落ちがちだけど、こういうちょっとしたところにお店の丁寧さを感じる。ラーメン屋って回すの重視だから、洗い物少ないほうがいいはずなのに。今時のこだわりラーメン屋はこうなのか？！とか観察してると炊き込みご飯が来た。「量が多いので食べ切れなかったらおにぎりにしますよ」とおねいさんが声かけてくれる。優しい…こんなに忙しいのにそんなケアまで…ラーメンのお味ですが…ラーメンを食べるのって年一回あるかないかの私の感想です。最初にスープを一口飲んで…あ…合わない…って思い…貝の味がけっこうしっかりしてて、私のイメージの塩ラーメンじゃなかったので…；魚貝スープのラーメン屋に入って何をゆーとるんじゃ！って思うかもしれませんが、ラーメン…ほんと食べないんで…知らんのですわ…スマソ…；；好みは別として、スープも美味しいし、麺、チャーシュー、メンマ、どれもめちゃくちゃ美味しいです。味玉は割ったら黄身が半熟、オレンジ色なので、卵もいいものを使ってるんでしょう。トロッとしてめっちゃうまい。鶏ハム？チャーシューは味がしっかり目。すっごく柔らかい〜豚のチャーシューはけっこう大きめ。だけど、柔らかくてお箸で　スッと切れる。こちらはあっさり味。炊き込みご飯に巻いて食べたよ。ちゃんと完食しました！スープもしっかり飲んでしまった…おなかいっぱい〜！トレイをカウンターにあげて、ごちそうさまでした〜けっこう　つけ麺頼んでる人が多かったです。客層も割と若い。お店の方によると、限定の品などインスタで告知をしているようです。（他のお客さんが聞いていた）周辺企業のリーマンさんたちがくるのかと思いきや、やっぱりお昼休みに並べないから難しいんだろうな〜みなさんラーメン好きで、わざわざ食べに来るのかな？こだわりがお料理に反映されたかなりクオリティの高いラーメンだと思います。美味しかったです。ただ…好みじゃなかったです。ほんとごめんなさい。,2
大塚屋でいただいた辛味噌ラーメン。着丼した瞬間に立ちのぼる味噌の香ばしさと、ほんのり刺激的な辛味の香りが食欲を一気に引き上げてくれます。スープは味噌のコクがしっかりありながら、辛さが前に出すぎず絶妙なバランス。ひと口ごとに身体がじんわり温まり、気づけば自然とレンゲが進みます。麺との絡みも良く、最後まで飽きずに楽しめる一杯です。,1
平日の13:00に訪問、待ちは一名。食券ではなく、店員さんに口頭で注文するスタイル。普通のタンメン（太麺）1070円を注文。ただ、店の掲示的には味噌タンメンを推してそうだったので少し後悔。13：10ごろに着丼。まずスープ。コクがあって美味しい。飲んだ時と飲んだ後の余韻で変化がありいい感じ。麺もワシワシで二郎系ラーメンの麺ぐらい太麺。これもよく合う。野菜を食べると...まじかー！俺の嫌いなベチャベチャ系煮込みすぎ、焼きすぎの野菜だった...。もったいない...。野菜の歯応えはゼロ。あと、なんか机も低くて猫背で食べなきゃいけなかったのも結構いやでした...。支払いがキャッシュオンリーなのも良くないかな。喫煙所は店外にあったのかな？私は見つからなかった。,0
▼独自視点・総括ガッツリ残してる人もおり、初訪問の人は量に注意する必要がある普段並のラーメンでちょうどいい人は小ラーメンにすべき12:30には退店できたので日によっては1時間で済みそうトイレは普通▼入店まで11:25に店着。前には11人11:58には店内へ。店内に入るときに食券を購入食券は店主から声がかかるまで握りしめておき、声をかけられたタイミングで渡す▼雰囲気口コミにて態度が…といった記述があったが、いたって普通の優しそうな店主豪快な包丁さばきが見れる席だった1人で淡々とこなしている店内はべんてんと比べると明るく綺麗▼メニュー塩ラーメン（小） 1200円▼ 見た目・味スープは魚介の風味がほどよく、ショウガを結構感じた。スルリと吸える、中太で柔らかい麺チャーシューは肉厚でホロホロ辛味調味料は極力スープにつけず、後半の味変として楽しむと良さそう,2
久しぶりのムタヒロ。22時頃にお邪魔します。2、3分で中へ。普通のラーメンにサワーラーメンははじめの一口スープをいただくと感動され覚える旨さ。煮干し出汁が、いやらしくなく上品。そこに岩のりを入れることで、徐々に味変されより磯の香りが強くなってきます。脂加減もいいですね。麺は平麺の縮れで、やや幅広。これが美味。何故か大判が入ってるのも、なんかいい。ワンタンのようで、汁をしっかり吸っていて、麺とは少し違う味わいになります。チャーシューも存在感がなくなるくらい、一体感があります。玉ねぎ、ナルト、三つ葉、ホントによく考えられています。今年最後の一杯、美味しかった！,0
訪問時食べログ評価：3.67土曜ランチは新規開拓day。池袋から歩けなくもないが結構遠いか。。土曜の13時前で待ちもなくすぐに入店。【スープ】煮干し全開で、動物系や野菜の旨みも感じるドロドロだけどまろやかなスープ。つけ麺のつけ汁並に粘度が強いです。【麺】低加水なパキパキ細麺ストレート。煮干しって感じです。スープが重くて持ち上げが大変。【チャーシュー】豚肩ロース、炙った豚バラ、鶏レアが２枚ずつ。味付けは控えめで、イメージより厚さは薄め。【味玉】やや半熟で、味付け控えめ。【その他】刻み玉葱、岩海苔、ネギ。【紙エプロン】有り美味しかったです！チャーシューの厚みがもう少しあると、食べ応えがあってもっと良いかなぁと。スープはかなり濃厚でドロドロ系なので、個人的にはこっちじゃなかったかも。煮干トリュフそばも試してみたいのですが、甘みがあるというコメントも見かけたので、そこは迷いどこです。,0
3日前に行って写真がうまく撮れなかっので、悔しくて、美味しくて、理由つけてすぐ行きたくて、リベンジしました！土曜日22:00くらい、また20人くらいの並びそのくらいじゃ諦める選択肢はないですすごい美味しかったです行ったことない方はぜひ行くべきです,1
写真の通り、オシャレなラーメンです。牡蠣のメニューが多いです。牡蠣じゃないメニューは売り切れていたので、定番であろうと思われる牡蠣のメニューにしました。泡が乗ったスープもいいですし、しっとりした鶏胸肉と、ローストポークも美味しかったです。見た目に手を抜いていないのもいいです！,1
さて、ずっと気になっていたWANTOさんにランチに突撃して来ました。中に入ってびっくりしましたが猫推しなんですね♪色んなグッズが販売されてて、保護猫団体に寄付をされてるみたいで好感触！ドアに猫ちゃんがいるので開けっぱなしにしないよう注意書きがしてあって、猫ちゃんに会えるかなーとワクワクしたんですけど流石にお店の中にはいませんでしたwお二人でテキパキとお仕事されており、着丼も早め。清潔感のあるカウンター、1人分のスペースも十分だし荷物入れもあって、これなら女性も気兼ねなくラー活できますね。さて、肝心のラーメン。青唐の辛いラーメンが推しだとは知っていましたが、今日は気分じゃなかったので特性しょうゆを頂きました。スープを一口。鶏ガラベースにしっかり目の醤油味、どこか懐かしい… そうだ！子供の頃父親が凝り性で趣味でラーメンを研究していたあの味に近い！思いがけない所でノスタルジックな気分になってしまいましたwストレートの細麺、んー、もしかして茹で上げた後にかえし的なものを一旦絡めてたりするのかな？勝手な想像ですけど、すごく醤油を感じました。チャーシューは好きなタイプでちょい厚めで美味しい！味玉はちょっと味が濃いかな。全体的にとても丁寧なお仕事を感じる美味しいラーメンでした！食べログの口コミ評価が高いのも頷けますね。私の好みで言うと半分くらいで塩辛く感じてしまい、バランスが気になりました。特製しょうゆ1400円　手間の掛け方から妥当なお値段だとは思いますが、もっと安いラーメン屋さんも多い地域なので、ちょっぴりお高く感じてはしまいますね。次は青唐辛子の腕刀を食べに行ってみたいです！ビールもあったので楽しみ〜。ご馳走様でした！,0
"店名ー塩そば　時空最寄駅ー高井戸駅徒歩15分定休日ー月曜日営業日11:30〜15:00食べログ　⭐️⭐️⭐️ 3.87支払額ー2,700円⁡ 　　2025年ミシュランビブグルマン獲得の食べログ百名店食べログには徒歩12分とありますが、徒歩15分程かかりました　ラーメンYouTuberすするくんが大絶賛してた塩ラーメンから注文は事前決済。SuicaやPayPayなど支払いはほぼ全てなんでも可能注文や提供されている女性スタッフの方は元気よくハツラツとしてて心地よい接客でした♪　　運ばれてきて，まずフォルムが美しいスープは奥深い味で最後まで飲めそうなスープチャーシューは数種類入っててどれも美味麺も小麦粉の甘さを感じられて美味しいラーメンにつくねいるんかな？て思ったりしたけど，このつくねが想像してた以上に美味い‼️玉子の半熟具合も良いし，メンマも良かった❣️⁡　　てことで、金土日限定の醤油ラーメンをこれはかなり好み❤️個人的に，やっぱりラーメンは醤油派だなと再認識スープの飲み比べもしたけど，やっぱ醤油自宅からも遠いし，最寄駅からもかなり遠いのでなかなか来れない場所だけど，来る価値かなりあるお店でした",2
"14:17 大井町駅ののスた本店に到着。食べログ3.72、同業者から非常に評価の高い名店。お店の看板もなく、シンプルなグレーで洗練された雰囲気の店内には、写真撮影禁止の貼り紙がたくさん貼ってあり、緊張感のある雰囲気。太麺 ポン酢 1,500円を注文。14:24着丼。食べログのトップ画のイメージだけしかなかったので、ポン酢という名前の持つイメージに反して、がっつり二郎系で驚愕した。それも麺マシ、野菜マシぐらいあるんじゃなかろうか。麺は、中太ストレート麺。柔らかめの茹で加減で直系でいうデロ麺。甘みもあり、小麦の香りがスープに負けずにふわっと広がる素晴らしいもの。ただ、ボリュームが半端なく多くて、麺半分でも十分な量だと思う。スープは、ポン酢の柑橘と酸味が中心にある微乳化二郎系スープ。ポン酢に加えて、豚に臭みがあまりないため、脂っぽいし乳化しているのにさっぱり感が少しあって、麺を軽く食べ進められる。魚介豚骨つけ麺にお酢や酢橘を入れるのと同じ感じ。カエシはやや柔らかめでまろやかな味付けだった。チャーシューは、中がややレアで筋もホロホロととろける煮豚の塊が3個。これが非常に完成度が高くて美味しい！麺量が半分でも良いので、チャーシューをゆっくり味わって食べたかったが、それは二郎系と知らずに来店した私が悪い。アベレージでこのレベルだとしたら末恐ろしいお店だよ、ホント。野菜は、もやしとキャベツ。茹でたてシャキシャキのもやしも量は多いが茹で加減は完璧！キャベツは芯も柔らかくて美味しかった。アブラも大きなものがたくさん浮いていたが、これまたきちんと美味しい。味自体、非常に丁寧で直系店よりも上品かつ良い素材の味がして好みだった。日替わりでこのクオリティなのは間違いなく名店の証だろう。",1
【⁡店名(Shop)】⁡⁡オールドラーメンショップ 逆流⁡⁡【オーダー(Order)】⁡ジンジャーソルト※2/18(水)～3/8(日)まで⁡⁡⁡【レビュー(review)】今年も三寒四温の季節にピッタリな人気メニューが登場！ 豚清湯にウルメイワシ煮干と生姜を炊き上げた出汁に、数種の塩をブレンドしたカエシを合わせたスープは、塩味も丁度よく煮干も感じつつ、加水率多めの太麺にも良くあって美味い✌️ すりおろしの生姜が徐々に溶け出すとより生姜感が増して、身体も温まってきたところで美味しく完食今年もこの時期にピッタリな人気メニューを頂けて大満足,0
黒味噌ラーメン【1100円】味玉【150円】冬らしい限定が登場していまして、雪が舞うシチュエーションで味噌ラーメンを食べる準備は万全でした。雪舞う中ですけど、土日は変わらずファミリー層で賑わいます。少し待ってから入店し、QRコードから自分のスマホで注文します。着丼時には人気の味噌ラーメンてでありがちな、あの香ばしく炒められたもやしの匂いがブワッと来ます。黒々としたスープに白い背脂が浮かぶ、なかなか混沌とした味噌ラーメンです。5種類の味噌と黒胡麻をブレンドしたスープとあり、何層にも感じるコクのグラデーションと背脂のパンチでどこまでも満足が止まらない味噌ラーメンです。担々麺のスープのベースにも近いので、辛いやつでも凄く合いそうでした。,1
本日3店目は中目黒。七彩の流れをくむあさまにやってきました。並びはありませんでしたが、準備をするとのことでいったん外で待ちます。しばらくすると呼ばれたので、券売機で醬油ラーメン1200円を購入です。麺量は無難に150ｇを選択です。こちらはミシュランに掲載されたようですね。さあ、やってきました。まずは麺。太麺平打ち手もみ麺は舌触りがざらっと粉感が感じられるもの。噛み心地も気持ちいい。これはうまい。単食なら200ｇいってたなあ。スープもよく絡むのでジューシーにいただける。次にスープ。醤油味がしっかりしてキリッとした味わい。それでいてうまみがしっかりして芳醇な味わい。これはいける。そして具。しなちくは極細で舌触りと噛み応えが気持ちいい。味玉は透明感のあるオレンジが美しい。ネギがシャキッとしていける。チャーシューは2種類。仕上げに炙って香ばしさが加わり、噛み心地と味わいも素晴らしい。というわけで、至高の麺とジューシーなスープと香ばしいチャーシューが味わえるうれしい店。中目黒へ是非。ラーメンって本当においしいものですね。それではまた。アメブロに変更しました。https://ameblo.jp/yokohama-rameo,1
タンメン、850円。チャーシュー、450円。平日開店15分前で待ち2人でした。一巡目だったので10分くらいで提供されました。透明のスープにテンションが上がります。チャーシューもモリモリで塩気が強いです。タンメンは安定の美味しさでした。,2
綾瀬に行列をつくる人気店。店主・大川真弘さんは「麺処 晴」「麺処ほん田」出身という実力派。2017年4月9日オープン以来、ニボラーの心を掴み続けている。【表題】特製濃厚煮干しそば¥1300看板の濃厚煮干しそばは、ひと口目からガツン。ショッパ旨い濃厚煮干しのインパクトが強烈。それでいて、煮干しと動物系のバランスが緻密に計算されており、重たすぎず最後まで飲み進められる完成度の高さがある。現在は青森県八戸産と千葉県九十九里産の煮干しをブレンド。厚みのある出汁感が、スープ全体を盤石に支えている。麺は村上朝日製麺所の細ストレート。パツパツの歯ごたえで濃厚スープに負けない存在感。煮豚は味の染みた豚バラでショパ旨い、しっとり肩ロースのレアチャーシューの2種。岩のりがさらにパンチを加え、シャキシャキ玉ねぎが絶妙な箸休め。とろりとした味玉も隙なし。濃厚好きは避けて通れない。これは“ショッパ旨い濃厚”の完成形。今年42杯目ご馳走様でした。今年来店累件数40件目,1
中目黒駅から5分くらいでしょうか。11:30開店で10:30頃にお店に到着。他に誰もお客さんはいない。まだ準備中で、お店の前はチェーンがかかってました。11時頃、お店の方が店前のベンチをセットしてくれて、店前3人ベンチ、お店入口を空けて店横の角から並ぶ感じだ（並び方の紙が貼ってある）。開店8分前に案内してくれた。このような配慮は凄いありがたい。券売機は、キャッシュレスなので、現金は使えない。ラーメンは、醤油ラーメンのみ。せっかく中目黒まで来たので、特製を注文。麺量は150g、200g選べて、値段は同じだ。手打ちが美味しそうだったので200gを注文。注文を受けてから麺を切り、茹でるスタイルは、七彩出身ということもあるだろうか。この前食べた燎も同じスタイルだった。7、8分で着丼。特製は、チャーシュー満載だ。スープは、最初、煮干しの風味が来るのだが、そんなに煮干しというわけでなく、鶏、煮干し、いろんな出汁が合わさり、これまた他店のラーメン屋さんとは違った醤油のスープで、スープ単体でも美味しい。チャーシューも柔らかく、炙ってあって炙った香りが良いのと、噛むと肉の脂がじゅわんとして美味しかった。チャーシューと一緒に食べすすめていくと、不思議と煮干し感の強さがなくなり、口の中が、なんか心地よい感じに味わいが変化した気がする。コショウも少し効いていたかな。手打ち麺は、平打ちでねじれていて、この麺は、美味いですね。もちもちしてて、いつまでもジュルジュルしていたい感じ。200gでも結構な量でした。中盛くらいの量かも。細切りのメンマも食べやすく、コリコリしてて、最後までいいアクセントになりました。お肉は3枚もいらないけど、1枚だと物足りない。2枚は食べたい感じ。お肉の量がメニューで調整できると嬉しいかな。夏、期間限定でつけ麺やってたみたいだけど、つけ麺も年中やらないかなあ。また、時間作って訪れたいと思います。,1
以前よりブックマークしていたお店に訪問入り口が路地の奥まったところにあり少し迷う13:00過ぎに到着で中3名と外待ち5名カウンターのみ5名席の店構えワンオペのため待ちを覚悟約30分ほどで着席初見なので鶏白湯ラーメン¥900  麺大盛り¥100をチョイスチャーハンは完売　残念程なく着丼程よいコクと鶏の旨みあるスープ　旨し！麺はコシある細麺　大盛りで正解　旨し！大ぶりの厚みあるチャーシューが食べ応え抜群火の通り加減も好み　旨し！卓上味変部隊も充実中でもタバスコが珍しい早速試すと、これはアリ思わず完飲しそうになるが思いとどまるご馳走様でした,1
東京駅構内（八重洲地下中央口すぐ横）にある、有名店。『ソラノイロNIPPON』と同じ系列かと思ったら全然違った！ニッポンに反応し過ぎたな、アタス。札幌の「醤油らぁめん」の銘店『Japanese Ramen Noodle Lab Q』とのコラボレーションによる新ラーメンブランドとのこと！有名店だし、評価も高いのに並びゼロ。わーい。⚫︎醤油らぁめん　¥1300駅構内に入るためにSuicaでピッとしたので150円×2回と考えると、アタス的には1600円の気がする…まいっかほどなく着丼。スープが和風！ニッポンだ！和の出汁と醤油のキリッと感が強くて、お蕎麦屋さんみたいな感じ。麺細くて柔らかめ。より蕎麦感強まる。食べ物で食べ物を例えちゃいけないって誰かが言ってたな…2回も蕎麦って言っちゃったし、まいっか。既視感あるっちゃある淡麗系の味だが、安定に美味。日本人なら誰しもが好きな味。美味しかったです★ごちそうさまでした★,2
3連休の最終日。普段行かない所のラーメン屋に来ました。油そばの名店っていう動画を見て期待してます。開店10分くらい前に到着すると、すでに15人くらい並んでます。ほどなくして開店！一陣では入れず食券を買ってまちます。特製油そばです。先着している人は、結構他のラーメンを注文している様子。30分ほどすると、一気に入れ替わり席につけました。お水がセルフで、素敵なグラスがあったので、チョイスしました。グラス効果なのか？お水が美味しい(チョロい舌です)すぐに、ラーメンが届きました。動画通りのきれいな盛り付けです。卵に屋号印がある！そういえば入り口にも亀飼ってたな。最初は混ぜずに、底から麺をひっぱり出して人くらい。濃ゆい！すぐに全体を混ぜます。麺もチャーシューも、卵も濃ゆい！初めは美味しいけど、食べていくとどうだろう？と思ってワンタン？を一口　！！アクセントの効いた山椒で沸騰^_^。途中からテーブルの調味料入れましたが、最初の状態で完成されてたと思いました。濃いモノ好きの若い時ならハマった味でした。(とはいえくどくもないし、油がもたれることもないです)ちょっと遠すぎますね。ご馳走様でした。,2
"先日のあっさり過ぎるラーショ系…パンチを求め やはり来てしまいました。"" つばき食堂 "" さん　11:00過ぎに店着 券売機に向かいいつもの "" ネギチャ並 ""  ¥1,050-（税込）ついに ¥50-値上げなのですね‼︎それでも他店より良心的な設定です♪食券を渡し待つ事数分で着椀。いつも通り 唐辛子大蒜を少量加味してひと口『 美味い‼︎ 』 この味だ‼︎ いや… 味が進化している⁈ 今までは その日の仕込みブレのほうが気になっていたのですが、醤油のコク, スープの油膜量等明らかにより美味しく変化しています‼︎蕩けるチャーシュー、胡麻油と塩気のパンチが効いたネギ、長く通っていますが、進化を感じたのは初かも知れません♪大満足で帰れます。ご馳走さまでした♪訪問時間帯  11:10-11:30おすすめ度  ★★★★",0
"東京都福生市本町の『中華蕎麦 麺とスープ』に行って来ました。福生駅から徒歩圏内のラーメン店駐車場はないため、駅前のコインパーキングを利用（30分100円ほど）開店時間が早いのが嬉しいポイント。10:00に暖簾が掛かり、3番目で入店。1番客は常連さんのようでした。入口の券売機で食券を購入し、8席あるカウンター席へ。ラーメンが完成すると、目の前の障子が開き、そこから提供されるスタイルが面白いです。◆玉葱ラーメン 醤油（1,050円・税込）丁寧に整えられた美しい麺線の上に、レアチャーシュー、メンマ、玉葱、青ネギ。まず見た目から完成度が高く、思わず見惚れてしまう一杯です。濃いめの醤油色ながらスープは澄み渡り、レンゲですくうと香味油がきらりと煌く。魚介の旨みを軸に、醤油の芳ばしさがしっかり立ち、後味は意外なほどすっきり。重さを感じさせず、自然と次の一口を誘います。麺はストレートの細麺しなやかで歯切れが良く、啜るたびにスープをきれいに持ち上げてくれます。澄んだ醤油スープとの相性も非常によく、一体感のある仕上がり。レアチャーシューは火入れが絶妙で、しっとりとした口当たり。肉の旨みが前に出つつも主張しすぎず、スープの世界観を壊さないのが好印象です。メンマは程よい歯応えがあり、味付けは控えめ。噛むほどに素材の旨みが広がり、箸休めとしても良いアクセントになっています。シャキッとした玉葱の食感とほのかな甘みが全体を爽やかにまとめ上げ、最後まで軽やかに楽しめる醤油ラーメンでした。◆和え玉 煮干し醤油（250円・税込）こちらはカウンターの上に提供整えられた麺線に、玉葱と刻みチャーシューがのります。よく混ぜていただくと、煮干しの旨みと醤油のコクがダイレクト。価格は250円とお手頃ながら、麺量はしっかりあり満足感も十分です。途中でスープを加えて味変するのもおすすめ。◆山椒と牡蠣の塩ラーメン（1,400円・税込）塩はやや濁りのあるスープで、大ぶりな牡蠣がゴロゴロ。醤油よりも魚介の旨みが前に出ており、山椒のインパクトを超えてくる力強さがあります。一口ごとに静かに美味しさが積み重なっていく、丁寧な一杯。醤油も塩もそれぞれに明確な個性があり、再訪したくなる内容でした。",0
"《 中華そば 塩 ＠中華そば 鴨福 》・2025年7月16日・東京都八王子市・¥1,600約1年ぶりの訪問です。やっぱりお勧めなのは変わらずです！初訪の前回は醤油…今回は塩をいただいたのですが、麺の太さが違うとは知リませんでした。醤油の方は12〜3mmくらいはありそうな平打ち麺だけど、塩は5mm程度。中心部にセモリナ粉を使った 3層構造は変わらないし、唯一無二の食感はそのまま♪細くなった分、ズズズっと啜りあげ易くなってる訳だから… 断然こっちの方がいいかな！スープのベースは同じく、昆布/煮干し/鴨/鶏… 加えて、塩タレに貝の旨みも加わります。そして表層には鴨油。醤油に比べると甘み成分が少し控えめなのと、魚介系が若干前に出てきてるように感じました。具材の肉3種(鶏胸/豚肩ロース/鴨)、卵黄、は別皿で提供。この肉がね… スープに浸さずとも、山葵やタレや塩で食す…実に旨し！卵黄は肉に絡めたり、麺を絡めたり…ご自由にどうぞ。自分は最後の方に丼に投入していただきました。いやいや…醤油も美味しかったけど、やや細麺の塩も素晴らしいですね。八王子に用事がなくても、是非一度は食べに行ってみてください。",2
国分寺  自家製麺つけ麺 紅葉味玉清湯つけ麺、挽肉ごはん気になってたお店へ訪問。肉と野菜の旨みが出た、甘めのピリ辛スープと自家製の太麺は相性抜群。綺麗な店員のお姉さんからの冷たい目線がピリッとしてアクセントに笑個人的な好みは塩味が効いたつけ麺だが、これはこれでありかもなと感じた。味は肉汁つけうどんに近いと感じ、私のように好みは分かれるだろう。ただ、うまいのは間違いない！こればかりは自分の脚で行ってみて、自分のその舌で確かめる他ない。ウィーシェフ,0
何度かお店の前を通ったことありますが、初めての来訪。煮干し出汁のラーメンが好きなのですが、公式サイトに煮干し使用と書いてあったので。白と黒のラーメンがありますが、白は塩、黒は醤油のようです。今回は黒を選択。期待したより煮干し感は少ないですが、鶏や豚のスープがちょうどよいあんばいな味になっており、とても美味しかったです。チャーシューはしっとりとしており、こちらもとても美味しい。次回は、白のラーメンも試してみたいです。,0
たしかに濃厚！でも麺も具材も負けてない。シンプル。うまかった。スープ割は有料だけど必須。最後は酢がほしー。禁断症状…。卓上には箸以外なにもないシンプルスタイル。それもまたよし。手拭きもないけど、まあなんとかなる。おいしかった！,1
2001年からオープンされていて、ラーメン情報誌のTRY名店部門つけ麺濃厚部門でも入賞されているこちらのお店一か月くらい前、仕事終わりに訪問したのですが、19時半で早仕舞いだったので今回はリベンジ訪問平日19時到着で店内ほぼ満席開いててくれて良かった良かった券売機は無くて注文制です麺量が選べるようで2.5とします茹で後の表記ですが、580gなんだとか茹で前だと300gオーバー位かな＜つけそば950円　麺量2.5＞つけ汁は甘辛酸のタイプですが、酸味は少々抑え目醬油タレがキリっとしていていいですね麺は自家製麺で水の締めはチョットぬるめそしてツルツルモチモチ麺が美味しい沈んでいるチャーシューがこれまた旨い長年人気が続くのには理由がありますよねごちそうさまでした,0
特製中華そば(醤油)炙りチャーシュー丼和え玉(山椒)新潟へスキーに行って帰宅前に立ち寄り。練馬で関越降りて環八で帰宅途中夕飯で寄らせてもらった。お昼たらふく食べたので遅めの一杯。特製中華そば(醤油)と炙りチャーシュー丼を注文。鶏と魚介のダブルスープ。麺は菅野製麺の中細麺。ワンタン　チャーシュー　味玉など豪華な具材。大山鶏と魚介のダブルスープは優しいけど出汁が合わさり美味い。飲みやすいスープ。そのスープが麺に絡んで最高の一杯。そこにツルツル雲呑よく合う。完飲スープが最高で炙ったチャーシュー丼の香ばしさと最高に合う。もう少し食べれたので限定の山椒和え麺追加。これがまたよく合う。よく混ぜてそのまま食べても美味いが麺をスープにダイブさせて食べてもパンチがほんのり出ておまた美味い。ご馳走さまでした。,1
数年ぶりの訪問。休日昼すぎ、外7名待ちで20-30分程度。店員さんの指示で待ち列の途中で食券を購入します。醤油が有名なお店ですが、気分で味噌を選択、特製で。ただ、ここ数年での値上げがすごい…有名になり強気か。。。最初の一口は鶏油と味噌が合わさって、美味しさの掛け算を感じましたが、スープが混ざると鶏油がどこかへ。。。麺も他のスープと同様ですが、ちょっと味噌じゃないかもなー次はやっぱり醤油に戻したい。,2
荻窪　春木屋へかなり久しぶりにお伺いしました。さっぱりした醤油スープにガラダシイヤミのない後味が、最高です。ラーメン並で950円味玉180円のオプションとなります。やはりコスパは良くないですが、さすがの老舗ラーメン屋だけあり、ひっきりなしにお客様がいらっしゃいます！ここ最近の、ゴテゴテしたラーメンに飽き飽きしたら、是非春木屋の原点回帰をおすすめしますごちそうさまでした,2
都内を散歩ぶらぶら歩いて有楽町へ向かう途中いつも行列で行けてない交通会館地下の名店、15時過ぎなら大丈夫かな、と訪問。いつもより行列は少なめ、十二人程回転も早く15分ほどで着席。和風ラーメン780円を注文、有楽町でこのお値段はびっくりです。まわりの方はみな柚子入りを注文ちょっと後悔でした。直ぐに着丼、チャーシューも大きく麺もボリュームあり、これで780円はびっくりです。スープも大変おいしく食べログ100名店の常連も納得のお店でした！,2
平日にオープンに合わせて訪店〜前には3組並んでましたが5分待ちでオープン第一グループで入店。券売機で味玉醤油の旨味そばをチョイスして着席。目の前で手際よく調理するお二人の連携もいいですね。透きとおったスープが食欲をそそります。そのスープを啜ると旨味と塩味をバランスよく感じます。麺も中太のストレートが鶏油と絡まって好みです。味玉、チャーシューにメンマと申し分のないハーモニーであっという間の一杯でした。ご馳走さまでした！,1
"◾️注文内容中華麺 中盛 1,050円味玉 50円◾️お店の雰囲気三軒茶屋にある「めん和正」さんにオープンの11時半に訪問！平日ながら12名待ちで1巡目での入店は叶わず、30分待って入店できました！店内はカウンター中心のコンパクトな造りで、やや湿気がこもりやすく、タイミングによっては蒸し暑さを感じるかもしれません。◾️感想スープは海産物の出汁を使用した和風醤油！見た目は濃いめですが、魚介の旨みがじんわり広がる優しい味わいで、後味は意外とすっきりしています！提供された瞬間から分かるほどスープはかなり熱々！最後まで温度が下がりにくく、熱いラーメンが好きな方には嬉しいポイントだと思います！麺は中太麺で、全体的に麺量はやや多めな印象！しっかりボリュームがあり、食後の満足感は高めです！トッピングは大判のチャーシューに太めのメンマ、刻みネギ！追加した味玉は50円とかなり良心的な価格で、きれいな半熟加減！コスパ面でも魅力を感じました！麺量多め・熱々スープ・良心価格と、満足度の高い一杯！三軒茶屋でしっかり食べたい時に向いている和風醤油ラーメンです！ご馳走様でした！！",1
祝日の14時ごろ訪問。外待ちはなく、特製極濃煮干しつけ麺を注文。10分ほどで提供。一口啜った瞬間、煮干しの旨味が脳を直撃します。スープはドロリと高粘度で、エグみや苦味すらも旨味に昇華させた究極のバランス。麺は小麦の香りが強く、力強いコシがあり、特製トッピングのチャーシューはどれも絶品で、低温調理のしっとり感とスープの相性が抜群です。時間帯によっては行列必至ですが、煮干し好きには並ぶ価値は間違いなくあります。,2
朝のテレビに進化の関口さんがでていました。そういえば、今日通りがかるところに、進化出身の一清があるなと思い出しました。何年か前にTRY新人の塩部門で入賞されていたお店です。遠いのでBMしたっきりになっていましたので、通りがかりのついでに訪問することにしました。　土曜日の開店10分前、先待ち2名です。開店時には列は7人に。　味玉塩ラーメン（1110円）をお願いしました。一ロット2杯づつで回転は遅めかも。　確かに進化みたいな研ぎ澄まされた塩ラーメンですね。これが完成形ということでしょうか。麺もスープも進化から進化している感じはしません。　他方、進化自体は、進化セカンド（べらぼうにうまかった）や信（これはあんまり好きではない）という形に進化しています。　ただ、チャーシューは独特の臭いがしていてこれはなかなか食欲をそそられるものがありましたし、味玉も秀逸でありました。　おいしかった。ごちそうさまでした。　退店時11時20分、外待ち5名です。地元民からは支持されているようです。,1
2度目、今回は塩ラーメン。祝日17時、入店すぐに満席。提供早く、洗練された接客に好感♡えびワンタン塩ラーメンは期待通りに上品て非の打ち所なし味玉トッピングにしましたが半熟具合とても可愛い卵ちゃんでほんとに薄味です。チャシューは2種類、特に豚バラはとろける美味しさです。海老ワンタンもトロトロで全て調和していて満足でした。今度は生姜醤油ラーメンにチャレンジだ！ご馳走様でした♪,1
"ラーメンの食べ歩きのため、府中まで出てきたので、前からずっと気になっていた陰日向さんに行ってきました。【混雑の度合い】休日12時15分頃近くまで来ると、店舗前の椅子に12人、交差点をはさんだ歩道に10人が行列していましたが、引き返すというオプションは準備していなかったので、最後尾に接続です。店主さんに入店を案内され、入店した人数分だけ椅子に座っていく方式で、12時45分頃店舗前の丸椅子に座り、第一関門を突破です。そして、13時35分頃に店主さんの入店案内があり、最終関門を突破して入店しました。ちなみに、帰る時には15人ほどの行列でした。【頼んだもの】チャーシュウメン（1,350円）食べ終わって帰る際に現金で支払いをします。【提供までの時間】麺の重さを測った後、目の前の大きな鍋の中で、極太麺がユラユラと踊りながら茹でられていく様子を興味津々で眺めていたら、10分ほどでチャーシュウの塊がドン！と乗った濃い醤油色のラーメンが到着です。【スープ】生姜が強く香る甘塩っぱい濃いめのスープですが、微かに香る煮干しと鶏などの出汁の風味が感じられる、角がないまろやかな飲み口です。また、最後に煮干し酢を加えると、爽やかな風味によって、濃厚なスープの味がスッキリと劇的に変わります。【麺】ひもかわうどんのような幅広で厚みのある平打ち極太麺は、ムッチリプリプリとした食感ですが、口に含むとお餅のようにまとわりつき、食べることが楽しくなる麺です。また、濃いめのスープを絡めた小麦の甘さが感じられ、うどんでは出すことができない、ラーメンの麺です。以前、東高円寺の出汁と麺 遊泳さんでも、インパクトのある極太麺を食べましたが、その上をいく衝撃でした。【具材】やや味付けが濃いめの豚バラ肉チャーシューは、大きな塊が食べやすい大きさにカットされ、香ばしくて柔らかく、とてもジューシーです。麺を小さくしたような四角い角切りの白ねぎは、濃いスープの箸休めとして、ちょうど良い大きさと量でした。【お店の雰囲気】店内は、小麦粉の袋や煮干しの箱などで雑然としていて、元自動ドアも手動ドアのままですが、余分なところにお金をかけず、手をかけたラーメンを適正な価格で提供するという店主さんのこだわりのかな、と勝手に想像が膨らみます。白い手拭いを頭に巻いたその店主さんは、ワンオペながら周囲にとても気を配っていて、満面の笑顔の接客に癒されます。この日はテレビの取材もありましたが、それに見合った絶品麺、スープにチャーシュウ、そして店主さんの笑顔の余韻に浸りながら、ポコポコと歩いて北府中駅に向かいました。",2
月初にきて油そばが美味しかったので再訪問日曜13時半すぎ、待ちは3組ほど回転が早いので程なくして入れた！やった入り口にてふたりとも油そばの食券購入！店内はカウンター席のみで12席くらいかなお洒落な外観と可愛い感じの店内はカップルにもいいね紙ナプキンもらえるのもありがたい、個人的には割り箸じゃなくて木のお箸なのもポイント高いそして油そば登場〜！生卵をくれるので自分の好きなタイミングで乗っけたらいい（始めに黄身だけ乗っけた）よく混ぜて召し上がるぞ〜〜まずこの手もみ麺、これがカエシと絡んでいいのよね〜程よい弾力感と口当たりそして他にない味！！よくある魚介系の油そばとは違ってここは鶏？醤油？の食べやすい感じで、なんだか箸が止まらない！美味しいこのたっぷり入った葱と三つ葉、メンマ、ほうれん草がまたよくて、麺と一緒に食べると食感がいろいろで食べ飽きない！シャキシャキ途中でしっとり鴨チャーシューを挟みつつ、チャーシュー増しにするとついてくるごろっと焼豚がまた美味しくて！これがあるとガツッとしていいね！チャーシュー増しおすすめ！最後までこの濃い黄身が絡んで満足ペロリ後半は卓上のお酢を足してもさっぱりしていいね！この日我々の後に入ってきたお客さんはほぼ油そばを注文してたし、常連ぽいお客さんも油そばが多かった！口コミみてると中華そばが多いけど、是非油そば食べてほしいね！！,2
家系ラーメンが欲しくなり、わいずさんに初訪注文はラーメン、麺カタ、濃いめスープをすすると濃厚でほうれん草のトロトロさにバッチリ合っているチャーシューも分厚く無いが肉の旨みがしっかりとあるここまで濃厚だと飲み飽きるが、全く感じないキレがある滅多にしないが味変で豆板醤味噌を入れたが、スープの旨味は存在しているかなりのレベルのスープと感じたただ隣りのお客さんとの間隔は狭い(^_^;),0
近くに用事があったので、1年ぶりに2度目の来店でした。12時ちょっと前に行ったので、3人1組が並んでるだけで、10分ちょっとで入れました。本日限定も並んだが、やはり塩で！しかも、麺が選べるようになってて驚き。ストレート麺かちぢれ麺か！前回はストレート麺のみだったので、今回はちぢれ麺をオーダー。待つ事数分、美味しそうなラーメンが登場。ますはスープを。ん〜、間違いないね。チャーシューは３種。ロース厚め、薄め、バラ。ロースはそれぞれ味が違ってて美味し！バラはトロットロ。好みにもよりますが、ロースの厚めが好きですね。さて、ちぢれ麺を。おー！硬めをオーダーしたこともあり、硬めのもちもち麺！スープも絡んで、ストレート麺よりも好きですね。嫁さんが限定のずわい蟹とオマール海老の中華そばをオーダーしたので、スープを飲んだら、スンゴイ蟹蟹蟹蟹！！これはすごい。蟹、海老好きにはたまらない一杯。これは締めご飯を入れたら、まさに鍋のおじや！やはり相変わらず、ドアが開いたら寒いお店でした。今度来た時の限定は、何だろう。ご馳走様でした。,1
話題の迂直さんへ2時過ぎに並んだのに20人くらい並んでた雪降ってたからこれでも少ない方らしいすごいな小一時間並んでやっと店内へ特製つけ麺麺がうまいよしっかり水で締めてあるからか口当たりがとても滑らかで啜り心地が最高塩かけて食べると麺の味がよくわかっておいしかったつけ汁につけて食べるといわゆる昔ながらのざる中華みたいな甘辛酸みたいな感じではなくて完全に醤油のキレで食べるやつズバズバいけちゃうこの後にお酒飲む予定があったから並盛にしたけど次食べるなら醤油つけ麺に海苔トッピングして大盛りで食べたいと思った,2
中野駅北口から徒歩5分ほどの路地にある人気ラーメン店です。牡蠣を主役に据えた独創的なラーメンで知られ、ミシュラン2つ星レストランでの経験を持つシェフがフレンチの技術を取り入れた一杯を提供します。看板の牡蠣ラーメンは、広島産牡蠣に鯛出汁や豆乳を合わせたクリーミーかつ深い旨味が特徴で、行列が絶えない話題の一杯として口コミでも高評価を集めており、ランチからディナーまで魚介の豊かな味わいを求めるラーメン通で賑わう名店です。◯極濃厚牡蠣ラーメン（1180円）着丼した瞬間、まず圧倒されるのはスープの存在感です。丼の表面は完全に牡蠣色。湯気とともに立ち上がる香りは、磯のニュアンスというより、牡蠣を煮詰めたエッセンスそのもの。スープをひと口すすると、想像以上に濃い。だけど重くないです。牡蠣の旨味が舌にまとわりつくように広がり、苦味やエグみは一切感じさせない。クリーミーでありながら、後味は意外なほどキレが良く、濃厚＝もたれるという先入観を軽々と裏切ってくれます。合わせる麺は、スープをしっかり抱え込む中細ストレート。啜るたびに牡蠣の旨味を連れてきてくれる設計で、麺とスープの一体感がとにかく高い。麺が主張しすぎず、あくまで牡蠣を運ぶ媒体に徹しているのが潔い。トッピングも計算されています。低温調理のチャーシューはあえて淡白寄りで、スープの濃さを邪魔しない。薬味やアクセントは最小限で、最後まで主役は牡蠣。途中で胡椒や調味料を足すより、まずは何も足さずに完走したくなる完成度です。食べ進めるほどに「これはラーメンなのか、牡蠣のフレンチ料理なのか」と境界が曖昧になってくる感覚でした。丼の底に近づく頃には、名残惜しさすら覚える逸品でした。ごちそうさまでした。,1
荻窪にお店を構えてた頃、とても好きだったのでなくなった時にはショックでした。吉祥寺で復活してくれて嬉しいです。新しい店舗はコピスのB1にあり、階段に並ぶので暑い夏でも日陰で嬉しいです。1時間ほど並び、階段を降りたあたりで店員さんから食券を買うよう指示がありました。清潔感と高級感のある店内で、醤油つけ麺と割スープを購入。食券を渡して再度並び着席しました。食べ方の説明を読みながら10分かからず着丼。つけ汁の出汁の香りがたまりません。まずは麺を一口、細いのにもっちりしていて麺だけでいけます。次に塩をつけて食べたのですが、この塩がとても合っていて美味しいです。つけ汁は濃いめなので、浅めに付けて食べます。上品な醤油の味と出汁の風味。深みがあって最高です。チャーシューはとろとろでねぎもしゃきしゃき。食べ進めていくと麺皿にある昆布出汁が入ってくるので徐々に薄まっていきますが、その変化が楽しく飽きずに食べられます。私は冷たくなっていくのが好きでやっぱり夏にぴったりなつけ麺だと感じさせられます。最後に麺皿の昆布出汁を入れたり、割スープで飲んだり楽しみます。もちろん完飲完食。引っ越して雰囲気も良いし店員さんのサービスも良いし圧倒的に好きなつけ麺屋さんです。ごちそうさまでした。また行きます！,2
地下鉄各線神保町駅から徒歩6～7分程、JR御茶ノ水駅の御茶ノ水橋口からで徒歩10分程の所にあります。裏通りにありますが、すぐ近くのキッチン南海さんや目の前の神保町よしもと漫才劇場など、なにかと人が集って並ぶ場所です。こちらの並びも相変わらずですね。平日の13時半頃に到着し着丼まで約1時間半でした。最後に訪問したのは3年半前、この付近に勤務してから2年半。よく近くを通るのですが勤務中の休み時間では並び時間がきついため訪問は難しく、本日は月末処理を午前にすませて午後は半休、久しぶりの行列にジョイントです。今月も頑張った自分へのご褒美となりました。小ラーメン 　麺少なめ　ヤサイ　ニンニク　アブラこちらは直系二郎の中でも麺量が多い事で有名なお店です。通常の麺量は350ｇ以上、少なめにしても300ｇ近くあったと思います。麺半分でも250ｇ程度らしいので小食の方は少なめか半分をお勧めします。モヤシ7、キャベツ3位の割合のホクホクとした茹で上がりのヤサイに薄い味付けのアブラを絡めて食べ始めてゆきます。そしてレンゲがあれば飲み続けてしまいそうな非乳化の豚出汁の効いたマイルドなスープに直系二郎では細めで加水率も割とあるツルンとしてプリっとした啜りごたえのある麺をドンドン啜ってゆきます。カタメも出来るのですがジャストな茹で具合の方が自分は好みです。中から大判の分厚い豚が2枚出てきました。良く味の染みた柔らかな仕上がりです。ニンニクも辛さはなく旨味タップリのタイプで全体にコクとパンチを与えてくれます。バランス感抜群の一杯、直系二郎の中でもここを№ワンに推す方も多数いるのがよくわかりますね。今月の〆ラーメンを満喫させて頂きました。ご馳走様でした。,1
初訪麺。麺屋Hulu-lu豆乳担々麺スパムセット 1560円、塩味玉150円わわわワンダフル‼️豆乳の優しいベースに辛甘酸深味、色んな味が一気に押し寄せてくるそれでも味がボヤけてない。クッキリしっかり美味しい担々麺。細麺の絡み具合もちょうどよい。OPEN20分前で2番手、OPEN時には15名ほどの待ち。タイミングラッキー！スパムむすび綺麗美味中に昆布の佃煮が入っててハワイと和を感じるおむすびでした⁡店主さんは終始にこやか。穏やか、外国人のお客さんにも丁寧に説明し、接客。小さなお店でしたがホスピタリティも凄い！大変美味しかったです。激しく御馳走様でした#麺屋Hululu@menya_hululu,2
"平日11:45頃に訪問。店内は賑わっていましたが席は空いていてすぐに座れました。煮卵チャーシューつけ麺（1,000円）を熱盛りで注文。ランチは小ライスかもやしナムル？がサービスとのことで、もやしをお願いしました。待つこと数分でつけ麺が提供されます。お盆には割スープが入った水筒も付いています。スープは唐辛子がいいアクセントになっていて、煮卵もチャーシューもしっかり味付けで美味しい！麺はよくあるコシの強いタイプではなく、柔らかめのぷるぷるした麺。熱盛りにしたせいもありますが柔らかめが好きなのでとても好み。無添加とのことですが、決して薄味だったりぼんやりした味ではなく、しっかり美味しいつけ麺でした。店員さんは皆さんにこやかで優しい接客にホッとする素敵なお店でした。ご馳走さまです。",0
平日19時半に家族との夕飯でお邪魔しました先客は数組いますが即入れました確かここのお店来るのは3回目だったと思います注文は濃厚つけ麺の特盛も炙り豚チャー丼久ぶりにかなり食べます（汗）とみ田プロデュースのお店なのでは外ればありませんよね接客も良く店員さんもキビキビとしておりますさてつけ麺到着…やはり多いです 笑でも意外といけちゃいますねつけ麺はこれだから危険なんですよね…濃厚魚介豚骨も久しぶりなので最後のスープ割まで美味しく頂けました炙り豚丼も250円なのでかなりお得ですね香ばしくとても美味しかったです,0
たまたま水道橋に用があり、ふらりと立ち寄りました。日曜15時で並びは2-3人。注文は特製と卵かけご飯で1700円煮干し醤油でシンプル&スープまで飲み干せるあっさり系。よく言えば万人受けするラーメン、悪く言えば尖りがなく、色濃く記憶に残るラーメンではないと感じました。顧客体験の観点で言うと、常に咳をしている方が鼻出しマスクで厨房に立っているのはこのご時世（めちゃくちゃインフルエンザが流行っているこの時期）にどうかと思ったので減点しました。,2
宍道湖しじみ中華蕎麦 琥珀《特製中華蕎麦 塩》1/7以来17回目定期の琥珀さん。店主の岩田さんは人気店「麺処ほん田」グループで研鑽を積まれ2019年5月に独立オープン。去年9/25に発表されたミシュランガイド東京2026でもビブグルマンに掲載され2021~2026と6年連続。ラーメンTOKYO百名店2020~2025と6年連続。昨年4/1からTableCheckでの完全予約制。今日2/19(木)は近くで車検があったので合わせて12時回を予約し訪問。琥珀は予約時間の10分前頃には店着して先に食券を購入し､一旦外で待ち呼ばれて入店の流れ。11:45に食券を購入し一旦外に､11:56にスタッフさんからお声が掛かり指定の席に。11月の醤油､前回は冬季限定の赤だし中華蕎麦だったので9月以来の塩蕎麦を特製で食券を購入。12:09に「特製中華蕎麦 塩」の着丼。いつ見ても琥珀の塩はめっちゃ綺麗ですね⭐︎琥珀など淡麗系の上位店では麺の硬さは統一（＝変えられない）ですが､琥珀は珍しくお願いすれば味玉は半分に切ってくれます。スープは淡いしじみの風味が香った後に芳醇な乾物系にガーリックと胡椒で旨味が整えられたかのような繊細かつたっぷりの旨味が広がりめちゃくちゃ旨〜い❣️なおスープ自体は塩と醤油に赤だしも一緒です。艶やかで喉越しに啜り具合もバッチリなストレート細麺も琥珀の塩には良く合います。特製の具材は吊るし焼き風で食感も良いチャーシュー2枚に低温調理レアチャーシュー3枚と豚ワンタン1に味玉､そしてメンマと紫玉葱に芽ねぎを添えて。どこから頂いてもパーフェクトと言える極上の塩ラーメン。美味しかった〜✨ご馳走様です♪,2
最近食べたラーメンの中で1番美味しかったです。麺、スープ、もちろん完璧。さらにチャーシューも最高でした。チャーシューだけの販売もしていたのですが、それも買いたいくらい。味玉付きを頼んだのですが、味玉もラーメンの味を邪魔しないし、硬さも好みでした。並、中、大盛り（これはプラス料金）があるのですが、並でも女性には普通よりちょっと多めくらいかなと感じました。中は多いと思います！最高でした。近いのでまた行きます,0
汁なしタンタンメン　味玉　半ライス今日の麺活限定の汁無し担々麺、此方の担々麺系は大好きなんでオープン5分後に入店、限定の汁なしタンタンメンに味玉、ランチサービス50円の半ライスをポチッと1人用テーブル席に着席　約10分で着丼先ずは混ぜ、混ぜすると辣油、豆板醤の辛味に山椒の痺れ、バルサミコの甘酸っぱさの三位一体のタレにモチモチの太麺が絡みめちゃ旨っ❣️ 最初は酸味、後から辛痺がジワリと押し寄せ辛さも丁度良く、大好きなテースト汁あり担々麺では芝麻醤系の胡麻が効いていましたが汁なしは辛痺メインでバルサミコ酢が更に旨味⤴️ 巷の担々麺とは差別化された汁無しです♪いつもの2種類の低温調理のレアチャーは柔らかくシルキーな肉質、ニラにざく切りの葱トッピングはマストですね〆は残ったタレにライスドボン、最高の〆でしたご馳走様でした♪,1
木曜日の11時に来たところ並びなしでした開店したらどんどん人が来る普通のラーメンを注文全部普通でオーダーしました10分ほどで着丼スープは醤油強めキレがあってどんどん飲んでしまう麺はスープと絡んで美味しい！チャーシューは柔らかくてジューシー！ごちそうさまでした。,1
"平日13時半到着で空席3席ほどあり。店内はL字型カウンター。店主と女性店員の2名。BGMはJ-WAVE。食券機はなく、前払い。麺少なめで少し割引いてくれるようだ。箸は割り箸、木製、黒のプラスチック製の三種類。程なくして出てきた。・少なめわんたんめん 1,050円具材は海苔、チャーシュー、メンマ、ネギ、ワンタン。煮干し香るスープは動物系もしっかりと出ており、鼻から魚介香が抜けていく。やはり「かづ屋」系譜の方が動物系は強めなのかな？麺は太ストレート、やや太め。硬めに茹でられツルッと、もっちりと。チャーシューはやや小ぶりではあるが、旨味に溢れている。ハムのような薫香を感じたのは気のせいか。ワンタンは特に餡がおおぶりで肉肉しくも細かく刻んである。総じてかづ屋出身店でもそれぞれにしっかりと個性があり、こちらはかなり好みの味だった。ごちそうさまでした。※ブログでは写真付きでさらに詳しく考察。他にもたくさんお店を紹介してます。「品川イッコー ブログ」で検索を。執筆：品川イッコー（IKKO’S FILMS）｜公式ブログ：https://ikkos-films.com/ ｜プロフィール：https://ikkos-films.com/profile/",1
なんだか年明けからバタバタで、今年初のほりうちになってしまった。来る途中で電車の運転見合わせに遭い、2駅分歩いて到着。まぁ日頃の運動不足解消＋ベストコンディションになったという事で。注文はいつもの『チャーざる＋生卵』で。ごろごろチャーシュー、ツルモチ平打ち麺、醤油濃いめのつけ汁。いつものように、少し残った麺にお酢をひと回し。少し和えて、つけ汁inでフィニッシュ。これでいい。これがよい。高級な料理もそれはそれで美味しいが、やはり自分の原点はこの店だと改めて思った。今日も満腹で、店を出た後の充実感と共に家路に着く。ごちそうさまでした！,1
朝7:00から営業しているラーメン屋さん。大塚駅から徒歩圏内にあり、外観も内観もオシャレでビストロの雰囲気が漂っている感じがします。ちょいと重い扉を開け、店内は広いカウンター席のみ。元気の良いご挨拶で迎えて下さいます。この時間は朝ラーメンと朝つけ麺のみの販売。当然寒いので朝ラーメン。味は味噌でお願いしました。ところが、意表を突かれます！！朝ラーメンだから正直見た目もボリュームも大した事無いだろうと油断してました。鍋でしっかり炒められた挽肉ともやし。これが少々効かせたニンニクが香り高く、食欲をそそります。これだけではなく、鶏と豚のチャーシュー、メンマ、海苔、たっぷりの葱と刻み玉葱。そして麺はもっちりしたちぢれ麺。この麺の量もそこそこあって相当ボリュームがあるって感じです。そしてスープ。これはやや強めでしょっぱいかな？刻み玉葱がバランスを整えてくれてます。もやしのシャキシャキ、麺の歯応え、これが上手く合わさってますね。他のメニューを見てみても、オシャレ感漂う見た目です。創作ラーメンといったところでしょうか。,1
東武東上線大山駅の沿線近く、ハッピーロード大山からは外れた住宅地に近いあたりに所在するこのお店。平日のそろそろピークも過ぎた1時半頃訪問。店の前には3名様、しかも各人結構な高齢とみた。15分ほどで店内、自販機でチケットを買って5分程で着席。セレクトはウリであるワンタン麺を選ぶ。事前にチケットを渡してあったので着席から数分でラーメン到着。一見するに、まず麺の揃え方が綺麗。スープの色味は薄め、トッピングは真ん中に雲呑、メンマ、チャーシュー2枚に海苔、ネギ。スープからいただく。塩味(カエシか？)が思ったより強めの鶏ベース。スッキリした味わいだ。麺は中細かな。だがしっかりと歯応えあり。メンマはちょっと細くてしょぼめ。チャーシューは違う部位を選んでるのかな？一枚はちょっと噛み切り難かった。雲呑は肉餡を皮で畳むのではなく包む形態で、餡は生姜を練り込んでこれまたさっぱり。塩分摂りすぎ注意のため、スープは半分くらいまでと決めているが、今日だけは飲み過ぎを勘弁して欲しい。ご馳走様でした。,2
こちらのつけ麺が評判と聞いて、訪れてみました。醤油ラーメンとつけ麺で迷いましたが、つけ麺の評判がすこぶる高いのでつけ麺を選択。ところでこちらの店は朝9時開店なので、行列を避けて9時に店を訪れました。9時開店時に着きましたが、既に4名の先客がいて少し驚きです。6名のカウンターと2名座りのテープルが2卓あります。すぐに満席になっていました。人気高いですね。つけ麺は醤油と塩がありますが、醤油を選択、つけ汁には蕎麦つゆもついてきます。どちらも秀逸で、このつけ麺を最大限旨さを引き出しています。特につけ汁は元和食職人の店主が提供するものですから出汁の奥深さは素晴らしいですね。麺も自家製ですので、このつゆによく合います。具はロースチャーシュー2、海苔、葱、小松菜、めんまが入っています。シンプルなつけ麺なのですが、本当にうまいうまいと唸るクオリティでした。最後のスープ割りまでしっかり楽しめます。この旨さであれば醤油ラーメンも是非試してみたくなります,2
武蔵野線北府中駅徒歩20分ながら、都内屈指の行列店、府中刑務所を横目に見ながら平日月曜14時13分到着、外待ち8人接続。椅子待ちは可能。高評価つけ蕎麦はすでに提供時間帯過ぎで、中華蕎麦に味玉トッピング。30分強で入店、旨味あるものの予想以上のドロドロスープに低加水麺。加熱されたチャーシュー・味玉は業界最高レベル。,2
2月12日訪問。塩ラーメンを注文。平日の昼時満席。豚の拳骨に背殻に豚皮に豚頭を強火で長時間炊き鶏挽肉で掃湯した豚清湯に数種類の煮干から抽出した煮干出汁に鰹節や鯖節等の節系から抽出した節系出汁そして昆布出汁を合わせ更に煮干と節系の2番出汁を加えたスープ。貝等の魚貝の出汁に白醤油等の調味液に数種類の塩をブレンドした塩ダレ。スープを覆う油は鰹節や鯖節に煮干等の旨味と香りのする背脂の香味油。麺は麺屋棣鄂の中細ストレート麺。トッピングは吊るし焼きの豚腿に煮豚の豚肩ロースそして細切りのメンマと葱。豚のぶ厚い濃厚な旨味に魚介の旨味を加えた良い意味で雑味もある複雑なスープ。貝等の魚貝の旨味を加えたキレと円やかを兼ね揃えた塩ダレ。スープを覆う多目な魚介の風味と旨味を纏った背脂の香味油が円やかさと奥深さをプラスする。麺は麺屋棣鄂の啜り心地抜群な中細ストレート麺。　調理法も部位も異なる2種のチャーシューと贅沢にスープで使用し炊き上げた細切りのメンマも職人技光る秀品。いやぁ流石激戦区東京の名店だなと。CPも抜群。又伺います。,2
JR山手線線日暮里駅から徒歩10分【営業時間】11:30-14:00【定休日】水曜日　金曜日　日曜日※臨休あり　X推奨【並び】なし【店内】店主1名カウンター4席水セルフ口頭先払い【注文】『つけめん（330g）』　1000円【総評】いやー昨日は二郎に今日は大勝軒系とパワーランチ続きすわ笑今回は日暮里にあります人気店『裏サブロン』さんにお邪魔しましたー。裏サブロンさんは2014年8月Openの中堅店すねー。店主はあの大勝軒創業者『山岸一雄』さんに認められたお方で山岸さんとの2ショット写真など飾られておりますねー。ただ面白い事に本業は『サブロン』という洋菓子屋さんなんです。笑有名人のサイン色紙がたくさん飾られておりました。そしてその裏側でつけ麺屋を営んでいるという珍しいお店すなー。笑もちろん店内激狭いです。笑裏サブロンさんのメインは『つけ麺』ですな！つけ麺のみの提供であとは大盛にするか特盛にするかチャーシュー増すかですね。ただ、デフォルトで330gあるので結構腹パンになりそうすね。実績もTRY大賞にも掲載されたぽいすね。わたしはデフォルトのつけ麺でまいります！いざ！！日暮里から少し歩きますね。てかほんとに外国人ばかりやなこの国は笑店舗に着くと並びはなく、満席で10分ほどで入れ替わりで入店し、口頭で注文して先にお会計を済まして待つ事更に10分程で着丼！池袋の感じに似てますねー！あっ、内観はお世辞でもなくキレイではありませんが、山岸さんのビデオが流れ続けてますね。（susuru君のサインがあった！笑）まずはオンリー麺から啜ると、自家製麺の太麺はモチモチしていて美味しいですが、若干滑り感がありこれがなかったらもっとおいしかったすねー。次につけ汁につけていただくと、酸味と甘みの調和が見事なノスタルジックなつけ汁で非常に麺との相性も良かったすね！（東池袋の本店よりうまいぞ、、）ただ、惜しいかなスープ温度が低いのが残念。チャーシューはしっかりと調理されており脂も程よくのっていてうまかったす！味玉は半身の固めでこのスープとの相性良かったす。メンマもコリコリで◯！味変グッズにブラックペッパー、一味、ラー油があるのでお好みで。なかなかの量でしたが、食べ終えスープ割りを楽しみ完飲完食！うまいすねー！ただ、惜しい点が何点かあったのでこの評価に。店主も腰の低い方で非常にいいすね。コスパは文句なし！あとは店内の狭さと清潔感はデートなどには不向きですね。笑日暮里で1人でランチを考えてるならオススメですね。裏サブロンさん！ご馳走様でしたー。,0
大量のあさりや帆立の貝白湯スープをベースに、牛骨で旨味を抽出した牛白湯をブレンドなんよな「醤油」は牛の重量感も楽しめるスープで麺は、北海道産小麦のストレート麺。チャーシューは、3種で1000円切るのは、企業努力の賜物かと。タマネギみじん切りもいいアクセントです。,1
2025年8月18日(月)平日の15時ごろに伺いました。先客なし、後客なしでした。魚介みそラーメンにチャーシューをトッピングしました。15:04着丼。魚介みそラーメンという商品名のようですが、魚介の部分は甲殻類が主張してくる感じです。スープは全く深みを感じず、ただただ甲殻類の味がし、全く美味しいと思えませんでした。チャーシューはびっくりするぐらいしょぼい美味しくないチャーシューで、スーパーで買ったちょっと高いチャーシューの方がはるかに美味しいです。チャーシュートッピングして初めて損したなと思いました。明らかに見本の写真のチャーシューとは違いますね。ラーメンの上にのっている海老は全くプリプリしておらず、ネチョっと溶ける感じで、美味しくなかったです。本当にフランス料理出身の人が作ってるの？っていうくらいいらない海老でした。そしてとにかくスープと麺が熱かったです。こんなに熱いラーメン初めてです。良かった点は、通し営業で空いていたことと、接客ぐらいですかね。口コミの評価は高いようですが、自分の評価と世間の評価がここまで違うことにビックリしました。,0
あの町田のしおらーめん進化と関係あるお店だった気がする。1番シンプルな塩らーめんを注文。これは上品で美味い。進化を彷彿とさせる麺。そしてスープと麺の絡みが最高。寒い時期にほっこりできる鍋のスープのような感じ。鍋を彷彿させる,1
"【2025年11月中旬訪問 アーカイブ掲載】この店に初めて訪問したのは開業されて未だ間が無い19年前。（ならば来年20周年じゃん）未だ食べ歩きを始める前だったのだが、初めて食し余りの美味しさに驚愕した記憶が有る。世の中に魚介豚骨と言うジャンルが定着する前だったのも有って連日大行列だった。この国分寺駅北口は半径200mの範囲だけでラーメン屋さんが15･6軒も存在する超激戦区。そんな中で独自のスタイルを貫いて来られ20周年は素晴らしいと思う。今でこそ自家製麺を提供している店は或る程度存在するが20年弱前で自家製麺を提供していただけでも凄いのだが、この店は麺の種類がレギュラーだけで5種類（太麵、中太麺、細麺、平打ち麺、手もみ縮れ麺）の他に季節毎の変り麺も存在する。（但し、夜と昼で提供する麺が違うので注意）細麺が好きな私は、それを食べようと何度か訪問したが13時過ぎには売り切れてしまっている事が多く今まで食せた事が無かった。また麺の量も多く、茹で後の重量で比較すると小盛で321g、並盛で486g、中盛で648g、大盛だと810g、特盛で972g、特大盛なら1,134gとなる。（小盛で他店の並盛以上有りますから小食の方は券売機中程の小盛券を押して選択すべき）この日訪問したのは平日の13時半過ぎ、にも拘らずカウンターは半数以上が埋って盛況な様子。何とレギュラーのつけ麺＠950円は夜だけの提供に変わって、昼間は清湯つけ麺＠900円がメインになってた。小盛券と共に清湯つけ麺を購入しカウンター奥に着席。麺の種類を聞かれたので細麺を選んで暫し待機。（小盛にするとトッピングが一つ着いて来る）店内は多少年季が入って来たが奥の製麺機も健在だし窓から聞こえる中央線の列車音も以前のまま。昔、厨房の真中に居た親父さんの姿は見えず壮年男性が切り盛りし、それを女性店員さん2名がサポートしている。細麺なので茹で時間も早い様子で10分強で提供された。清湯つけ麺と言うのだから清湯スープなのかと思いきや多少濁りの有るスープに鶏（？）挽肉の肉味噌が配置され青葱とメンマに小盛で追加トッピング頂いた味玉が鎮座している。他店なら間違え無く並盛としか思えない量の麺は平打ちの細麺。サイズ感だけで言えば稲庭饂飩のサイズだろうが勿論、質感等はまるで違う。そのまま一箸食すと、しなやかな中にもシッカリとコシが有って非常に美味しい。これは過去に食した事の無い食感で面白い。つけ汁に漬けると若干甘目のつけ汁で魚介豚骨では無く、コクの有る豚骨＆鶏出汁って感じかな。レギュラーのつけ汁とは違うが、意外に悪くなく美味しい。鶏挽肉味噌もしつこさは全く感じず、細麺に良く絡む。つけ汁の中から出て来たのは、この店オリジナルの叉焼の角切り、こいつはマジ秀逸！夢中で食べ切ってしまいました。でも、やはりレギュラーのつけ麺も食べて見たいので、次回は外出の帰りに途中下車して夕方に訪問するしか無いだろうな。大変、ご馳走様でした！！！",0
外回りからの帰り道、久々に訪問。いつ見ても行列で本日も１５、６番目くらいで約４５分ほどで入店。注文が通って１５分ほどで着丼。いつものスープ、いつもの茹で加減の麺、いつものチャーシュー、いつものメンマといつもが並ぶのであるが、なかなかここまで並ぶことはない。でなければあの行列にはならない。麺を啜っていて、ここの麺はちぢれ麺だけどスープのまとわりかたが弱く、麺を啜りながら追いスープって感じで食べ進めた方がより旨さを感じるのかもと勝手に考えながらいただきました。メンマは薄味ながらしっかりとした味と歯ごたえでいつ来て食べても唸らされる逸品。男の腹も満たされるボリュームで美味しくいただきました。ごちそうさまでした。となりに座っていた人の食後丼にチャーシューが残っていたのは？なんだろう。,2
"仕事終わりでダッシュNew Releasesのつけめんふぁみりあを解禁日に！SNSで予告みてからずっと気になってたつけ麺仕事巻きで早く終われたミラクル発売初日に食べてきましたー凄かった〜‼️⇩info⇩『ちーの、なーら、ゔぇーぜ、あみーご4兄弟の旨味が家族になった煮干しいたりあん濃厚つけ麺“つけめんふぁみりあ”世界にここだけのつけ麺です』 ⁡“ふぁみりあ”…なるほど定番４種全部の味がちゃんとするスープ！良いとこどりの絶妙なマリアージュ濃厚なのにほどよくマイルドでコクありちょいスパイシー初めて食べるのにどこか懐かしさもあるような奥深〜い激うまスープ…最高味変のピリ辛オイルも絶品で激ヤバしかも麺がまた美味すぎて震えた“ひやにぼしいたりあん”テイストのやや細麺麺にしっかり味がついててそれだけでまず美味✨しらす＋チーズのトッピングと旨味たっぷりオイルうっかり食べ進めちゃいそうだった…危ない危ない味変にすだちも◎麺もスープもめちゃくちゃ旨い‼️これは今までの定番、人気者たちのオマージュつけ麺凄い一品に出会ってしまいました…衝撃⁡そして驚きと感動は“計算”麺とスープの味のバランスと〆の一口ライスどぼんリゾットが完璧スープだけ始めに食べてみると少し塩味が少ない優しい感じ、飲める（苦笑）(辛くないグリーンカレーみたい)でも麺に味がついてるからスープにつけると旨みが増してベストマッチ！すだちで味変しながら麺を食べ終わり残ったスープにいつものように一口ライスでも白飯だから塩味足りないかも…と少し不安がよぎる…ごめんなさい。私が浅はかでしたなんとスープに塩味がしっかりついてるじゃない‼️はい、つけ麺magicでした知らないうちにスープが味付けされてたんですよすご〜い！いや、つけ麺イリュージョンだてか、凄い計算力に鳥肌たちましたで、また定番4兄弟も食べたくなるっていう沼システム天才ですね、吉田さん⁡いやしかし、もうラーメンの域超えてます一杯で何度も美味しい“つけめんふぁみりあ”¥1,600は破格ですよやっぱり初日からバカ売れで早めに一旦完売になりそうと仕事終わりで駆けつけ正解！あー、にぼにぼさんでのラーメン選びまた悩ましい選択肢が増えてしまったそしてチャーシューめんにはまた辿り着けず嬉しい悲鳴⁡あ、忘れちゃいけない“岩中肉ワンタン”これもまた進化しててよかった♬グラスワインとともにお代わりしました(๑˃̵ᴗ˂̵)⁡今回も最高の新作ラーメンめちゃくちゃ美味しかったです、ホント凄いやっぱりNibo Nibo Cinoさん大好き♡絶対オススメです！",0
2月3日訪問。うま味塩そばを注文。平日の閉店間際先客1人。大山鶏の鶏腿肉を水から煮て作るスープと煮干3種類に昆布に干し椎茸を1晩水出しして火入れした和のスープとボンビノス貝を水から煮て作るスープを素材が引き合うようにブレンドしたトリプルスープ。塩ダレは煮干しと昆布の出汁に味醂と塩で作る和風出汁の塩ダレ。スープを覆う油は鶏油でホタテを煮た鶏とホタテの香味油。麺は三河屋製の全粒粉配合の細麺。トッピングは吊るし焼きの豚肩ロースに低温調理の鶏胸に芽葱と乾燥えのき。大山鶏の肉の旨味とボンビノス貝の旨味に煮干しに昆布そして干し椎茸の旨味で厚みを作っているトリプルスープ。少し角のあるシャープな塩ダレ。フワッと香るホタテの風味と鶏の風味を兼ね揃えたホタテの香味油。トッピングは乾燥えのきの香りと食感が面白い。麺はボソッと食感。ノーパインなうま味塩そばは全体的にスッキリぼやけた印象で⋯個人的にもう少しはっきりとした輪郭が欲しいかなと。又伺います。,0
2月14日(土)12時30分頃に到着。外待ち４人程。前回は平日昼で12人程並んでいたので、かなり空いている方だと思った。バレンタインデーは暇人には狙い目かもしれない。店主に呼ばれたタイミングで入店。聞かれたタイミングで注文を伝える。水とティッシュは近くにあるので、自分で取る方式。12時50分頃に着丼。魚介豚骨系のスープ特有の幕の張ったスープを見て勝ちを確信。まろやかながらしっかりと魚介と動物系の出汁感を感じることが出来るスープは絶品。修行元の日影のスープを想像していたが、それよりもかなり動物系のパンチがある印象。麺がモチモチとした唯一無二のものだが、個人的には淡口スープの方がより食感や風味を感じることが出来るような印象。ワンタンもモチモチで餡がジューシーであり、角煮風のチャーシューは甘めの味付けで良いアクセント。食べ進めるとカエシが強くなっていき、飽きない設計になっているのも見事。生姜丼も生姜の風味と肉の仄かな甘味がバランス良く、ラーメンとの相性も抜群。食べ終わったら清算して、カウンター席以外だと食器棚に食器を返却する方式。個人的には普通のラーメンはかなり甘めで、最初の１口目のインパクトはすごいがその後くどくなる印象だった。淡口変更にすることでその問題が解決され、完璧な一杯に仕上がっていると感じたので、普通のラーメンを食べた方にも淡口変更で味わっていただきたいと感じた。,2
"博物館帰りにこちらへ味玉　海老ワンタン麺　1,480円日曜日14:00過ぎても満席、外待ち先頭でした。10分ほどで着席パンパンでプリプリの海老ワンタン細目め、絡み、歯切れ良い麺薫香のチャーシュー、メンマ、味玉全部美味しい。スープも魚寄りのダブルスープ。次はつけ麺食べようかなとおもいます。",0
西八王子駅にある、中華そば 吾衛門さんに行きました！平日12時前で入店できましたが、出る時には10人以上は並んでいました。ネギラーメンと餃子にしました！餃子も熱々で美味しかったですし、ラーメンも中華そばのど真ん中で、最高に美味しかったです^_^ぜひ行ってみてください！,1
"テンカオ以来。半ちゃんの日。狙ってた｡土曜日14時過ぎで待ち17or8。全然待合室に座れない。1時間後に着丼。・細塩変わらず黄金色の鶏油が光る神々しいビジュアル。今回はマジメに話すと、カツオがだいぶ強めで、生姜がその分控え目。途中から溶かすニンニクとのマリアージュは相変わらず最高だった！自家製細麺は麺量ガッツリなので半分コール。半ちゃんもあるからね。でも何度でも言おう！このしなやかな自家製麺を是非味わって欲しい。濃い色の甘めメンマは過去のもの。今はフレッシュ感のあるタケノコ風。 ・半ちゃん今回はいつになくゴロゴロチャーシューしか目に入らない。完全にチャーシューチャーハン。しかもラーメンの焼豚だから旨いに決まってるのよ。そして少し油多めで、しっかり塩味効いて、ベタッとした感じが最高に旨い当然、量も半では無い。フルチャーハン。これで500円は破格。腹パンパン。これまで以上に良さがバレ始めてる気がする。のスた凛本店■注文内容細塩半ちゃん■金額1,400円500円■ポイント大井町の巨匠さぶちゃんとメグジの二毛作基本的にガツ盛り系■感想と次回最近新メニュー誕生の楽しみが加わって更に訪問するのが嬉しい。",1
"■味玉背脂煮干しそば¥1,450■炊き込みご飯¥200-------------------------------------------------金曜12:30ごろ到着で並びは12名。許容範囲。12:50ごろには入店。移転し大箱店となり格段に回転数が上がった。デフォは敢えて避けて背脂煮干しをオーダー。地鶏をベースに煮干しを加えて、ビターな旨味と香りが強い。背脂がコクと甘味をプラスしてくれる。麺は中太ストレート。加水率高く太くも瑞々しい麺。啜っていて心地よい麺。2種のチャーシューも味玉もメンマも、そして風味強い青ネギも盤石のTP陣。炊き込みご飯はどこまでも旨味が強い。次回はいよいよデフォを。ご馳走様でした。",2
今日の注文は味玉白醤油ラーメンと和え玉です。白醤油の方が貝出汁の味わいが深い感じがします無添加スープで体にも優しい感じがしますね。麺もチャーシューも美味しいし、和え玉も貝油が効いて美味しいんです。もっと行列が出来てもいいお店だと思います。皆さんにオススメします。ご馳走様でした。,1
グルメな友人から行ってみようと誘われて訪問九段下から西神田方面に徒歩3分位の所にあるカフェみたいなおしゃれで清潔感のあるラーメン屋さん期待が膨らみます14:30待ち無し入口右手で食券購入紙エプロンあり味玉味噌ラーメン　限定なのでポチり体に優しい無化調ラーメン食券渡して5分位で着丼私のタイプの味噌ラーメンはすみれ系ビジュアルは似てます笑スープを一口　見た目は濃く見えますが優しい私には物足りなく感じました初めは熱熱でしたが、ぬるくなるのが速い印象もやしとネギたっぷりチャーシューは柔らかく美味しいですチャーシュー麺にすれば良かったかな笑麺は黄色い札幌ラーメンで良くあるタイプ　延びるのが速い印象でした　普通味玉　良く染みてる半熟タイプ　普通全体的にお上品な味噌ラーメンでした醤油も食べてみたいので、気が向いたらまた行こうかな　入口と出口は別ご馳走様でした,1
訪問：3回目注文：まぜまぜ（大盛り）見た目からインパクト抜群。もやし・玉ねぎ・刻み海苔が山盛りで、ボリューム感かなりある。麺の下には煮干し感しっかり効いた濃厚ダレにアブラたっぷり。これを全体よく混ぜると、タレが麺と野菜に絡んでめちゃくちゃ美味い。煮干しの旨味が前面に出てくるのに、しつこさはなくて最後まで一気に食べられる。大盛りにしたけど、麺量は体感で普通のラーメンくらい。重そうに見えて意外とスッと入るのがこの一杯の不思議なところ。次は特盛にします。他ではなかなか食べられないタイプの唯一無二のまぜそば。やっぱムタヒロは外さない。,0
平日開店前　訪問、先客、何人かいました。⭐︎オマール海老ラーメン　和え玉牡蠣⭐︎ あさりカルボや限定のあんきもラーメンなどありましたがこちらを選択しました。スープはオマール海老の香り、旨みがすごいですね。麺も中細麺のパツパツの麺でスープにからみます。牡蠣の和え玉は間違いないですね。ニンニクもつけてもらいました。海老スープにひたすとさらに旨みが増します。ご馳走様でした。次は他のメニューも食べたいですね。美味しかったです。接客も温かく最高です。⭐︎2026年40杯目⭐︎,1
"珍しく13時過ぎに訪問し、待ち2人に接続。本日は「らぁめん(1,000円)」に「生卵(70円)」「バター(100円)」をトッピング。たかがひと月しか間が開いてないのに今日はメンマにしても小松菜にしても、いつもより一際美味しく感じられました。バターをトッピングしたので、しっかりスープまで完飲。今月もう一度来れるかしら？？ご馳走様でした。",0
わがまち高井戸の誇るミシュランラーメン！自宅から歩いて5分ほど…ありがたい(..)・特製塩そば+味玉を注文高級割烹のお出汁のような深くて濃厚でさっぱりとした極上塩スープに、ツルツルすぎない中細ストレート自家製麺が見事に調和！豚チャーシュー・鶏むね肉・軟骨つくね・細メンマ・ネギ・かいわれ・味玉…トッピングもとても繊細で丁寧。程よく心地のよい声掛けと接客にも感激♡入店前にスタッフさんが注文を受けてくれる↓店内は無駄のない間取り、オシャレでとても清潔↓着席後、程よいタイミングで先会計(PayPay)↓5分ほどで着丼(早い！)↓ごちそうさまでした！！とても美味しく気持ちの良いランチでした。またお願いします(^^),2
食べログ★3.72・2025年 Top 5000【二階堂】さんにお伺いさせていただきました、場所は、九段下になります、外観は、通り沿い路面店一階です内装は、移転前から比べて席数も増えておりかなりの人数が入れます、醤油、塩が売りの完成度の高いラーメンでしたがいまは担々麺、味噌などもありどれも高レベルです商談があり、ランチで寄らせていただきました、この時期は味噌ですよね…。▶︎キーマカレー▶︎味噌ラーメン・焼豚、もやし、シナチク、葱、韮、キャベツ、　玉葱、挽肉スープ☆濃厚の熱々スープになります。コク、香りがあり一味唐辛子はお約束ですね。脂の量もバランス良く実に美味しいですね、麺☆定番の縮れ麺ではなく、やや太めの黄色麺になります具材☆焼豚、もやし、シナチク、葱、韮、キャベツ、玉葱、挽肉まさに完成度の高い味噌ラーメン、キーマカレーこれは人気なのも頷けます、美味しいですね寒い日には最適です良いお店ですね。,1
"そう、以前から、恋バナにうるさい女性の恋愛トークでときどき聞くこのフレーズ「草食系より、グイグイ来る肉食系男子が好き」だの「男らしく攻めてほしい」だの「モテる男は肉食系」だの、暇人どもが「私の恋愛感聞いて～」って言いたい放題。誰も頼んでないのに延々と好き勝手に喋りまくってるが…でも、ちょっと待て、いつも二郎でブタ増しの山盛りを平らげてるオレこそ、誰よりも “肉食系” だろ！もし「肉を食えば食うほどモテる」って世界線なら、オレは今ごろ恋愛無双してるはず、なのに現実はモテるどころか、誰も近寄ってこない。いや、むしろ遠ざけられてるような空気すらある。肉食系の理解も、女心も、ほんと難しい。喰っても喰っても叶わぬ恋…ブタ増ししても届かぬ想い。恐るべし、恋の迷宮。ま、そんなふざけた話はどうでもいい。少なくとも、二郎のうまさだけは裏切らない、向かう先はもちろん野猿二郎。今日も朝から屈強な漢たちも集結しているはずだ。くだらない恋愛論なんて、彼らの胃袋と気合で一蹴だ。語るべきは恋愛じゃない、スープの濃度と麺のコンディション。己の信念と空腹を携え、いつものルーティンを誇らしく刻みに行く。7:35　駐車場到着いつもより早めの到着。駐車場にはちょうど2台分の空き。「よし！空いてる」と思った瞬間、すぐ後ろにもう1台入ってきて満車に。7:36　食券購入限定に「みそろう」。…たぶん二年前に出てたあの味噌味系の二郎かな？と記憶をたどる。問題はここからで、限定って、いつも悩む。食べたら食べたで、すぐ「通常の二郎も食べたかったな」って欲が出てくる。2日連続で来られるならまだしも、そう簡単に直ぐ来れないし、そう思ってから1週間も二郎断ちは正直キツい。だからこそ、限定に手を出すときはいつもかなり慎重になる。その点、ドクロ系はわりと攻めていける。個人的な好みだが、通常二郎とガチでいい勝負してるので「よし、これは食っといて正解」と思わせてくれる。7:37　行列接続行列14名(店内5名、店外9名)開店直後、まだファーストロットの人たちが食べ終わっていない時間帯。なので、行列はしばらく動かないが、今日はいつもより15分ほど早く来たおかげで、その “止まった時間” すら心地いい。ゆっくり待つのも悪くない。並んでいる間に浴びる朝日が、じんわり体を温めてくれて「まあ急ぐなよ」と言ってんだろうな。7:51　店外待ち椅子着席行列に並んでから13分後、ようやく列が一気に動き出した。7:54　店内待ち椅子着席店主、青シャツ君、新人君、先週と同じ3人体制。開店準備/早番のメガネ君は8時上がりっぽい。日曜朝、毎度思うが、まだ朝の8時前だというのに、この店だけ時間の流れが別世界。ランチピークの真っ只中みたいな熱気が渦巻いている。朝の静けさなんて一歩入った瞬間に吹き飛ぶ。ここだけは朝から全力でギアが入っている。8:00　食券もぎり8:03　カウンター着席すると、あのおじさんが登場。食べ終わって出口へ向かいながら、店主を横目に「今日もおいしかったでぇ〜す！！！」と、いつもの大声シャウト。ついでに二言三言、食べた感想を吠えて帰っていく。前回見たのは一か月位前か、見るのはこれで三度目。店主の反応は、一瞬彼を見ただけの苦笑い、店員たちも同じく。声量控えめに「あり〜した〜」完全に慣れた感じで軽く受け流すプロの対応。自分も慣れて「今日も来てたのか」と見送るだけ。周りの客も特に動じていなかった。ただ、こういうキャラの客がいるってことも、野猿の良さだね。8:07　着丼大ラーメン：1,100円ブタ：350円トッピング（ニンニクマシマシヤサイアブラ）：0円計 1,450円毎度の「大ブタ」いつもと比べ特に変わらないいつもの迫力。到着した瞬間のテンションは、何度見ても新鮮だ。まずはひととおり写真撮影。この儀式を済ませてから、いつものようにシャキッとしたヤサイから攻めていく。スープは微乳化で、口に入れた瞬間に “あ、今日もうまい” と分かるやつ。麺はワシワシのストレートで、のど越しよく、食べ応えがいい。噛むたびに「これぞ野猿」と言いたくなる食感。ブタは全部で5枚。1cm幅が3枚、2cm幅が2枚。肉質のいいウデ肉に、脂身多めのやつも混ざっていて、これがまたうまい。脂が甘くて、噛むほどに旨味が広がる。全体として、いつもの “標準” に仕上がった野猿のうまい一杯。安定感があるのに、毎回ちゃんと感動がある。これがあるから、早起きしてでも来たくなる。8:20　完食今朝も変わらず、でもどこか新鮮で、そんな早起きして向かった野猿の朝。今日も来てよかった、ごちそうさまでした！",2
"休日の13時半過ぎで外待ち9人に接続、20分ほどで店内に。並んでる間に案内があり、食券を購入して再び列に戻る感じでした。期間限定の味噌が食べたくて、特製味噌らぁめん(¥1,500)に。スープはコクがあって、大豆の美味しさも感じられる味噌の味わい…と書くと優しく感じるかもしれないけど、しっかりパンチもあります。これに力強いもちもち縮れ太麺がまた合う！そして特筆すべきはやはり個性的なトッピング。揚げゴボウのサクサク食感と香ばしさもよかったし、きのこはバルサミコ？しっかり味がきのこの旨みと合わさって最高でした。スモーキーなチャーシューもたまらないしね、春菊もいいアクセントになってました。とっても好みで大満足の一杯で、ぜひリピートしたいです！",2
２回目の訪問。昼だと混み合ってますが、夕方なので待ち無しで入れました。5分ほどですぐ着丼。鶏と煮干しラーメン〈醤油〉1100円大盛り100円、青唐辛子の辛肉みそ100円炭焼き鶏チャーシューご飯400円➕卵黄50円トータル1750円鶏と煮干しは個人的に一番好きな組み合わせのスープ。濃厚ですが、デフォルトでついているレモン生姜、きのこのオイル漬け、卓上の唐辛子酢、を加えながら少しずつさっぱりさせていくと自然と飲めてしまいます。トッピングされていたミニトマトが沈み最後の方のさっぱりとしたスープによく合います。炭焼チャーシューもホロホロで香ばしく、ラーメンも丼もどちらも引き立ててくれます。水は店員さんが注いでくれるスタイルなので、濃厚なスープで水を消費すると都度都度声をかけないと行けないスタイルなのと、クレジットが使えない点だけ残念。PayPayは使えます。,0
"新宿駅東南口から徒歩1分2階にあるお店です。店員さんは外人ばかりでしたが問題なかったです。はまぐりらぁめん 1,800円をいただきました。さっぱりしたはまぐりの出汁のしっかり効いたスープ。くどすぎず、塩味も程よいです。",2
池尻大橋の人気店へ行ってきました。土曜日の夕方でしたが、数名並んでいて少し待ちました。ここのところラーメン食べ過ぎだなぁと思いつつラーメン欲が止まらない笑先に食券を買って店内でまたウェイティング。麺の量は無料で、200gか250gか選べ見したが特製を選んだので200gにしました。スープの濃さや脂の量までお好みに選べます⭐︎太麺のちぢれ麺でスープも濃厚！200gでもかなりボリューミーだなと感じました！昆布水つけ麺や背脂系もあって、メニューは悩みました。違う種類も気になる。。。美味しかったです^ ^,1
評判良かったこのお店にやっと来店平日のせいかお昼時に行ったのにスムーズにお店に入れました丁寧な説明を受けて着席オーダーは醤油ラーメンのワンタン付き運ばれてきたラーメンは見た目美しいスープを一口うん美味しいちょっと温いけど味はしっかり麺はうーん美味しい手打ちなのかな？ツルツル感がいいチャーシューも手が混んでいますただ‥んーどこかで味わったことあるようなそれが一番最初のイメージ上質で品の良い味だけどわぁという驚きがなかったかもおー　はいくけどわー　までは行かない感じ難しいかな？それはお値段も関係しているかも1800円払うならもうちょい驚かせて欲しかったなぁんー今のご時世高いのは別にいいのですが,2
平日の夜21時頃に訪問。この時間なので並びはなしですが満席と、食べログ評価が高いだけある。頼んだのは本枯中華そば、和え玉。具材が3種類選べるのが嬉しい。私はバラチャーシュー、キクラゲ、メンマ。店員さんの接客や声がけが素晴らしく、楽しみに着丼を待ちます。麺は特徴のある細めのストレート。全粒粉？スープは出汁感は控えめで、醤油味。残念なのはスープがぬるかった。人それぞれの好みがありますが、パンチある味が好みなので少し物足りなかった。ごちそうさまでした。,1
"◯店名 【桜上水 船越】◯評価食べログ3.87（2026年2月時点）食べログラーメンTOKYO百名店（2023-2025）2023年オープン。高田馬場の名店「渡なべ」出身の店主が手がける、どこか懐かしさを感じさせながらもオリジナリティの高い塩ラーメンを提供するこちらのお店。食べログ百名店にも3年連続で選出される人気店です。今回、レジェンド店「永福町大勝軒」をリスペクトした限定ラーメンを提供しているとの情報をSNSで確認。2月27日までの提供と知り、訪問を決意。平日木曜日の11時16分に店前へ到着。すでに16名ほどの待ち客がおり、最後尾へ接続。約55分待って席へ案内されました。・注文したもの◯ 中華麺~節と煮干の醤油~ 1,600円※食券制です。※キャッシュレス決済です。店内はカウンター8席。ラーメンは7分ほどで提供されました。並々と注がれた深みのある茶褐色のスープに、麺、チャーシュー、雲呑の皮、メンマ、ネギ、海苔などが豪快に盛り付けられた一杯。別皿で生卵も用意されています。スープのアタックは中程度。ラードの油膜で熱々の口当たりの中、煮干しの旨味とほのかなビター感が広がり、動物出汁のコクや野菜の甘味が重なる。節の香りも豊かに効いた、クラシカルで染み渡る味わい。麺は三河屋製麺の中細ストレート。やや柔らかめに仕上げられ、熱々のスープをまといながらするりと啜れる口当たり。スープとの一体感を重視した仕立てで、並々と注がれた煮干し醤油の旨味を余すことなく引き上げます。口の中で小麦の風味がふわりと広がり、心地よい余韻が鼻へと抜けていきます。雲呑は中身なしの皮タイプ。スープをまとった皮の滑らかさが、味わいに変化と奥行きを与えています。チャーシューは複数枚入り、部位によって赤身の旨味が際立つものや、薫香をまとったものなどが混在。中でも薫香をしっかりまとった部位が個人的には好みでした。正確な枚数は定かではありませんが、9枚ほど入っていたように思います。後半は、生卵の器に店員さんおすすめのお酢と辣油を加え、そこに麺をくぐらせていただくと、まろやかな卵のコクに、酢の酸味と辣油のピリッとした辛味が重なり、煮干し醤油とはまた違った表情を楽しめます。永福町大勝軒へのリスペクトをベースに、随所にオリジナリティを加えた一杯。最後まで飽きることなく、美味しくいただきました。ごちそうさまでした。【店舗情報】 店名： 桜上水 船越所在地： 東京都杉並区下高井戸1-21-10 1F最寄り駅： 桜上水駅から徒歩約3分営業時間： 月・火・木・金・土・祝日11:00 - 15:00定休日：水曜日、日曜日",2
昔から気になっててなかなか訪れる機会がなかった店。もともときれいなラーメンを出していたイメージだが、いつの間にか二郎インスパイアに。もとの店舗は秋葉原の方へ移転。ここの二郎を食べに来た。日曜の午後5人待ち。先に食券を購入して並ぶ。呼ばれて入店。つけ麺とづけあぶらとマサラスパイスにレモンサワー。さっとレモンサワーが来て、野菜とチャーシューの切れ端のおつまみ。嬉しい。10分ほどでつけ麺着麺。コースは全部。描いたような丼。あぶらたっぷりでサラダ的な感じで頂く。つけ汁の豚の旨味が良いが、少し上品さを感じる。バランスの取れたいっぱい。カレースパイスがめちゃくちゃ旨いので途中から足せるし、入れたほうがよい。またキタイと思いまーす,1
"浅草駅から徒歩3分雷門から並木通りを抜けた先にあります。蔵前の「ラーメン改」さんの姉妹店です。手揉み中華ソバ 1,100円をいただきました。鴨出汁の醤油のスープはすっきり醤油ベース。自家製もちもちな手揉み麺は中太麺。小麦の香りがたまらない。",2
"日曜12:15現着　前7人　食券後買い12:30着席　12:39着丼上　昆布水つけ麺(煮干)1,900円移転後初のさくら井さんに訪問！席数が増えて回転が速くなった気がする外待ち有の時は、そのまま接続。店員さんの案内で食券を購入します。昆布水の煮干しはバラ海苔と柚子胡椒が麺の上に、TPされています。卓上の藻塩だけでも柚子胡椒だけでも十分に美味しい麺です。つけ汁の煮干しスープもサラッとしてるけどニボニボしててうまい！玉ねぎのみじん切りがいいアクセントです。通常は低温豚肩ロースチャーシューだけですが、上になると鶏胸肉と豚バラ炭火チャーシューが追加されます。さらに特上になると鶏ももと豚ももが追加されます。豚バラ炭火チャーシューおいしかったです！次回は気温次第だけど、煮干しの麺少なめに、和え玉を食べよう！！高円寺まで9km2時間歩いて±0！ごちそうさまでした( ͡° ͜ʖ ͡°)",0
はじめ人間ゴンゴンゴーン♫ なんてのを知ってるのはメチャメチャ遠ざけないと携帯見れない昭和人だけだろうなあーしかし、昭和人だろうと令和人だろうと濃いもんは濃い！というのは普遍的真理なのですマンモスさん、濃い！！濃厚つけ麺にはありがちな話だが、本当に割スープを楽しむ余地が1ミリもなかったわ道玄坂のちょっと上の方にあるので、ここまで歩くか？！と言われると、そりゃ人次第だが濃いのは濃いぞ,0
★3.80JR総武線、都営地下鉄浅草線浅草橋駅から徒歩3分程の場所にあるラーメン屋さん。12時23分にお店に到着。満席である。同店では、まず店内にある券売機で食券を購入するスタイルである。12時25分にらぁ麺（950円）の食券を購入。なお、支払いは現金のみ支払い可能である。食券購入後、店員さんに食券を渡し、店内のテーブル席で待つ。このテーブル席は3〜4名用であるものの、基本的には待合として使われているようだ。カウンター席を中心に、上述のテーブル席が1卓用意されている。コンパクトながら落ち着いた雰囲気である。そして、店内には製麺室もあり、自家製の出来立て麺を味わえる本格派である。12時31分に席に案内され、12時33分に料理が提供される。スープは豚白湯で、長時間煮込まれているのかしっかりと白濁している。とろりとした濃厚さがありながら、不思議と重たさはなく、するすると飲み進められる。豚特有の臭みは一切なく、非常にクリアな仕上がり。さらにブラックペッパーが効いており、味にキレを与えている。麺は自家製の生の細麺。いわゆる“パツン”と歯切れの良い食感で、この硬質な歯応えが実に好み。スープとの絡みも良い。量はやや少なめで、替玉を前提にしているのかもしれない。トッピングはチャーシュー、メンマ、九条ねぎ。チャーシューは脂身が少なく、低温調理と思われるしっとりとした仕上がり。メンマは太めで食べ応えがあり、存在感がある。九条ねぎは良い意味で青味が立ち、濃厚な豚白湯に爽やかさを加えている。全体として完成度が高く、かなり美味しい一杯であった。Theうまい（参考）評価について★3.20 普通。つきあい上いく可能性がゼロではない★3.30 普通。今後行く可能性がゼロではない★3.40 普通。誘われれば今後行く可能性がゼロではない★3.50 普通に美味しい、誘われれば行く★3.60 その土地にいく機会があれば多分行く★3.70 その土地にいく機会があれば、また行くと思う★3.80 その土地にいく機会があれば、また是非行きたい★3.90 また是非行きたい。身近な人に食べさせたい★4.00 絶対行きたい。身近な人に絶対に食べさせたい★4.10 金銭的な負担を無視した場合、行きつけにする,1
RamenFeeL@日向和田FeeLThe塩らぁ麺¥1700、梅しそご飯¥250、シキンボ焼豚¥630、メンマ皿¥400、ハートランド¥650、日本酒2杯ハートランドで喉を潤しつつ、つまみにシキンボ焼豚とメンマ皿。どちらもビールとの相性抜群ですね❗️電車で来て良かった〜今日は波平龍一さんがいらっしゃったので、日本酒のオススメを伺い、一杯目には、茨城のお酒、霧筑波の初搾り、うすにごりを。うすにごりながらほどよく辛口ですっきり。そろそろラーメンが出来るころなのでFeeLThe塩らぁ麺に合わせた日本酒を注文。すっきりした酸味と去り際の甘味が酒々井（しすい）の諸事情。これも相性良さそう❗️昨日同様、レギュラー塩と梅しそご飯の組み合わせで注文。神々しく輝く黄金色のスープは、すっきりながら深い旨味が口いっぱいに広がり一気に多幸感に包まれます。日本酒と合わせるとさらにスープの出汁感をしっかり感じられます。うん、やはりこのらぁ麺、というかこの料理にはお酒とのペアリングが最幸です❗️塩らぁ麺から少し遅れてトッピングの地鶏モモ肉の炙り焼きが登場。別皿でいただく鶏モモは、焼き立てで皮目パリパリ。脂がジュワッと溢れる逸品❗️これはトッピングよりも別皿で食べていただきたいという大介さんのご意見もごもっとも‼️確かにスープにつけてしまったらこのパリパリ感や脂の感じは味わえないですもんね。食材一つ一つを最高の状態で提供したいという大介さんの想いを強く感じました❗️なんかイチイチ感動してますw厚切りの豚ロースもしっとり食感、ほどよい塩味がとても上品。いつもは蕪がトッピングされるのですが、本日はロマネスコ❗️芽キャベツのような味わいながらほんのり甘みがあっておもしろいですね❗️絶品塩スープを纏ったシルキーな麺と日本酒を交互にいただき一杯目は終了❗️#青梅#RamenFeeL#淡麗清湯#支那そばや#食べログaward,2
町田の本店より人気のこちらへ訪問鶴川駅から歩くと15分以上ロードサイドなので車の方が多そうでした。11時20分３番目本店は細麺。こちらは細麺もありますが、手もみ麺が人気のよう。デフォのしおらーめんと鶏チャーシュー丼を注文。かみごたえ、もちもち　両方感じる麺スープはあっさりですが、絡みます。チャーシューは噛み切りにくいレアチャーシュー。丼の鶏チャーシューもレア仕上げ。おいしかったです。,2
◾️アクセス：日暮里舎人ライナー谷在家駅徒歩15分◾️訪問日時：日曜13時30分◾️待ち時間：10分（2人待ち）◾️オーダー：らーめん、替え玉◾️価　　格：750円◾️備　　考：サービス券で替え玉無料◾️感　　想今日は風向きからか店の前まで豚骨臭が漂ってました！スープは、The豚骨！濃厚なのにクセがない！麺はまずは粉落とし！パキパキに近い細麺、めちゃ好みで美味しいです！替え玉は今回はやわをオーダー！ラーメンタレをちょいとつけて麺だけを頂く！紅生姜と高菜も投入し半分食べた後で、今日は何にも予定がないのでニンニクをたっぷり投入！刺激的ならーめんを頂きました！サービス券を使えば替え玉は一杯無料！750円で本場と遜色ない博多長浜ラーメンを堪能！ご馳走様でしたー,0
久しぶりに再訪平日の12時ジャストで待ち客は1名スペシャルなイベントが無いせいか？スムーズに入店注文内容・凛々しい中華そば　特製　1300円・炙りチャーシューごはん　300円スープは出汁が効いてうまい！以前よりマイルドになって良かったかも麺は細麺でコシがあり、食べていく間に変化するのも楽しい。特製は、チャーシュー増し、味玉、肉団子が付きチャーシューは、低温調理のロースチャーシュー炙りチャーシューごはんは、ゴロゴロチャーシューがたくさん入っていて贅沢な一品麺を食べ切ったら、ごはんにスープをかけて食べつつスープ割りも愉しむスープ割りは美味すぎて、追加で頂きスープは完飲！混んでない平日の昼を狙って、また来たい。ちなみに、年末年始は例年限定ラーメンでます,0
都心から奥多摩までは車で約3.5時間。往復7時間、しかもラーメン食べに行くだけなら中々の労力です。年に2回は行きます。15時までなので注意しないと、今回は14時過ぎに到着。チャーシュー麺と名物炒飯を注文、ペロリとたいらげて満足感満載で帰宅です。因みに麺は手打ち風の縮れです。,0
ホルモンを食べて、結構脂っこくて、身体をさっぱりしたかった。つけ麺を食べようか迷ったけど、めぼしいお店がないし。って時に、昆布食べたくなった。水曜日19時、店内半分くらい。小川町の金龍と味が変わらんけど、待たずに食べれる印象。金龍は、昼時とんでもなく並ぶイメージ。それが並ばずに食べれるのは、とても有難い。店員さんはとても丁寧な方。席に着いて、5分少し超えたくらいで着丼。食べ方が店内に飾ってあって、その通り食べてみる。先ずはオンリー麺すすり。昆布水に浸かった麺を食べてみる。うん美味しい。その次は藻塩を麺にかけてみる。これが1番美味い。昆布水の塩加減がとても際立つ。その後はつけ汁に付けたり、スープ割飲んだり。色んなお店が昆布水つけ麺やっていて、少し飽きてきた感あり。もう少し異なった昆布水つけ麺を食べたいな。って思った。美味しいんだけどね。。。,0
今日の限定が気になったので訪問。11時50分到着　待ち人2名本日の限定はプリ・ド・モ・チーズ高原豚挽肉の蜂蜜甘露煮カレー仕立て⭐︎サワークリーム⭐︎カルピスバタークリームまぜソバ〜のトマトらぁ麺　1500円替え玉　300円この長いネーミングにどんなものだろうと気になってしょうがなかったです。笑このまぜソバは、食べてを選ぶ逸品でしたカルピスバターのまぜソバだけでも美味しいのですがサワークリームととか混ぜたらテクニカルなモノになりました。マッチングトマトのスープ割りは、バター風味の替え玉と一緒にスープパスタになり面白いです。,0
ちょっとずつ全部入り山椒1350円生山椒が爽やかで、アクセントになっていて、良かったです。ここは特製のだと肉ワンタン×２、エビワンタン×２、味玉、チャーシューですが、ワンタンが１個ずつのメニューがあるので、全部食べたいけど特製はって私には丁度良かったです。,2
赤坂見附駅すぐにある、一見ラーメン屋と思えない佇まいのラーメン屋「左とう」OPENしてから1年ほど、存在は知っていましたが今回初訪問。メニューはとてもシンプルで中華蕎麦（牡蠣・蕎麦）／和え玉（明太子・限定）の4種類のみ。せっかくなので、限定のハラペーニョ牡蠣蕎麦と明太子和え玉（ハーフ）を注文。ハラペーニョ牡蠣蕎麦は、美しい見た目。牡蠣蕎麦の上に、ハラペーニョのエスプーマがかかっていて、途中でハラペーニョを混ぜて食べてくださいとのこと。なので、まずは混ぜずに牡蠣の部分を頂きます。牡蠣が細かくペースト状になっていて、とにかく牡蠣の旨みが凝縮されています！ですが牡蠣のえぐみや雑味などはなく、とてもマイルドで美味しい！牡蠣蕎麦、今まで食べた中でも上位に入る好みの味。そして、途中でハラペーニョを混ぜると…全然味が変化します。ハラペーニョは爽やかな辛さで、単体で舐めると結構辛いですが、牡蠣ソースにまぜるとちょうど良い。普通の牡蠣蕎麦も、ハラペーニョも1度で2度楽しめます。和え玉をハーフで頼んでいる人がいたので店員さんに尋ねると、値段は変わらないけど和え玉の量の調整は可能とのことで、せっかくなどの明太子の和え玉をハーフで。中華蕎麦はパッツンストレートの細麺ですが、和え玉は中太のちぢれ麺。少し硬めに茹でられていて、そのまま食べるとパスタのようで美味しい。ですが、余った牡蠣のスープに入れると、これまた美味しい！個人的には、つけ麺のように和え玉をつけて食べるのがとても好みでした。店員さんの雰囲気もよく、店内もラーメン屋っぽくなくて女性１人でも入りやすい清潔感のある店内。ラーメンは基本お高めですが、納得の味でした。また近いうちにリピートしたいと思います。,0
"柚子が効いた美味しい本格中華そばでした！平日の16時前。所用で浅草に用事がありましたが、ランチタイムで食事が取れなかったので、この時間帯で食べられるお店を探すことに。ガッツリとラーメンを食べたい気分だったので、評価の高いこちらのお店をチョイス。一番人気の特製中華そば1,450円をチョイス。まず、柚子が効いていて、サッパリとした醤油ベースのスープがうまいです。中太の半ちぢれ麺は喉越しがよく、美味しいですね。トッピングのチャーシューは、豚肩ロースでしょうか。柔らかくてしつこ過ぎない脂の旨みが最高です。1,450円と高めですが、味は美味しいです。オーソドックスなメニューは1,000円以下なので、今度はノーマルを食べてみたいですね！インバウンド向けのお店ですが、味は本格的なのでオススメです！！",0
池袋店に続いて、板橋区西台店を訪れたいなせな店長の指図に従い、小気味よく食券を購入するサイズを聞かれて、靴のサイズを答えたが、ラーメンの大きさのことだったアブラカラメのテクマクマヤコンと唱えたら、ぶっ飛ばされそうになったラーメン二杯分で小サイズという、小の奥深い世界観に感動し、麺を啜りながら、一筋の涙を流したしわしわもちもちの麺に、濃厚な豚とスープ味変にホワイトペッパーや黒酢が充実していて、最高だった！黒烏龍茶を片手にまた来よう！暖かい春の息吹を感じたら,1
"【 人類みな麺類 東京本店 】・らーめん原点（世界一厚切り） ¥1,600《感想》“シンプルの極み。その中に詰まった圧倒的な完成度。”▶「らーめん原点（世界一厚切り）」まず目を引くのは、澄み切った醤油スープ。その一口目は驚くほど軽やかで、昆布の旨みを軸にしたやさしい味わいがじんわりと広がります。派手さはないものの、飲み進めるほどにコクと深みが増し、後半にかけて旨みが積み重なっていく感覚がたまらない。そして主役の“世界一厚切り”チャーシュー。名前負けしない圧倒的な存在感で、箸を入れるとほろっと崩れるほどの柔らかさ。噛むたびに甘みと旨みが滲み出し、スープとの相性も抜群。この一品だけでも訪れる価値ありと言いたくなる完成度です。麺は小麦の香りがしっかり立つ中太麺。スープを程よく持ち上げ、全体をきゅっと引き締めてくれる名脇役。具材、スープ、麺、それぞれが主張しすぎず、高い次元でバランスが取れています。素材の良さと設計の美しさがストレートに伝わる一杯。行列に並んででも食べたい理由が、しっかりとここにありました。ラーメン好きなら一度は体験してほしい名店。もちろん再訪確定です。ごちそうさまでした！",1
こんにちは最近食べログさぼっておりましたペコリーノです。お久しぶりですずっと行きたかった梟さん行列を見て諦めたり…行ったら開店時間遅れるよ〜だったりで、なかなかご縁がなかったのですがこの日は日曜昼どきだと言うのに運良くスルッと入れました。食鳥の女王「ホロホロ鳥の鶏白湯」なんですと！？こ、これは、ものすごいパワーワード！ホロホロ鳥といえば幼い頃動物園でよく見たドット柄のまるっこい奴らですよねあんなモンを食べるなんて…と幼い頃は思っていた今見たら違った目で見てしまうかもしれないあゝ心が汚れたのかしらそんなわけで、ホロホロ鳥の鶏白湯とやらのお手並み拝見現れたどんぶりはなんとまぁ上品だこと。食鳥の女王に敬意さえ感じられるまずはスープ…うまっ！うますぎて横転するかと思ったポタージュのような濃度に旨みがぎゅっと詰まっている細麺なのに麺に絡むもちろん全部飲み干した(飲み干した時の写真忘れた)どんぶり舐める勢いだったここまでのコクと旨みですが化学調味料不使用だそうで、どうりで変な雑味がなかったとてもとても美味しかったこれ、最後にバゲットとかに浸けて食べても美味しいかも…いや〜これは、リピート確実でしょう並んでも食べたいまた伺います,0
◆客層お一人様 お兄さん 女性 カップル◆並ぶ？  少しだけ並ぶ※券売機と入り口が狭いため◆注文紅ラーメン¥990◆感想府中に居たので 有名なラーメン屋があった気がするため来店少し並ぶが スムーズに入れ紙エプロンまである！！着席して しばし待つベテランな人達は レンゲと麺を巧みに混ぜるそれを横目に ぎこちなく啜る辛味噌なスープに ワシワシな麺豚肉に野菜が盛られている野菜を味わいながら食べる麺が辛くて美味いまた 麺によって大きさ違ったりしてて楽しい丼を片付けご馳走さまでした,1
"カウンター越しに大将と常連客の賑やかな会話が絶えず、店内は独特の親密な空気に包まれています。初めて暖簾をくぐる方には少し圧倒される雰囲気があるかもしれませんが、提供される一杯には確かなこだわりが詰まっています。看板の塩ラーメンは、塩麹のようなコクが活きたトロトロとした粘度のあるスープが特徴で、中太麺によく絡みつきます。トッピングのミニトマトが程よい酸味を加え、たっぷりのチャーシューがありながらも最後までさっぱりと完食できる構成が見事です。地元の熱烈なファンに支えられている理由が伝わる、非常に個性豊かな味わいでした。居酒屋メニューも多いので飲み屋的な要素もある。■内容：⚪︎特製塩らぁ麺全のせ（¥1,450）",1
"気になってはいたものの、平日しかやっておらず、なかなかお伺い出来なかった銀座たんめんさん。お昼に近くで仕事があった事もあり、念願の初来訪。外で5,6分待ちで入店。カウンターしかないお店なので、少し狭いですが雰囲気は良いです。メニューはたんめんとたんめん大盛、あとはパクチーとバターのトッピングのみ。お腹も空いていたので、大盛を選択。券売機の横にある紙ナプキンをもらってから着席し5分程で着丼。これでもかというほどの白菜の量にびっくりしましたが、あっさりスープに白菜の甘みが美味い。恐らく、白菜1/4分位は入っている感じなので、なかなか麺に辿り着きませんでした。麺は細麺なので、野菜との相性は抜群でした。最後に自家製ラー油を1さじ投入して味変すると、それが辛いけど美味い。ちなみに自家製ラー油は800円で個別に買えるようなので、辛い物好きな方には良いと思います。ご馳走様でした。",1
【らーめん梶原＠千歳烏山】つつましさ、さりげなさ、まさに日本人っぽい味を感じた理由は、ほのかに感じる煮干しの気配。出汁なのに醤油という調味料を引き立てる謙虚さがいい、手打ち麵の店。2026年6杯目■特製醤油らーめん:1250円——————————食べログの評価がやたら高いからと、信じきるのは危険だが基準にはできる。評価がいいと美味しい確率は高いし、低ければ微妙という確率も高い。俺が行った1月時点で3.76という高評価。結論、べらぼうに旨い。煮干しベースの醤油ラーメンは数あれど、門前仲町のこうかいぼうを思わせる世界感。こうかいぼうとは違うけど、姿勢が似ている。接客の良さもそうだけど。そして、特製が1250円という破格。1500円くらいしそうな内容だが恐れ入る。丼の中にはチャーシュー、味玉、海老ワンタン、肉ワンタン、海苔、メンマ。これではっきり言って十分なのに別皿にチャーシュー、メンマ、海苔が加わる。なんというホスピタリティだろう。極めつきは、この太ちぢれ麺。もちもちなのは言うまでもないが小麦の味をしっかり感じ取れる上等な仕上がり。もはや1つの完成形。好き。***************************************特製醤油らーめん:1250円【らーめん梶原】東京都世田谷区南烏山6-5-7 明光ビル新館営業時間｜11:00 - 14:45　　　　　18:00 - 20:00　　　　　※月火は11:00 - 16:30※2026年1月時点***************************************,2
五反田、大崎広小路のラーメン屋と言えばココ！と言っても過言ではない名店のこちら！10年以上ぶりに訪問！昨今、健康志向なラーメンや淡麗系がシーンを引っ張る中、一時代を築いた背脂チャッチャッ系の極地であり伝説の店。その佇まい変わらず此処に鎮座しておりました(笑)日曜日、14時過ぎに到着。片付け待ち5分で入店。本日は14時以降のみ注文可能な「爆盛油脂麺」なる油そばを注文！麺は200~400gを無料で選択可能。もちろん400gをチョイス。他にも味の濃さ、脂の量、ニンニクの量が選べます！脂とニンニクを多めで注文！結果的に麺を400gで頼むなら味も濃いめにした方が良かったという後悔。とはいえ味変調味料も豊富にあるので楽しみはたくさんあります。基本の味はシンプルな醤油ダレ。麺は極限のワシワシ麺！そこに山ほどの背脂が乗って完成！これは極太麺焼きそばか？！(笑)忙しい中、接客も丁寧でキュンです。昔ほどの感動はないものの、他では味わうことの出来ないジャンクな一品はまた食べたくなる逸品でした。ただぁー、昔食べたラーメンの方が好みかな。,0
お昼に立ち寄りました本日のオーダー　ラーメン小　900円カラメ以外全マシ少し遅い時間だっせいか、先客7名と少なく20分くらいで入店です直後にコールを聞かれたので、厨房を見ると綺麗な盛り付けが完了された状態でした慌ててコールをしていただきます相変わらず微乳化でコクのあるスープに二郎ではやや細めの極太麺がよく合いますブタは煮込みがやや少なめの感じでしたが、美味しかったです相変わらず満足度高めのお店でしたごちそうさまでした,1
"訪問日：2025年７月７日(月)本日の７月７日の七夕のランチは『西永福の煮干箱』へ建物の老朽化により６月29日に閉店を余儀なくされて、杉並区大宮から駒沢公園に８月中旬に移転する『BonitoSoupNoodleRAIK』！その『BonitoSoupNoodleRAIK』がセカンドブランドの店として方南町にオープンさせた『CLAM＆BONITO貝節麺raik』に続いて…サードブランドの店として井の頭線・西永福駅近くの路地に2021年９月28日にオープンさせた店！そして、こちらのサードブランドの店の宮澤店長が店を卒業！独立開業して神奈川県の藤沢市に自身の店『麺rabo万歳』をオープンさせる。そんな宮澤店長の最後の出勤日が本日７月７日！そして、Ｘで、こんなポストをしていてら、食べに行がないといけないでしょう7/7宮澤最終出勤です1130〜15001800〜2100・煮干限定・リッチな濃厚　レギュラー濃厚を贅沢に焼きアゴとアゴ煮干をメインに炊きましたお肉はくりん豚ロース岩中豚ウデ&モモがのります麺は国産小麦の中太麺銀しゃりと海苔トッピングマスト本日もよろしくお願いしますpic.twitter.com/bdqN1S485j—西永福の煮干箱(@westnibox)2025年7月7日というわけで、12時45分に店頭へとやって来ると…３人のお客さんが待っていた。少し待つうちに、今日はホール担当をしていた『BonitoSoupNoodleRAIK』、『CLAM＆BONITO貝節麺raik』と『西永福の煮干箱』の代表を務める郡山店主に招き入れられて、12時56分に入店！まずは、券売機で食券を購入する。こちらの店の麺メニューは「にぼしらーめん」に「濃厚煮干しらーめん」の２種類で！２種類のチャーシューが１枚ずつ付くデフォルトのラーメンは、ともに1,100円。チャーシューが３種類４枚になって、味玉も追加になる「特製」が300円増しの1,400円で、それぞれ用意されている。ただし、今日は「濃厚煮干しらーめん」のリッチバージョンの販売になるので、「濃厚煮干しらーめん」の販売はなし。そして、本日の限定で、宮澤店長最後の限定になる「リッチな濃厚」と命名された限定は1,800円！高価な焼きアゴとアゴ煮干しを使用して、宮澤店長の出身地である長野県のブランド豚である「くりん豚」がチャーシューに使用されているとはいえ…デフォの「濃厚煮干しらーめん」の700円高という…ちょっと強気な価格設定なお、店の公式Ｘにも書かれていたし！店頭の看板にも書かれていたけど…おすすめは「和え玉」を追加するのではなく、「のり」と「銀しゃり」ということで！「家系ラーメン」のように、ご飯を海苔で巻いて、チャーシューをおかずに食べるってことかな？でも、今回の限定に使用する麺は切刃16番の中太麺ということで！通常の22番の中細麺とは違うということだったので！太さ違いの麺の食べ比べをしてみたかったので！「リッチな濃厚」と「和え玉」の食券を買おうとして、小型の券売機に千円札を差し入れると…戻ってきてしまう…もう一度、やっても、ダメ！それを見ていた郡山店主から…「千円札交換します。」と言われたんだけど…まだ、新札対応できていない券売機だったんだねこういうこともあるかと…最近は旧千円札を使用せずに、財布にキープしてあるので！旧札を２枚差し入れ…さらに100円玉を１枚入れて、「リッチな濃厚」と「和え玉」の食券を購入したけど…今日は、ちょっとリッチなランチになってしまったなお、そんなわけで、こちらの店では、千円札の旧札しか使えないので、ご注意願います。でも、注意と言ったって、もう、市中に流通しているのは新札が主流なので…郡山店主！流石に券売機、替えましょうよそして、これを機にキャッシュレス決済も対応できるようにしてもらえると…最近は、あまり、現金を持ち歩かなくなったので…食券を購入すると、郡山店主からテーブル席へと案内されそうになったので…せっかくなら、最後に宮澤店長とお話したかったし…そこで、カウンター席がいいこと…後ろにカップルのお客さんが並んでいるので、席を譲りたいと申し出て！食券を購入して、一旦、外に出て…カウンター席が空くのを待つことに…しかし、その４分後の13時には１席のみ空いたカウンター席へと案内されて️その５分後には宮澤店長のワンオペで作られたファイナル限定の「リッチな濃厚」が宮澤店長自らの手でサーブされた。「くりん豚」のロースの焼豚に！こちらも岩手県の特選SPF銘柄豚の「岩中豚」のももの焼豚にウデ肉の煮豚の３種類チャーシュー！こちらの店のトレードマークになっているレンコンに…メンマ、海苔、刻み玉ねぎ、九条ネギ、柚子がトッピングされたラーメンまずは、トロッと濃厚そうなスープをいただくと…煮干し煮干し煮干し「レギュラー濃厚を贅沢に焼きアゴとアゴ煮干をメインに炊きました」と宮澤店長がＸでポスしていたスープは…最後だからだと思うけど…高級な煮干しを惜しみなくぶち込んで作られていて煮干しが超濃厚でも、濃厚なのは煮干しだけではないよね！ゲンコツに鶏をベースに大量の煮干しを重ねたと思われるスープは動物系も濃厚そこで、宮澤店長に…「普通、濃厚煮干しって鶏豚のシャバめの鶏白湯に大量の煮干しを合わせるのに、豚骨強めですよね？」と聞くと…「豚骨ではなく、豚肉で出汁を取りました。」と話していて…それは豚の旨味強めに感じるよねって思ったしさらに、焼きアゴとアゴ煮干しメインということだったけど…いりこの旨味も強く感じられたので…「アゴだけじゃなく、いりこも強めに感じる！」と言うと…「伊吹いりこも使いました。」「焼き干しも使ってます。」なんていうので！「焼き干しは香味油に使ったんじゃないんですか？」と聞くと…「いや、スープにも使いました。」と言うので…「焼きアゴも高価だけど、それ以上に高い焼き干し使ったなら、それもポストすればよかったのに！」券売機に表示された1,800円という価格を見て…ちょっと、お高めにも感じられたけど焼きアゴに焼き干しもスープに使って、これだけ濃厚なスープを炊いたら…それはコスト掛かるよさらに、これは確かめてはいないけど…煮干しの旨味の他にビターさも、それなりに強く感じられるので、背黒と平子も使用しているよね！そして、これだけ焼きアゴを感じるゲンコツベースの濃厚煮干しスープといったら、十数年前に『中華ソバ伊吹』で、アゴ好きの常連客のマッスル松本さん向けに作った限定を食べて以来なんじゃないかな…あのころは、こんな濃厚煮干しスープのラーメンが、めっちゃ好きだったなこのスープをいただいて…そんなことが走馬灯のように思い出された…麺はタイマーで測って、２分10秒間茹でられた切刃16番の中太ストレート麺！なんで、いつもの三河屋製麺謹製の切刃22番の中細ストレートの低加水麺から替えたんだろうか？三河屋製麺の、この煮干しラーメン用に開発された麺は、淡麗から濃厚まで、あらゆる煮干しラーメンのスープにフィットする煮干しラーメン専門店が定番で使用する麺なのに…あえて、何で、この麺と思ったけど…豚の旨味が、これだけ強い豚骨煮干しスープだからか？この、なめらかで…ムチッ、もちっとした食感の加水率高めの中加水麺が、この濃厚豚骨煮干しスープと、いい感じに絡んでくれて、美味しく食べさせてくれたしそれに、この麺！小麦粉の旨味が感じられる美味しい麺だったので宮澤店長に、そんな麺の感想を話して…「これも三河屋製麺の麺？」と聞くと…「そうです。」「美味しいですよね、この麺」「新店でも、三河屋さんの麺を使おうと思ったんですけど、藤沢は配達範囲外で」「でも、菅野さんに作ってもらいます。」なんて話していたけど…「RAIKグループ」の３店のうち、煮干しに特化した『西永福の煮干箱』は「三河屋製麺」だったけど、鰹出汁の『BonitoSoupNoodleRAIK』と貝と鰹出汁の『CLAM＆BONITO貝節麺raik』は「菅野製麺所」だったしねトッピングされた３種類のチャーシューのうち、まず、「くりん豚」のロースの焼豚は…スモーキーな薫香が、まず、たまりませんそして、肉の赤身と脂身のバランスもよくて！肉質も上質で…噛む度に肉の旨味が迸る極上の味わいの焼豚で絶品そこで、宮澤店長に…「くりん豚、ヤバいですね」「めちゃめちゃ美味しい」と言うと…「そうでしょ！」「でも、部位にもよりますけど、高くて」「新店でも使いたかったんですけどね…」なんて話していたけど…では、「岩中豚」のももの焼豚にウデ肉の煮豚はというと…ももの焼豚は「くりん豚」の焼豚同様、まず、薫香が最高そして、こちらは赤身肉で、少し、噛み応えのある肉だったけど…でも、噛めば、肉の旨味がジュワッと出てくる…こちらも絶品の焼豚だったしただ、ウデ肉の煮豚は…特に可もなく不可もない、普通の煮豚だったかなメンマはシナコリな食感のもので…まずまずだったけど…できれば、淡麗な煮干しラーメンだったら、細めのコリコリ食感のメンマ！こんな濃厚な煮干しラーメンだったら、外はゴリッとカタくて、中はサクッとやわらかい食感の太メンマを合わせてもらえると…宮澤店主！新店では、ぜひ、ご一考のほど、よろしくお願いします‍♂️そうして、麺と具を食べ終えたところで…食べている途中で、宮澤店長にオーダーした「和え玉」が着丼！こちらは40秒で茹でられた、いつもの切刃22番の中細ストレートの低加水麺の上に…カットチャーシュー、刻みネギ、刻み玉ねぎ、バラ海苔、フライドオニオンが載せられたもの！普通だったら、麺の底のカエシと煮干し油と麺と具を混ぜ合わせて、「和え麺」として食べる。しかし、「和え麺」自体を、あまり好んで食べない人なのでまず、麺だけを残ったスープにつけて…「つけ麺」のようにしていただくと…スープ自体が濃厚だから…めっちゃ自然に、細麺の煮干しつけ麺を食べているようで、いいよねでも、やっぱり、こうかな！こうして、普通に「替え玉」のようにして、残ったスープにダイブさせて食べると…先ほどの中太麺はスープに合っていたし！あれはあれでいいと思ったけど…煮干しラーメンといったら、やっぱ、この麺だねカタくて、歯切れのいい…ザクパツな食感の麺が、やっぱり煮干しラーメンの麺って感じがして！最後まで美味しく完食藤沢の店のオープン日が決まったら、初日にお祝いに行くつもり♪ご馳走さまでした。大原が店長として、盛り上げてくれますので、引き続き、ご利用いただけますよう、よろしくお願いします！本当にありがとうございました！麺rabo万歳店主宮澤正秀pic.twitter.com/1K80SRwt8R—西永福の煮干箱(@westnibox)2025年7月7日メニュー：特製煮干らーめん…1400円／特製濃厚煮干らーめん…1400円煮干らーめん…1100円／特製濃厚煮干らーめん…1100円【宮澤店長ファイナル限定】リッチな濃厚…1800円和え玉…300円吊るし焼き焼豚…250円／味玉…150円／海苔…100円／玉ねぎ…100円／れんこん…50円／生卵…50円月見焼豚丼…450円／メンマ丼…350円／銀しゃり…150円生海苔ととろろの丼…450円",2
ガソリンスタンドで手洗い洗車中、時間が空いたので街ブラしていたら発見した一軒。店前の看板を見て「塩ラーメン」と決めて入店したものの、まさかの売り切れ…。気を取り直して醤油ラーメン 味玉入りを注文。スープは優しい味わいで、どこかコンソメのような風味も感じられる。とにかく食べやすかった！！思わず替え玉を注文！店内の雰囲気も良く、ゆったり過ごせる空間だった。街ブラのふとしたタイミングでも立ち寄りたくなるラーメン屋。近くに来たら、ぜひ一度行ってみてほしい！！⸻店名: Craft Ramen Bit△––––––––––––––△【営業時間】11:30〜15:0018:00〜22:00（※夜営業は不定／売り切れ次第終了の場合あり）※定休日：水曜日（※変動あり・事前確認推奨）【混雑状況】昼どきは賑わうことが多い売り切れ早めの場合あり【オススメ利用シーン】1人、ラーメン目的、街ブラ途中【注文】◆ 醤油ラーメン（味玉入り）◆ 替え玉,1
元気良くて気持ち良い。チャーシュー3種の醤油ラーメン。味玉トッピング。味玉は普通。チャーシューは‥普通？バラ肉は味がそんなに染みてない。スープは濃いめ。コクはイマイチ。麺はシコシコ系。ネギが強く香るラーメン。まぁ、まぁ。,0
"特製醤油ラーメン¥1,200+替玉1玉¥150特製のどぐろそば目当てで来ましたが、好評につき完売ということで残念ですが醤油ラーメンにしました。でもこれ旨いです。これはもう完全鶏ベースですね。青ネギが合います。チャーシューは鶏が4枚に豚2枚とで鶏の方はほんのり生姜が香ります。替玉すると麺の香りが強いことが良くわかりました。",0
"限定の生姜そば（チャーシュー・味玉トッピング）¥1,200を注文。生姜そばの麺は""くじら食堂""さんの特徴的なビラビラ麺ではなく、中太のゆるウェーブ麺でした。生姜がしっかりと主張しながらも強すぎない、バランスよいスープとなってます。チャーシューのしっとり感と、味玉の黄身の加減もバッチリです。限定なので一度は食べておきたい一杯です。個人的にはビラビラ麺でも味わってみたいですね。ご馳走様でした！",1
二週続けての訪問。今回は濃厚つけ麺にしてみました。よくある魚介系ベースではなく、動物系ベースのコクのあるスープ。最後は割りスープで最後まで楽しみました。塩ラーメン→カレーつけ麺→濃厚つけ麺と食べましたが、どれもレベルが高く、次回は醤油へチャレンジ！一緒に行った妻は、毎度塩ラーメンに悶絶です。,1
平日19時頃訪問。見た目はかなり豪華。チャーシュー数枚に温玉もやしと青ネギが山盛りでボリューム感はしっかりある。大盛り無料なのはありがたい。ただ、味は正直「普通」という印象。味噌ダレはコクはあるけど、特製というほどのインパクトは感じず。油そばらしいジャンク感もそこまで強くないのでパンチを期待すると少し物足りないかもしれない。チャーシューも悪くないが全体として突出した個性は感じにくい。温玉を崩して混ぜるとまろやかにはなるが味の方向性が大きく変わるわけではない。ボリューム重視・安定志向ならアリ。「ここじゃなきゃ」という決め手は弱め。,1
久々の心の味製麺。６年ぶりぐらいだろうか。一家で訪問。濃厚特製魚介豚骨つけめん（1400円）とジャンボ餃子4個（800円）をポチっと。キリッとしまった美しいフォルムの太麺。やっぱり美味いなぁ。これを食べると、他のを選べなくなる。が、今日は息子があっさり特製つけめんを頼んでいた。一口もらったが、酸味のあるつけだれが美味。こっちも魅力的だ。ジャンボ餃子は肉汁ほとばしる。食べにくいが、こちらも良し。気を良くして、年末用にチャーシュー700g（3000円）も予約。ご無沙汰してしまったが、もっと行くべき店だな。,0
荻窪の教会通りの途中にある古いお店をリノベーションして営業しているお店。周囲の雰囲気、お店の雰囲気が素晴らしい。店内も清潔で、出てくるラーメンへの期待も高まる。注文したのは瀬戸内しょうゆらーめん＋ワンタン（1580円）。雑味がなく、キレとコクのあるスープは品があって美味しい。チャーシューのあぶり具合もいい感じで柔らかくジューシー。スープと麵の相性も良く完食。オーナーがひとりで調理しているっぽいので、あまり混まないといいな。また行きたい。,0
今回紹介するお店は全国でも知る伝説的家系ラーメン吉村家、本牧家、六角家の3店が「家系御三家」その六角家本店で修行した店主が吉祥寺にオープンさせたのが「洞くつ家」へ初訪問してきたので紹介します場所はJR中央線吉祥寺駅から徒歩約5分ぐらいの場所に有ります駐車場は無いので近くのコインパーキングへ店内に入り食券機で購入し空いてるカウンター席へ案内今回はらーめんを注文家（いえ）系ラーメンと言えば、油の量、味の濃さ、麺の茹で加減を自分好みにカスタマイズするので味の濃さ：普通油の量　：普通麺の固さ：かため待つこと数分で登場　豚骨と鶏ガラを焚いた白濁スープに太いストレート麺ここはライスは別に注文と珍しい薬味を入れ味変を楽しみながら美味しく頂きました～,1
煮干し醤油が好みじゃないと再確認できたんだがでもやっぱりまだ煮干しチャレンジしてみたくて変な時間にお腹がすいたので遅めのランチにずーっと気になってたここへ平日でも何時でも並んでるイメージだったけどたまたまタイミングよかったのか並びなし先客も2名のみ後半しばし貸し切りで後客1名✔ワンタン麺￥1380なんか丼デカい？多い？wスープあっさり煮干しの香りほんのり今まで食べた煮干しで一番上品な感じ普通に美味しい気がするけどちょっとぬるいかもでもやっぱり違うかもなーである味も見た目もシンプル胡椒いれるといーかんじ胡椒が初めてみる赤っぽい缶の色白黒のミックスらしい！こんなのあるの知らなかった！いいね！麺かたなのでいーかんじあまり好きじゃない細麺だけど（個人的イメージでは極細麺サイズ）普通に美味しいかも製麺コーナーあったから自家製なんだねーチャーシューも普通に美味しい海苔は特にいらないw ワンタンはギュギュッとつまってる感じジューシーさはなし最後に生姜の香りと味が〜レンゲにのせて酢や辣油をかけて楽しむ卓上に謎なものがあって投入してみたら揚げネギ？揚げにんにく？みっくすのやーつコレいれたら全然味わい変わったなー煮干しの香り味わい消えぎみー全体的に普通に美味しかったけどなんか量おおいかも？もうちょい麺すくなめワンタン2〜3個でいいかな関東人がすきな「支那そば」てこーゆー感じ？大絶賛がゆえに評価3.77なのだろう‥しかし￥1380はお高いようなラーメンマニアじゃない親方にはめっちゃ高級ラーメンであるwそしてやはり煮干し醤油はやっぱり好みじゃないのかも高いのは美味しいかも！とチャレンジしてみたが‥あとスタッフさんたちの業者？さんへの視線？対応？が気になったあんまくよくない雰囲気もしかしたら業者さんに原因があるのかもだがつぎは全然違うタイプだけど隣駅の「無冠」にチャレンジしようw「魯珈」のカレーも何故か食べたくなったwこんな美味しいのにこのお値段なの？！に出会いたいwこのお値段でこんな感じかあ‥ではなく美味しいもの食べて感動したい！,2
"麺屋一燈@新小岩--information -------------------------------------住所:東京都葛飾区東新小岩1-4-17 最寄:JR新小岩駅徒歩3分予算:1,200円～営業時間:11:00 - 15:00、18:00 - 21:00定休日:ー評価:食べログ3.79、百名店(投稿時)--menu --------------------------------------------・チャーシュー濃厚魚介つけ麺　1,750円・燻製半熟煮玉子　　　　　　　    150円-----------------------------------------------------新小岩にある人気つけ麺店です。「ラーメンで人を幸せにしたい」というコンセプトのもと、開業以来行列が絶えず全国のつけ麺ファンから愛され食べログ百名店も獲得しています。テーブルチェックから予約しておくと優先的に早く案内を受けられます。月曜日の19時くらいに訪問。先客が10人ほど並んでいました。この日は、自分も含めテーブルチェックで予約済の人はなし。待つこと20分ほどで店内へ。店内は、カウンター席のみ11席。チャーシュー濃厚魚介つけ麺(1,750円)と燻製半熟煮玉子(150円)を注文。先に調理されており、席に着くと、すぐに提供されました。つけ汁は、13時間かけて高濃度に炊き上げた鶏白湯に5種の魚介と甲殻類を合わせて作るつけ汁。海苔、メンマ、鶏団子もつけ汁に入っています。濃厚ながらしつこさはなく、熱々なのも良かったです。麺は、こだわりのブレンド小麦で作られる自家製の全粒粉入り極太ストレート麺。ほどよくコシがある麺で、小麦の香りも感じられます。チャーシューは3種類が2枚ずつでどれも美味しく半熟味玉は、スモーキーで、一段と奥行きのある味わい。トッピングも素晴らしく全体として完成度の高い一杯でした。美味しかったです。ご馳走さまでした！",2
土曜日午後2時ごろ訪店。並びは5人。タイミングよく、先客が多く退店したため、5分ほどで入店できた。注文したのは煮干鶏そば900円。純粋な濃厚鶏そばもあるが、併せ出汁を味わってみたい。スープは芳醇でとてもおいしい。麺は細麺で替え玉ができる。鶏チャーシューも抜群にうまい。,0
荻窪駅から徒歩7分程、教会通りにあるラーメン屋さん。出汁が効いてスープを飲み干したかったくらい美味しかったです。寒くて今回は断念しましたが、夏はかき氷も一緒にいただきたいです！本日のおすすめラーメン、芹の醤油ラーメンも気になりました。,0
13:45頃 再訪。事前にTableCheckにて14:00枠を予約済。15分前に到着し店内の券売機にて食券を購入先渡し、麺は「手もみ」でお願いし再度外待ち待機。13:50声が掛かりL字型カウンター席の道路側ドセンへ。岩田店主＆お母様＆妹さんの3名体制でのゆったり和やか営業です。妹さんにお会いするのは昨年の10月以来、実に4ヶ月ぶり…^^;着席後8分ほどで着丼です。先ずはスープを一口…赤褐色の表層にキラキラ浮かぶ大小の油玉のコクとジンワリと蜆を感じる出汁と赤だし味噌が絶妙なバランスで調和した、塩味が程好くキリッと効いた大変美味しい適温熱々のスゥ〜ッと身体に染み渡る赤だし蜆味噌スープです^^茹で直前に確りと手もみされた縮れ太麺はムッチリ高弾力で小麦の密度高く咀嚼すれば確りと小麦が香り、赤だしスープに負けない存在感のある大変美味しい麺が口内でマリアージュして堪らなく美味しく啜れます♪都度手切りされるチョイ厚カットのレア＆ローストの2種豚チャーは柔らかで肉々しい仕上がりのもの、コリッと歯応えで香り良いメンマ、ジャンボなめこは赤だし味噌スープに合わないはずがなく増したいくらい、味玉は黄身濃厚鮮やかなオレンジ色した絶妙なシットリネットリゼリー状で、何れも秀逸な具材達でした^^シャキシャキ白ネギ＆三つ葉が共に香り高くナイスアクセントで麺に絡めてジックリと味わいながら堪能し、スープをレンゲで掬えるところまで掬い大変美味しく完食・完飲です。しじみ赤だしスープ＆縮れ麺＆ジャンボなめこがマッチする自分好みの堪らなく美味しい逸杯^^!退店時には確りと見送られ気分良く退店♪また来ます^^ごちそうさまでした！蛇足退店してから少しするとスマホに着信があり表示は「宍道湖しじみ中華蕎麦 琥珀 東京本店」でビックリ、何か忘れ物でもしたかな?!と電話に出ると妹さんで「食券購入した時にお釣り取り忘れてましたよね?!」と言われ…2000円投入してお釣りの500円を取り忘れており、言われなければ全く気づいておらず、次回の来店までデポジットしてもらいました…スミマセン^^;,2
東京出張ランチ。2026/2とある平日。蒲田『煮干しつけ麺 宮元』さん。帰阪前に蒲田の名店へ初訪問です。12:05  到着。先に食券購入。外待ち5番目で接続。12:20  入店。着席。12:25  つけ麺到着。12:40  退店。特製極濃煮干しつけ麺  1530円特盛り  300円合計  1800円まずは、つけ麺のいつものルーチンで麺を素で楽しみます。ストレート極太麺は冷水でしめられ、しっかり＆しっとりした食感で食べ応えあります。好みの麺です。さて、つけ汁です。想像をはるかに超えるニボニボなスープです。恐らく、この味わいのニボニボつけ汁は初めて食べるタイプです。せっかくなので特製をオーダーしましたが、味玉とチャーシュー三昧で食べ応えありました。しかし、麺量を450gの特盛にしましたが、麺が好みなので、なんとか完食できたものの、大盛りが私の適量かとわかりました。ごちそうさまでした。まだまだニボニボ修行がたりないのがわかりました。#煮干しつけ麺宮元#蒲田,2
休日のお昼時に向かうと、並ぶことを覚悟してましたが、なんと並ばす入れました。（その奥にはジャンカラに外国人観光客の大行列があるので、ぱっと見少しビビりますw）名物の鴨そばは、濃厚白鶏スープと中太の麺が絡み合って、美味しかったです。トッピングの鴨チャーシューと卵もとても美味しい。並ばすにこのクオリティのラーメンが食べれるのは珍しいかも。,0
昔々、松戸でワンタンとラーメンを頂いた記憶が鮮明に残っていて、いつか店舗さんに伺って心ゆくまで堪能したいと思っていたら、あれよあれよと言う間に超有名店の仲間入り。予約も数分で無くなる勢いに圧倒されています。ただ本日、都内でも雪が舞った。皆さん尻込みしたのか、予約のおはちが自分のところに回ってきた。注文は　奈つやのもちもち雲呑味玉中華そば　ライス　黒ラベル黒ラベルにおつまみを付けてくれる。これは嬉しい！ただ、、、残念ながらラーメンに入れる予定の味玉は売り切れになってしまったらしく、返金して頂きました。海苔を1枚サービスして下さいました。いかにも個人店さんらしい。最初のひと口目の衝撃に備えて、スープを口に運んだのですが、、、びっくりΣ(ﾟдﾟ|||)旨すぎる！！鼻へ抜けていく魚介の旨みに元気が有る。苦味から苦さを抜いたような旨みの衝撃が走る。これはあの時、松戸で啜らせて貰った一杯の数倍、数十倍上だ。雲呑はかなり肉が多い印象です。生姜の強弱が狙ってか偶然か、、、とにかく旨い。ライスはご飯が好きなんですって炊き上がりをしているし、ご飯粒が旨い！満足！満足！大、満足！ごちそうさまでした。,2
以前いただいたラーメンを、今食べたらどう感じるのだろうかと、過去巡り歩いたお店を暫くぶりに訪問しているこのところの週末。燦々斗さんは、なんと10年ぶり2回目。夜2時間半のみの営業ゆえ、夜は自由があまりない私には訪問難易度の高いお店。かなり年数が経っており、私の味覚も好みも変わっているだろう。JR京浜東北線 東十条駅 北口西側を出て、階段を降りず、坂道を下って直ぐ右手。土曜日の17:30着で先待ち2名、開店時は15名程。定刻より早めのオープンに感謝。券売機でらーめん 900円を店内はカウンター8席。10年前と変わらずジュリーが流れる昭和な世界。このご時世、カサブランカダンディの歌詞なんで完全アウトだろうなぁ。女将さんの「いらっしゃいまっせ」のご挨拶も変わらず、時の流れが止まったような気さえする。らーめん〈スープ〉豚骨と魚介の所謂「またおま系」で括っては失礼な、魚介が立った繊細かつ滋味深い、とても、とても美味しいスープ。なんだろう、前回の記録でも「かなり美味しかった」と記しているのだけど、ちょっと別のステージの美味しさ。〈麺〉加水高め・中太・丸・ストレート。ツルっと、モチっとって言うのは、こういう麺のことなんだよ、そんな囁きが耳元で聞こえて来そうな食感に加え、麺の風味もしっかり感じられ、心地よい甘さが鼻腔を抜けて行く。隣の2人組がラーメンと油そばの連食をしていて、なるほど納得、いや、羨ましい。〈トッピング〉焼豚・メンマ・かいわれ・長葱。焼豚は肩ロース、レア感が残り、しっとりして柔らかく、旨みも豊か。メンマも柔らかく程よい味付け。ここ数年で最も沁みる一杯。こうやってレビューを記しているが、食べてる間は言葉にできない至福の時間。どうもご馳走様です。帰りの京浜東北線でもまだ余韻が続く。また是非。有り難うございます。,2
土曜日の13:30頃に訪問。都内は雪がパラつくかなりの冷え込みだった影響もあるかもしれませんが、1席だけ空きがあり待ちなしで入店できました。濃厚煮干蕎麦に加えて、さっぱり食べたいので黒酢和え玉（350円）を注文。着席から10分程での提供でした。評判通り、かなーり濃厚な煮干でありながらエグ味を感じさせない見事な一品です。麺もパツパツの細麺で、これぞ煮干蕎麦といった面持ち。ただ、玉ねぎは少し辛味が残っており、その点は個人的にマイナス。黒酢和え玉はさっぱりとして、〆にピッタリですね。そのまま味わうも良し、残ったスープをかけても良し、です。また機会があれば、オーソドックスな煮干蕎麦や特濃にもチャレンジしてみたいです。,1
19:10に並び始めて、20:20に食べ始められました。7組くらいが前に並んでいました。食べ終わっても同じくらい人が並んでいたので、どの時間帯でも待ち時間は１時間くらいなのかな？他の方の口コミでつけ麺が綺麗だったので特製醤油のつけ麺をいただきました。まずは麺だけでいただきましたが、このまま食べきれそうなくらい美味しかったです。チャーシューは5種くらいと多めでした。,2
美味しい味噌ラーメンを探してたら出てきたのがこちら。仕事の合間に伺いました。学生の街のど真ん中、若めの男性中心の客層で1930ぐらいで少し並び待ちします。メニューは一択！トッピングと量の調整以外に選択肢はありません。待ち侘びたラーメンとご対面。確かに噂通り汁がないまぜそばスタイル。餡がこれでもか！というぐらい味のしそうな色してます。一口食べてみると、ガツン！！と美味い！！！学生の頃に街にこの店があったら癖になるだろうな、、、という、他では味わえない唯一無二な味です。一心不乱に麺を啜って完食。太めの麺がもちもちで味もしっかりしてて美味かったなぁ。餡にもニンニクが入ってるので追加しなくて良かったなぁ、ぐらいしか後悔のない、めちゃくちゃ美味しい食事でした。,1
"ランチで千駄ヶ谷へ。今日は「ラーメンだな」と思いながら歩いていて、気づいたら足が向いていたのが“ラーメンの店 ホープ軒 千駄ヶ谷店”さんでした。説明するまでもない有名店ですが、改めて見るとやっぱりこの黄色い外観は目立ちますね。入口すぐの券売機はキャッシュレス対応。こういうところが今どきでありがたいです。店内はカウンター中心。1階と2階があり1階が立ち食い2階が座って食べれるようです！回転もよく、ひとりでも入りやすい空気感。たのみましたのは・ネギラーメン（1,300円）運ばれてきたて、まず思ったのは「あ、これこれ」という安心感。背脂がしっかり浮いたスープに、白髪ネギがたっぷり。見慣れているはずなのに、毎回ちょっとテンションが上がります！背脂の存在感はありますが、塩気が前に出すぎず、どこか落ち着いた味わい。「濃い」というより、「ちゃんと力がある」という印象です。【白髪ネギ】はシャキッとした歯触りで、スープの中でも埋もれない存在。卓上の刻み長ネギとはまた別物で、ネギラーメンを選ぶ理由がはっきりしています。【麺】はおなじみの中細ストレート。スープをしっかり抱え込みながら、口に運びやすい長さ。卓上には唐辛子や調味料が並び、途中で味を少しだけ変えられるのも楽しいところ。店内を見渡すと、常連さんらしき方も多く、この空気感も含めて、ホープ軒らしさなのだと思います。今回はネギラーメンでしたが、次はスタンダードなラーメンに戻るのもいいし、また同じものを選んでしまう気もしています。ふらっと立ち寄って、きちんと満たされる。千駄ヶ谷でラーメンを思い出したら、やっぱりここになりますね！",1
今年初めての訪問です。やはりニンニクを入れたいと思って行く前から決めていました。ラーメン麺半分、野菜マシマシ、ニンニク、づけあぶら，辛たま。980円だったかな。店にはいつも店員募集の張り紙がある。どこも人手不足。,0
"桜上水 船越（東京・桜上水）　ほぼ1年ぶり、煮干しの日にこちらの限定ラーメン 中華麺-節と煮干の醤油 -を食べに行く13:42到着　C列まで並んでる14:00回って外待ち22番目現在、塩のみで、醤油は2024年12月末で終売している。そんな中、限定ラーメンで中華麺をやっていてしかも醤油！食べてみたいと密かに狙ってました。平日にふらっと行けないので、並び覚悟で土曜日に行ってきました15:07ようやく、券売機で発券ここまで85分経過券売機が新しくなって、キャッシュレスオンリーになってます▼食券--------------------------------限定ラーメン中華麺 -節と煮干の醤油 -¥1,600特製中華麺（中）瓶ビール小瓶・おつまみ付き¥550にするメニュー◯塩中華そば●限定麺この日3軒目なので、中華麺（並）にする予定だったけど、待ってる間になんかいけそうなので特製と麺量は中にしました。平日じゃ出来なかった、船越さん飲み小瓶だけど、セルフで瓶を開栓して、冷えたコップ持って、着席する。これ何気に好きなんですおつまみ付きで最高なんだけど、中華そばと瓶ビール・おつまみ付き店に認定です限定ラーメン中華麺は醤油！船越さんの醤油久しぶり過ぎる。しかも、節と煮干の醤油下丸子の奈つやさんと比べちゃいますよね麺も、ストレート細麺のにゅーめん柚子皮が彩りでいいですね特製は圧巻のチャーシューたちボッコボコ入ってます皮ワンタン生たまご（溶いて、好みでお酢と辣油）麺をつけ麺にして食べる。スープと合わせた方が美味しさ増します。いやーこれは圧巻の醤油！中華麺でした。限定ラーメンなので、食べれなくなるのが寂しいですが、次回の限定麺も楽しみにしよう。完飲完食です。ご馳走様でした15:48退店所要時間:126分----------------2026年 57杯目----------------過去の投稿はこちらから@ramen_shin_blog 良かったら覗いてみてください。フォロー・コメント大歓迎です#ラーメン日記 #桜上水船越 #中華麺 #中華そばと瓶ビール #限定ラーメン",2
"東京出張のスタートに、東京駅のラーメンストリートへ13時半頃の訪問、待ち一組、食券買って、表の店員さんへ渡してしばし待ち。オーダーは、味玉醤油らーめん1,200円5分ほどで案内され、着席後は3分ほどで着丼ビジュは「ザ・ラーメン」って感じですスープからはただならぬ鶏出汁の香りが漂います。一口目は結構、天草大王の風味がガーッてきます。それに負けずに醤油も強いですね、キレのある生醤油で味わい濃いめで美味い！麺は細めストレートでツルシコタイプ、スープがしっかり絡んで美味しい。　途中から卓上のフライトエシャロットを入れて、これが気に入って沢山入れて、なお美味しい！　あっという間に完食、ごちそうさまでした食後の爪楊枝にはミントが塗ってありました。「なんかスースーするな〜」て先っぽを見たら緑色になってて汗　ちょっとビックリしましたが、こんな気遣いも嬉しいですね。",1
かなりご無沙汰だった『志奈そば田なか』さん。近い割に行動の範囲外なのでなかなか機会がありませんでした。この日は、『重濃煮干しそば』950円をチョイス。期待が膨らみます。10年以上前に日替わりで『重濃鯵ニボそば』であってるかな？っのをやっていて食べてみてとっても美味しかったので注文したというわけです。結果、美味しいには美味しいのででしょうけど、全てが少しずつずれてる気がしました。作り手の方と田中さんの本来提供したいであろう味がちょっとしたボタンの掛け違いで全く別物になっているような。感じ？何様でもないので偉そうですが。少なくともこの日のあのラーメンはそういう感じがしました。田中さんが、あれでベストと言うのなら全然問題ないのですが。あとは、それが私には合わなかったというだけのはなし。やはり、個人店のお店でその大将に惚れている人々としてはその大将が不在であると足が遠のくひとつの要因にならざるを得ないということを肌で感じた日でした。,0
朝、昼食べてなかったのでついつい頼みすぎてしまいましたボリューム結構あってお腹いっぱいになりました肉そば　なんか喜多方ラーメンに味が似ていて美味しかった　あっさりしててスープまでいけそうな感じでした肉そばの名前通りに、チャーシューが一面に、、、幸せ麺もスープも美味しかったやっぱ、あっさり系のラーメンが一番好き今回、特製肉飯も頼みましたが、普通の人なら、特製肉飯無くても十分満足感選べます　もうそんな食えなくなってるのに脳がまだ若いままなんだよなぁ駐車場が何台も停めるところがあるので車で行く人は非常に便利更に支払いに交通系IC使えるの非常にGOODです,1
"ランチに入店。実はハシゴしてきました。12時前なのに、ほぼ満席。背脂醤油生姜ラーメン　980円也食券機では塩の方が上にあったのですが、口コミであった煮干し系のワードに惹かれ、背脂醤油をチョイス。ワンオペです。でも、すこぶる手際良いです！見てて気持ちいい。待つこと7.8分で着丼。おぉ、手打ち風のちぢれ麺ですな。まずはスープを一口。なるほど、確かに生姜を感じる。ただ、強過ぎるわけではなく、常に奥にいるな、って感じ。背脂があるのにサッパリ食べられる。気になっていたチャーシューをかじると、これが美味しい！最後揚げてるのか、炙ってるのかわからないけど、皮目がパリッとしてて香ばしい。チャーシューよりも上質なチキンに近い。それが2枚も入っている至福。麺は手打ち風に全粒粉入り。喉ごしが良くて、実にスープに合いますね。麺量も多く、それなりなのでは？途中で胡椒やニボ酢で味変も楽しみながら、空腹ではなかったのに、あっという間に完食。後からどんどん来客があります。ワンオペ、マジですごいわ。このラーメンが1,000円切るんだなぁ。コスパ高いっす。美味しかった！！",0
"担々麺 1,200円イカ煮干し和え玉 300円土曜日10時35分、開店待ち無し。開店時で7人待ち、11時10分着丼。2026年の初回訪問。■マイルドな辛痺担々スープ■小麦感を強めに感じる中細ストレート麺■ビターで美味しいイカ煮干し和え玉丁寧なお仕事を感じる限定の美味しい一杯。ご馳走さまでした。",0
週末のお昼過ぎに1名で訪問。待ちなくカウンターに入れましたが、かなり賑わってました。名前の通り食堂のような雰囲気で、昼飲みを楽しんでいるお客様も多い印象。チャーシューメンと卵かけご飯を注文。想像通りの味ながら本格的で、麺がもちもちで美味しい。つまみもあるので、次は飲みに来たい。,1
家族で家づくりのショールーム見学に目黒へ。たまたま美味しそうなラーメン発見。駐車場は隣に有りますが高いですね。スープは魚介の香りが印象的。麺は正直あまり好きなタイプではなかったですが、美味しかったです。チャーシューが美味い。青ネギのアクセントも良かったです。ワンタンは言うまでもありません。家族みんな満足でした。,2
ラーメン一杯500円からという高尾さん。コスパエグいです。企業努力に頭が下がりますね。チャーシューワンタンメンを注文！常連さんが多く、温かい空気感の店内。大将は常連さんみんなに愛されているのが分かります。到着したラーメンもなんだか昔懐かしい感じ。鶏？や香味野菜のダシが出ている優しいスープ！チャーシューはしっとりしつつ噛みごたえあり！ワンタンがぶりんぶりんにデカい！wそして美味い！中太ストレートの自家製麺も絶品です。大盛りにしましたが、想像の倍くらいの大盛り加減です。胃袋パンパンになります！w量的にも素晴らしいコスパ。何度でも通いたくなる名店です。ご馳走様でした！,0
昼にしば田さんを食べてスーパー銭湯で休憩して腹減らして夜営業のPP狙いで行きました。注文は限定のBig Duck Noodle鴨が1枚入っている。食べ応え抜群です。ベースのスープは塩なのでさっぱりイケます。相方は初の白醤油食べてましたが、ポテンシャル高くて感動してました。麺も美味しいので、混ぜそばも旨いのでまた来たいと思います。しば田さんでも炊き込みご飯食べましてタイプが違いますがどちらも美味しかったです。ごちそうさまでした。また来ます。,2
昨夜飲み過ぎたのでさっぱりしたものが良いなとか考えながら、お店を覗いたら列もないしラッキーと思い券売機で購入しました。12時30分くらいで先客3名で、いつも並んでるのに、こんな日もあるんだと思いながら待ちます。着丼して肉、麺の量に満足してスープを飲みます。さっぱりしていて生姜のアクセントが効いて美味しいです。肉も麺も美味。ただ1年くらい前に食べた時より感動がなかったかな。それは二日酔いだからか？ご馳走さまでした。,1
. ——————————————————☑︎ 店名 #麺や 河野☑︎ ﾒﾆｭｰ #R-20テキーラら～めん下赤塚（東京都板橋区⁡——————————————————2010年創業 麺や七彩 さん 出身なので手打ち麺が魅力的なお店✨⁡⁡2018年に現場の地下鉄赤塚駅近くに移転⁡⁡⁡【 R-20テキーラら～めん 】⁡テキーラ協会も劇認という一杯完全にお酒メニューで運転手、未成年には禁断のラーメンです⁡⁡麺を抜けばお酒の香りが強烈にフワッとこれだけでもう酔いそう喉元を通り胸の辺りが熱くなりますその後に出汁の厚み、塩味が過ぎていくセンセーショナルなラーメンにびっくり⁡⁡パクチーの香り × ライムの清涼感はエスニックでアジアンエッセンスをすごく感じる面白い一杯‼︎チリパウダーを合わせたチャーシューはお酒が馴染んだスープとよく合い、手打ち麺は最高ですね☺️⁡⁡お店を出る頃にはポカポカ良い気分でその後はあまり覚えてないかも⁡⁡#ゆれる暖簾シリーズ#東京らーめん#板橋区らーめん⁡★★★★★★★★★★★★★★,0
お昼が過ぎて、遅めのランチになったのですがラーメンを食べに交通会館まで来ました。いつも、相当並んでいますが、今日は二人目でした。直ぐに席に着けて、和風柚子ラーメンを注文。魚介系の和風出汁の香りとスッキリした柚子の香りが絶妙で、透明感のあるラーメンです。麺も私好みの固めで、麺とスープ、柚子の香りの相性が抜群でした。久々ですが、ここのラーメンは美味しいです。,2
滅多にない(水)午前移動の出張に乗じて。開店15分前、一番乗り、旗艦の一杯と限定3食の品を。凄い鶏出汁、塩味ジャスト、雑味なく、表情が映り変わる旨いスープ。弾力ある細麺、芳醇なチャーシュー、しっかりとした味玉はそれぞれで存在感抜群。サイコロつるし焼豚たっぷりの茶飯は食すべき逸品。行けて良かった、ご馳走様でした。,2
ずっと食べたかったお店の『くろ喜』さんに朝食と昼食を兼ねて訪問。魅力的なメニューは沢山ありますが、最初から決めていた『特製塩』と『名物焼売2個』をタッチパネルで購入。開店時間に案内され着席すると早速『焼売2個』が提供されました。普段見慣れた焼売サイズの3倍はありそうな大きさで生姜が上に載っていて期待してしまうビジュアル。大きいので箸で割ってみるとパンパンに肉が詰まっていて美味そうだったので、すぐに一口。肉の旨味がすごいけど味付けが優しく、素材の旨味がダイレクトにきてメチャクチャ美味い。卓上のタレを付けてみましたが、こちらも美味しいけど何も付けなくても満足する一品。2個注文して正解でした。焼売を食べ終えてからラーメンが着丼。想定よりも大きな丼でボリューミー。さすが特製という感じのチャーシュー達、煮卵、ワンタン、ほうれん草、ドライトマトと数々のトッピング類の配置。そして綺麗なスープがやはり気になります。スープから一口。あっさりしていて塩味もかなり抑えられているけれど全く物足りなさを感じない旨味が押し寄せてきます。麺は太手揉み麺で独特の柔らかい口当たりともっちり感もあって、食べたことがない麺でメチャクチャ美味い。チャーシューは、豚、鶏、鴨と種類が豊富で部位も様々。調理や食感などの違いがありますがそれぞれクオリティーが高くて、美味しい肉料理が楽しめます。その他の肉団子、ワンタンや煮卵、ほうれん草、メンマと豪華なトッピングが変化をつけてくれます。終盤にドライトマト上の刻みタマネギ、バジル、生胡椒をスープに溶かして風味をつけると違う印象のスープになってビックリ。トマトの酸味も変化をつけてくれて、最後まで驚きがあって大満足で完飲完食しました。食後は幸福感に満たされて、ご馳走を食べた感覚になるぐらいレベルの違うラーメンを食べて最高の気分でした。必ず再訪します。ご馳走様でした。,2
さすが日暮里！美味しい麺激戦エリアのひとつであり、かつ、1000円未満、いえ、900円未満の食べログ高評価ラーメンがいただけるなんて！もはや都内23区内ではレアですよね！今日はいつもの後輩女子ではなく後輩男子クンと日暮里駅で仕事終わり。後輩クンは、ちゃんと奥様とお子さんのいる家庭でお夕食。でも、「ちょっと小腹減りましたね」。そうそう！ワタシもちょっと小腹が減っていたところ！　しかも、せっかく美味しい麺の激戦エリア日暮里に来たのに、このまま家に帰るなんて、もったいない！と思っていたところでした！後輩男子クンのラーメンの好みを尋ねると、「しっぽり温まれるさっぱり系が、いいっス」と。なるほどなるほど。後輩女子と真逆の好みなのね。それならば、こちら！　日暮里駅から徒歩３分。隠れ家路地裏にあって、なかなか気づかない「ぶらり」さん。もちろん鶏白湯がとてもとても美味しいのですが、今回は敢えて鶏そば！　870円というお値段には感謝しかない！　こんなに美味しくて、クオリティ高い鶏そばがこのお値段！　都内のみなさん朗報すぎ！お味はもちろん、「しっぽり温まれる、さっぱり系」ぴったり！　ワタシも久しぶりにいただきましたが、いやーこれ、冬にいただくと嬉しくなるラーメンですね！後輩男子クンからは「感動しました！」と！なんと嬉しいコトバ！　連れてきた甲斐がありましたー♪,0
休日の昼から大手町にいてラーメン食べたかったのでこの辺りで評判が良さそうなこちらへ。ご存知松戸富田の支店？なのかな。14時でも並んでました。オペレーションが完璧で手際良いがそれ以外は特に普通な感じ。。 麺が格別美味いわけでもないし、スープも冷たいし、まぁインバウンド向けなのかな。これに並ぶなら三田製麺所で良いと思います,1
前日にお酒を飲み過ぎたため、この日は体が「用心棒 本号」のラーメンを欲しており、訪問してきました。いつものパターン。土曜18時48分に1名で現地到着。店内並び3名、ですが、先頭2名が2つ並びの席を待っているだけで、店内には人数分の空きは既にありました。食券機で以下を購入。・ラーメン 普通 300g 980円・ねぎだく 140円合計金額は1120円。支払い方法は現金のみ。3分ほどで席に案内されます。食券に、卓上の赤いペンを使って以下のように記入。・ヤサイ → W・ニンニク → 無・ショウガ → W・ヅケアブラ → W・辛玉 → WW (ダブル) というのは「マシマシ」を意味します。料理が出るまで待つこと15分。ヤサイマシマシ、いつもより少なめかな？一方で、ヅケアブラマシマシは、前回よりも大量に。これはいいですね。ヅケアブラ、色味が濃くなった？ 味も少し変わったような。スープは、以前よりも非乳化寄りになってきている気がしますが、それでもなおやさしい味。まんまるのホロホロ豚はいつもどおり美味。今回は、ちょっと大きめのピースでした。ラッキー。ショウガマシマシ、辛玉マシマシって、ちょっと嬉しい。食券記入方式になり、注文しやすくなりました。スープまで完食。ごちそうさまでした。,0
カッパ64で代表的なメニューをどうしても食べたくて訪問。到着13時00分日曜日の午後は並びも多く、八名待ち。グループとしては3グループ待ちでした。30分寒い中で待ってやっと入店。券売機でトマトラーメンとチーズご飯　1250円見た目はパスタとラーメン…味もトマトがバッチリ効いたラーメン。唯一無二のラーメンで、美味しくいただきました。チーズご飯は残ったスープに混ぜてトマトリゾットにしてスープも完飲。また食べたくなったら来ようと思いました,1
2026/2/2（月）17:48着 店内は半分ほど埋まっています。 店頭の券売機にて食券を購入してお好みを伝えて指定された席へ今日のオーダーは以下の通り・革新家スペシャル　1450円・ガリガリ肉玉丼　450円支払い方法は現金と交通系ICカードpaypayなどの電子決済不可紙エプロンはスタッフさんに確認していただきもらえました！ありがたい！お好みは選べますが多めなどの原材料がかかるタイプは不可これは悲しい最近の原材料高騰のせいなのかどこもお店は大変そうですね…今回はカタメのみをオーダー■革新家スペシャルスペシャルの主な具材は以下の通り・ももチャーシュー　2枚・豚バラチャーシュー　1枚・海苔　4枚・半熟玉子　1個・小松菜ももは柔らかくて美味しいですがバラはかなりの薄切りで少し残念スープは家系としてはかなりライトで食べやすい！　　麺は家系おなじみの短め平打ち麺卓上の調味料も豊富で味変が楽しくつい完飲してしまいそうになるほど！■ガリガリ肉玉丼見るからに濃厚な卵黄とガーリックの風味が豊かなチャーシュー丼ですニンニクチップを砕いたものが乗っており噛むたびにカリカリと良い歯ごたえがありゴロゴロチャーシューとの相性も良く背徳的な味ラーメンにも負けないパンチのあるサイドメニューなので満足感があります！　これはぜひまた食べたいですね！ごちそうさまでした！,0
松麺+全部乗せ1200円特製が200円はありがたいですね〜特製にしない手はないです感じの良い店主さんが元気良くラーメンを作っています常連さんとの会話も楽しそう運ばれてきたラーメンは、鰹の効いた魚介豚骨醤油で、とっても美味しい太麺ももちもちして美味しいし、それぞれのTPもみんな美味しかった！ものすごく調和の取れたラーメンだな、と感じました次は味噌食べてみたいご馳走様でした！,0
ラーメン屋でラーメンを食べているというよりはおしゃれのカフェでラーメンを食べている雰囲気になれます。味はホッとするような中華そば。味わい深さもありながら出汁の調和が取れているため、何かが主張することはなく絶妙なバランスを保っている。良い意味で、特徴がない。すなわち、変に尖がないので、飽きることがなく食べることができる。ラーメンを食べたいと思ったら、モリスで食べたいと思わせる魅力がある。,0
久しぶりに池尻大橋駅を下車。池尻大橋で昼飯と言えば一番に頭に浮かぶのがここ八雲さん。少し遅い時間なこともあり、外並びなしで中待ちは２人でさほど待たず。特製ワンタン麺・ハーフ（白）を頂きました。とにかくスープが旨いよね。ワンタンは海老派だけど、肉も喰いたくなるので両方の2個ずつ入ったこれがベストな選択。他にもワンタンメンの旨いお店はあるけどココはワンタンメンの完成形なのだとあらためて思うよ。,2
２０２５年１２月再訪問  訪問したのが平日の１３：２０頃。ランチの為に向かいました。先客は３組でした。  今回は『味わい味噌ラーメン』を口頭で注文。出来上がり次第運ばれて来ました。  味わい味噌ラーメンは見た目よりも辛味がマイルドな一杯。ご主人の理想的なチャーシューも食べ応え十分。美味しく完食しました。  ご厚意でレギュラーメニューになった毛沢東チキンも独特のスパイシーで良かったです。思わず一杯飲みました。  また行きたいと思います。,1
"【ラーメン名店シリーズ】貧乏なので、夕食はラーメンで済ませます。今夜はこちらのラーメン百名店です。18時50分に来店。行列を覚悟して来ましたが、なんと待たずに着席出来ました。カウンター6席、テーブル2卓のお店です。お店は清潔で綺麗です。注文は券売機です。残念ながらアルコール類はありません。注文したもの・味玉塩そば　1,500円　—三重県桑名産の新鮮な蛤を大量に使用したスープ、愛媛県宇和島産の大量の真鯛を使用したスープ、本枯れ鰹節と真昆布など数種類の乾物を使用した和風出汁の3種類の出汁を使用し、独自の配合で奥行き出した上品なスープは感動の美味しさです。ベルガモットの香りを添加したしらすのソース、インカベリーのソース、ポルチーニのデュクセルが上に乗っています。トッピングはチャーシュー、長いメンマ、白髪ネギです。麺はスープとの相性が抜群のストレート細麺です。普通のラーメンとは別次元の味でした。これはラーメンを超えた新しい料理です。白ワインと合わせて食べてみたかったです。ものすごく美味しかったです。1,500円でこんなに美味しいものが食べられるなんて、やっぱりラーメンって凄いですね。ごちそうさまでした。本日の総額：1,500円",2
時間休で平日の11時台に赤羽へ。これは高橋さんへ行くしかないと思い、速攻で並びました。6番目で2回転目での案内でした。場所も分かりにくく、営業時間もかなり短いため初来店。口コミでも評判のいい肉ミックスハーフを注文。ワンオペでもあるし、狭い店内でもあるのはわかるけど、線の通りに座れだのかなり細かい。私の後にきた男性は若干無愛想な対応にキレてました笑。私は、怒られないかドキドキしながらラーメンを食べました。ハーフでもチャーシューの量はかなり多い。スープは昔ながらの中華そば醤油かと思いきや、煮干しもしっかり。スプーン3杯までサービスのタマネギみじん切りと魚粉も入れて、味変。タマネギのシャキッと感がとても良い。それ以上はお客様から十円のお気持ちを記載がありました。常連客には挨拶したりして、愛想良かった感じがあり、味はいいだけに残念でした。,1
新宿御苑前にある創作ラーメン店へ。たらこクリームラーメンは濃厚なクリームスープにたらことチーズの塩気が効いていて、まるでパスタのような新感覚の美味しさでした。〆にたまごおにぎりも追加して大満足。カフェのようなお洒落な店内でユニークなラーメンを堪能できました。,0
今日は飲みのシメでこちらへ。私は朝のスープが好きなので、夜は久しぶりだったのですが、寸胴底のあたりなのか焦臭さかある残念なスープでした。いまや行列の裏大輝家、最近オープンして繁盛しているなぎちゃん、この二店の存在のせいか、こちらは閑散としていました。ブレが大きいのが難点ではありますが、上ブレの時は本当に美味しい都内随一の家系ラーメンだと思っているので頑張って欲しいです。ごちそうさまでした。,1
麺屋　山界2025年10月1日（大安・一粒万倍日のW吉日）という縁起の良い日付にOPENしたこちらは、濃厚系つけ麺の最高峰「麺屋一燈」と、自家製手揉み麺の鬼才「麺や七彩」という、ラーメン界の二大巨頭のDNAを受け継いだ、まさしく「ラーメン界のサラブレッド」“濃厚豚骨魚介×手打ち麺”という組み合わせを看板メニューに掲げており、ラーメン・つけ麺双方で濃度・素材にこだわりあり。「らーめん」には製麺所製の麺を、「つけ麺」には店主自家製・手切り、手揉み麺を採用。提供数限定という希少性が面白い。✨【スープ】濃厚豚骨魚介醤油味。特に豚骨が主軸で、魚介は陰で支える構成。豚骨（げんこつ・背ガラ）を強火長時間炊き骨と髄から旨みを抽出し、鰹節・宗田節・鯖節・伊吹いりこ等もブレンドし仕上げるスープはかなり濃度が高く感じるがしつこさはあまりなく食べやすいのがいい✨【麺】らーめん用の麺は製麺所（大栄食品）製麺を使用し濃厚スープとの絡みもよく硬さもちょうどいい✨【トッピング】チャーシュー（豚肩ロース吊るし焼き仕様／豚バラ煮豚）２種類、海苔１枚。増している日もあり、青ネギ刻み、メンマ、吊るし焼きは一燈の仕様だろうか、どちらも旨い麺屋一燈で2年、麺や七彩で3年半という実力派。 スープは一燈で麺は七彩…なんとも素晴らしい組み合わせ。今回訪問時には手打ち麺が提供されていなかったがまたオープンしたてなので次回の楽しみにとっておこう。次はつけ麺一択です。ごちそうさまでした,0
近所にできたラーメン屋で、1〜２年経ってるかも。ずっと行きたいなと思っていたが、行ったら閉まっていたりして中々タイミングが合わなかった。やっと訪問してきました。日曜日13時くらいに行って、だいたい20分ぐらいで入店。特製ラーメン1700円を注文。豚骨や家系ラーメンの中ではかなり強気な設定。こちらのハードルもかなり高くなっています。スープは上品な家系ラーメンって感じ。スープは個人的な好みではないが、かなり美味しいです。チャーシューは3種類入ってます。説明されましたが、早くて理解できなかった。とりあえず真ん中のチャーシューから食べます。…これが本当に衝撃的にうまい！！！私の人生の中で何千杯のラーメンを食べたかわからないけど、「美味しいチャーシューの最適解」はこれかもしれない。美味しいチャーシューのトップオブトップ。これが間違いなくNo. 1です。チャーシューは右から左にかけて味が強くなっていくから、右を最初に食べた方がいいですね。チャーシューの種類だけじゃなくて味の順番が知りたかったかな。何か席から見える所にポップを貼り付けておいてくれる良いと思う。チャーシューを食べた後にスープを飲むと、不思議とスープもマッチすることに気がつきます。全体の調和のためにあえてスープのトゲを取っているんだとわかりました。チャーシューが強いから、途中で青いチンゲンサイ？？シャキッとしていて口直しに良い役割をしています。卵は控えめな存在。味付けはあまりされていないが、このラーメンの役割りでは卵は補助役といった感じ。トロッとしてパンチは少な目で悪くないと思う。麺はややダマのようになっていて茹ですぎている気がしました。麺だけ残念ですが、伸び代がまだまだあるのか、と思うと面白いなと。店員さんのサービスというか心遣いは特に感じなかったです。目の前の仕事に集中していて、客側をあまり見てない感じ。色々と書きましたが、高円寺で1700円のラーメンを売って集客できるのはかなりすごいです。しかも東高円寺から離れた所にあって、場所は良くないです。それにも関わらず、行列が絶えないのはすごい。1700円を払う価値はあります。是非、チャーシューを味わって下さい。,2
"くぅっ！寝坊してしまった。三軒ハシゴの予定だし、13:00に最後の一軒の予約もしてあるのに…◼︎訪問日土曜日11:20※5名の並び。店内昇格は11:40。◼︎オーダー肉ワンタン麺1,300円◼︎接客感じ良い、いぶし銀の接客。平ザルでの麺上げ、盛り付けの連携など、調理工程もいぶし銀。麺線もワンショットで整える技量が素晴らしい。◼︎味わい・乾物、煮干をベースにした少し濁った魚介の味わいが前面に出て来る。動物は控えめ。塩気は丸く、スープは熱く、老若男女が皆んな吐息が出るホッとする味わい。・麺はそこまで細くない芯がぽきりとアルデンテ気味な低加水なタイプ。・麺肌にザラつきがあって、スープとの絡みも良いしスープも吸う。・具材は増した肉ワンタン、チャーシュー、メンマ、海苔。ワンタンアチチなので上顎要注意で。肉ワンタンはみっちり肉が詰まっていて、ほのかに香る生姜も効いている。・特筆すべきはチャーシュー。吊るしの焼豚と煮豚の2種類。共に肉の味わいがスープに溶け込むと共に、特に吊るしは香りが良い。増すならワンタンよりもチャーシューかも。◼︎費用対効果ワンタン6個も入ってるし、妥当では。様々な名店の修行元であり、支那そばの総本山的な位置付け。技術の素晴らしさ、ホッとするような安心安定な味わいはやはり一度は食べておきたい。待ちの中には近所らしいおじいちゃんおばあちゃんもいたりと、地元に密着している様子が素晴らしい。確かに地元にあったら嬉しいな。",2
土曜日の16時前に来店。お客さんは私以外に3人。カウンターに通されたのですが、他のお客さんのラーメンを調理している時からすでにホタテのいい匂いして楽しみになります。その後もまだ御飯時ではないにもかかわらず結構続々とお客さんが入ってきてました！【ホタテ油そば】税込1000円以前食べた時は結構重たいなど感想だったのですが、ダイレクトにホタテを感じたくなり注文！提供のスピードは注文してから大体5分ぐらいかかるかかからないかぐらいでした。さて提供は、相変わらず具材と麺は別々。以前食べた時の失敗を反省して、食べる前から全体にタレが行き渡るように麺を下からちゃんと混ぜました！まずは麺だけ食べると、ホタテとゆずの香りがして、ゆずのさっぱりとしたいい香りの中にホタテが感じられ美味でした。また、具材は冷めているため、少し味見をしつつ、全部食べたいのを我慢して早々に麺の下に全部イン！しばらく麺を堪能しているといい具合に具材が暖かくなってきて特にチャーシューの肉の脂が溶け出してきてホタテ出汁といい感じ！しかし、食べ進めると少々重くなってくるため、その段階で柚子胡椒を全部溶かしたらまた違った美味しさを感じられます。柚子胡椒のピリっとした感じが、重く感じていてペースダウンしているところにブースターの役割をしてくれるのでおすすめです！なお、私はお酢が好きなので、柚子胡椒を入れるときにお酢を入れました！結構さっぱりした感じになります。以前食べた時に胃もたれをしたので今回はどうかなっと思ったのですが、以前よりずっと美味しく食べることができました！油そばにしては、ちょっと値段は高めですが、1度は食べてみるラーメンかと思います。,0
"平日11時半頃に訪問。待つことなく入店できました。つけ麺・大盛（1,100円）を注文。大盛でも価格が変わらないため、つい大盛を選んでしまいます。スープの中にもチャーシューが入っていますが、麺にはさらに2種類のチャーシューが添えられており、食べ進める中で変化を楽しめます。濃いめの魚介系スープは太麺との相性が良く、満足感のある一杯でした。次回はラーメンも試してみたいと思います。",1
"ココ界隈にある某有名うどんを頂き、そのままこちらへハシゴ（笑）。店前にメニューがあり、塩か醤油、あるいはつけ麺。うーん、と悩んでいる時に後ろに並んでいるお客様の話が耳に入ってきて。「好き好きあるけど、塩の方が美味しいかなー？」よし！それを信じよう！！という事で塩で決まり。塩そば　1,300円特製と違い、こちらはチャーシュー2枚が入ったシンプルな盛り付け。黄金色に輝くスープ。蛤などの魚介類と動物系スープで仕立てたという事らしいですが、確かにそうですね。飲んだ直後の口当たりは強いものの、貝類の風味が後々からじわーっと来る感じ。風邪引いた時に効きそうな？？それ程に美味しく飲めるスープです。麺はやや中太。ややねっとり感のある麺で、スルっとしてスープとよく絡みます。味は文句無し。ただ、特製と通常との差がちょいと開き過ぎているかの様な感じがします。かと言って、特製にするとやや値段が高い。リピートしたいけど、ちょい計画的に行かないとですかね。",2
久しぶりにリピート入店。お昼前で列に並ぶ。並び方が2箇所に変更になっていた。支那そばをオーダー。やや熱いスープだが飲むと身体に染み渡る。麺もやや硬めがよく良い歯応え。スープを飲み干してまた完食。ご馳走様でした。,2
"東十条駅から徒歩5分の場所にお店を構えていて洋風の絶品ラーメンが勢揃いする食べログ評価3.70の大人気店！今回注文したメニューは...・あん肝CheeeS  ¥1,400・オマール海老ラーメン¥1,200・カニ味噌の和え玉 ¥500※全て税込価格店内はカウンター席が6席のみのこぢんまりとした広さ！平日の14:00頃に行きましたが店内は満席でお待ちが3人！食券は後から購入するらしいので最後尾に並んで待ちます！待機用の椅子があるのがありがたい！店員さんが外に出てきて指示を出してくれるので並んでいれば特に心配いりません！中に案内して頂いて食券を購入！現金のみしか使えないのでお気をつけ下さい！そして3分ぐらいで熱々のラーメンが着丼！チャーシューが咲いているように美しく盛り付けられたビジュアルが美味しそう！スープを一口飲むと海のフォアグラ・あん肝のコクととろ〜り溶け出したチーズが絶妙に溶け合いまるで高級なビスクのような濃厚リッチな味わい！そんな超濃厚スープに負けないのが特注の平打ち麺！ もちもちとした弾力でクリーミーなスープをこれでもかというほど贅沢に持ち上げてくれます！噛むたびに麺の食感とあん肝の旨み、チーズのクリーミーさが口の中で大渋滞してもう箸が止まりません！和の高級食材と洋のチーズが奏でるまさに「令和の進化系ラーメン」！最後の一滴まで飲み干したくなる悪魔的な美味しさの一杯でした！さらに贅沢の追い打ちがカニ味噌和え玉！これまた衝撃の美味しさでした！カニの旨みがダイレクトに脳を刺激する極上の味わいで残しておいた「あん肝チーズスープ」にダイブさせれば海の幸のダブルパンチで旨みが爆発します！これは絶対セットで頼むべき逸品です！",1
平日お昼に時間が取れたので大好きなふくみみにお邪魔しました。お店は以前の店舗から少し分倍河原よりに移転されまして移転後は初訪問です。店内はカウンターのみでBGMはラジオ非常に手際よく作業されておりまして常に並びはありますが回転も早いです！【本日頂いた中華そば】■中華そば 800円今回も一番基本のメニューを選択しました！登場したのは深い色合いのキラキラしたスープこれこれ！と一口頂くとあっさりしながらも出汁感×醤油×香味油の深みがしっかりのもの！個人的にめっちゃ好きな味わいですww麺は細麺でズバッと啜れる滑らか仕上げ！トッピングはほろほろ焼豚にメンマ、たっぷり葱というシンプルながらもしっかり美味いやつです！スープ、麺、トッピングいずれも隙が無くかつ非常に調和した一杯となっておりまして食べ歩けば歩くほどに刺さる一杯です！昨今、一杯800円で頂ける中華そばとして個人的に最高峰に好きな極上の普通がこの一杯ですww,1
"【基本情報】訪問日時:2026/1（平日）11:18到着時の並び:外待ち5人食券の買い方:入店時に買いました注文品/金額:カレー玉（200g） ¥1,130都営新宿線・一之江駅から約2km。お世辞にもアクセスが良いとは言えませんが、平日の昼間から行列ができると聞き、気合を入れて訪問してきました。■ ログハウス風の店内で「お邪魔します」お店の外観は可愛らしいログハウス風。扉を開けると、そこにはまさかの「玄関」が！笑靴を脱いで上がるスタイルで、まるで知人の家に遊びに来たようなアットホームな寛ぎ空間が広がっています。■ どのメニューも主役級の布陣周りを見渡すと、醤油、塩、鶏白湯つけ麺…とオーダーが実に多彩。どのジャンルも平均値が高い、実力派の証拠ですね。今回は、気になっていた**「つけ麺」**をオーダーしました。■ 麺の輝きと、攻めっ気たっぷりのつけ汁運ばれてきたのは、真っ白で美しい肌をした自家製麺。一口啜れば、ツルツルとした喉越しとシコシコしたコシが堪りません。茶褐色の味玉も、見るからに味が染みていて食欲をそそります。対するつけ汁は、予想以上にスパイスが効いた「攻め」の仕上がり！結構辛めでパンチがありますが、中毒性のある旨さです。ただ、個人的には少し塩分が強めかな？という印象。卓上の辛子高菜もかなり塩気が立っているので、投入する際は少量から試すのが正解かもしれません。■ 〆の楽しみと、嬉しいお土産最後はスープ割りで締めましたが、つけ汁の濃度がかなりしっかりしているので、最後の一滴まで飲み干すのは至難の業。これ、残った汁に「卵かけご飯」をドボンしたら最高に化けるだろうな…と確信しました。■ 訪問時の注意点＆サービス• 紙エプロンなし： 勢いよく啜ると跳ねるので、白い服の時は要注意です。• お土産昆布： 下駄箱の上に、調理で余ったという「切り昆布」が置いてありました。こういう温かいサービス、嬉しいですよね。（干し椎茸もありました）次は絶対に「大盛り」にしようと心に誓いつつ、お店を後にしました。距離はありますが、わざわざ足を運ぶ価値ありです！※いつも見ていただき、ありがとうございます！よかったら【いいね】と合わせて【保存】をしてもらえたら嬉しいです(≧∀≦)",1
"『博多一双』のような濃厚ど豚骨スープに出会えるお店。ラーメン　1,050円先に券売機で購入してから並びます。ラーメン1杯にしては高いですが、替玉1玉無料までついてのお値段。着席してから意外と待ちます。そしてラーメンの提供。替玉1つ無料ですと案内があります。ラーメンのルックスは内心オオーっとなります。茶色い濃厚豚骨スープはカプチーノみたいに泡立っております。久しぶりに食べるど豚骨スープに舌が喜びます。麺もスープに合ってます。バリカタがおすすめ。最初に生にんにくクラッシュして、替玉とタイミングで紅生姜をトッピングして味変しました。それにしても赤坂見附という街はランチ処が多くて羨ましい。ここで働く人は幸せだなあと思いました。",1
"味噌らーめん1,100円＋麺特盛250円5年連続百名店のこちらのお店。平日14時過ぎに到着するとなんと24人待ち！1時間待ちは覚悟していましたが、それ以上の1時間半でした。並んだ分を取り返そうと、いつもの悪い癖で特盛（400g）を注文。麺が多すぎてスープからはみ出てる（笑）スープはとろみのあるニンニクが効いた濃厚な白味噌ベースで、太麺によく絡みます。もやしの太さと炒め具合が絶妙で、主張しすぎずスープと麺にめちゃくちゃ合う。挽肉もゴロゴロ入ってます。チャーシューも脂身のあるとろけるタイプと、赤身の食べ応えあるタイプの二種類で大満足な一杯でした。",2
路地を入ったところにある名店。たまたま並んでなかったので立ち寄りました。インバウンド価格なのか最低料金が2000円でびっくり！でもなかなか来ないので、思い切って食べることにしました。広くない店内には英語、スペイン語、中国語...などなどいろんな言語が飛び交って、動画を撮りながら食べてる人もいてカオス。他のどのラーメン店とも違う雰囲気でした。ラーメンをすすって食べる人は皆無なので、音を立てるとまるで下品なような感じがしてしまいますが、ここは日本なので、心を強くもってすすって食べました。滋味深いスープで一滴残らず食べてしまいました。美味しかったです！,0
"土曜の10:20から並んで、開店時には30名ほど並んでいたのが驚きです！私は、無事一巡目で食べれました✨記念すべき初直系が王道家さんです❣️濃厚且つパンチのあるスープでガツンと脳が痺れたところに、もちもちの麺と相性抜群のチャーシューにほうれん草、海苔、とろとろの味玉で幸せ一杯でした*･゜ﾟ･*:.｡..｡.:*･'(*ﾟ▽ﾟ*)'･*:.｡. .｡.:*･゜ﾟ･*柏店や取手の本店にもお邪魔したいです（≧∇≦）また、食べにいきます〜‼︎‼︎꧁————————————————————꧂　　注文：ラーメン　　追加：味玉、チャーシューまぶし　　好み：麺硬め、他普通　　値段：1,300円　　　　　　　　　　꧁————————————————————꧂",1
今日は牡蠣のラーメンを食べたくて梟さんにお邪魔しました。こちらのお店は朝も早めの時間からやっているので朝活派にはとてもありがたいお店で、何かしら限定メニューがあるのでいつ行っても新しいラーメンが食べられて幸せです♪Xでメニューを呟いてるの気になるメニューがある時にお試しあれ。さて肝心の牡蠣ですが、限定の牡蠣出汁そば❗️名前からして美味しそうw着丼すると牡蠣のペーストがたっぷり乗っていて否応なく期待値が上がります。まずはスープをそのままいただきますが、既に美味し‼️牡蠣ペースト無しでも十分美味いそこに牡蠣を少しずつ混ぜながら味の変化を楽しみつつ麺をすすっているとあっという間にご馳走様w単に牡蠣好きと言うのはありますが、とても美味しゅうございました♪近くにお越しの際は是非お試しあれ。,0
前日にお酒を飲み過ぎたため、この日は体が「用心棒 本号」のラーメンを欲しており、訪問してきました。いつものパターン。土曜18時48分に1名で現地到着。店内並び3名、ですが、先頭2名が2つ並びの席を待っているだけで、店内には人数分の空きは既にありました。食券機で以下を購入。・ラーメン 普通 300g 980円・ねぎだく 140円合計金額は1120円。支払い方法は現金のみ。3分ほどで席に案内されます。食券に、卓上の赤いペンを使って以下のように記入。・ヤサイ → W・ニンニク → 無・ショウガ → W・ヅケアブラ → W・辛玉 → WW (ダブル) というのは「マシマシ」を意味します。料理が出るまで待つこと15分。ヤサイマシマシ、いつもより少なめかな？一方で、ヅケアブラマシマシは、前回よりも大量に。これはいいですね。ヅケアブラ、色味が濃くなった？ 味も少し変わったような。スープは、以前よりも非乳化寄りになってきている気がしますが、それでもなおやさしい味。まんまるのホロホロ豚はいつもどおり美味。今回は、ちょっと大きめのピースでした。ラッキー。ショウガマシマシ、辛玉マシマシって、ちょっと嬉しい。食券記入方式になり、注文しやすくなりました。スープまで完食。ごちそうさまでした。,0
平日金曜日16:40 20人待ち18:45着丼小ラーメン1000チャーシュー2枚半分、ニンニクすこし、アブラ半分でも結構多い子豚5枚良い玉子200麺はワシワシではなくてストレートな太麺でモチモチ蓮華はないので食べづらいがスープは乳化系で濃すぎず良い。平日でこんなに並ぶのはビックリした,1
個人的にはもう少し中毒になりそうな、病みつき系の味が好きだけど、ただ好み度外視しても高レベルな味噌ラーメン接客も丁寧で店内皆さん優しい雰囲気だし、こだわりスゴいし美味しいし今回は辛いの頼んでみたけど、急いでたので辛いと早く食べれず困ったけど、味はさすが美味しかった。個人的には唐辛子の辛さよりシビれ強めが好きではあるけど並びのお客さんが山椒合うねぇ！って言ってたので、試してみたらホントに合う！！次は辛くないラーメンに山椒試してみたいここの奥深い味噌にはシビれの花椒より山椒くらいがちょうど良い,1
"10時42分に到着。店内満席でビル内の通路で少し待つ。10分ほど待ってから店内へ案内された。前回は醤油らーめんを食べたので、今回はつけそばにしようと思っていた。「つけそば塩（1,200円）」に「味付けたまご（150円）」をトッピング。10時59分に着丼。そばつゆが出されるのが特徴的。ここ以外だと国府台の「つけソバ いしい」で出された記憶がある。そのつゆにつけてすすってみる。かつおと醤油が効いたつゆで、上品なそばつゆのようだ。ざる中華を食べている感じで、これだけで完食できそうなくらい。食べすぎてしまうのを自制して、本命の塩のスープにつける。熱々のつけ汁は旨味が凝縮されている。豚、鶏、乾物系、貝とつけめんの汁だからこそよりはっきりと感じられる。大盛にしておくべきだった、この旨さを堪能するには麺が足りない。相変わらずトッピング類も抜群に旨い。あっという間に麺を完食。スープ割りをお願いすると、温め直してくれるので再度熱々の状態で飲むことができる。言うまでもないが、もちろんスープ割りも旨い。ご馳走さまでした。",2
"どうも、いつも最後の爪が甘いムカチャスです。今回も忘れ物はないと思いきや、Apple Watchの充電が切れていて改札前でひとりアタフタしがち。そんなこんなで画竜点睛を欠きながら向かうのはこちらのお店⬇️▶︎『臥龍』こちらは三軒茶屋で美味しい鶏白湯ラーメンがいただけるお店。TRYラーメン大賞の鶏白湯部門で連続受賞している実力派の一軒です◎本日は休日の夜に伺いました♪場所は三軒茶屋駅南口から徒歩4分ほどの路面店。紺色の暖簾が目印で、店内は木のカウンターが印象的な温かみのある空間。テーブル席はなく、落ち着いた雰囲気です◎メニューはラーメン4種につけ麺。さらにラーメンの具材を中心にしたつまみも用意されていて、ちょっとした居酒屋使いも出来そう♪常連さんの居心地が良さそうな店内でした✨注文は口頭で、支払いは退店時に現金のみのスタイルです。本日いただいたもの⬇️▪️ 肉麺 1,400円濃厚な見た目ながら、口にすると意外と軽めな鶏白湯スープ。鶏の旨みはしっかり感じつつも脂は控えめで、後味はすっきりしています♪細めの麺はつるっとした喉越しでスープとの相性も◎鶏むね、鶏もも、炙り豚の3種チャーシューは、それぞれ食感と旨みが異なる味の対比が楽しい構成♪特に炙り豚チャーシューは単品としての完成度も高めで、これだけでお酒が進みそうな味わいでした✨満足感はしっかりありつつも、食後は軽め。濃厚系が少し苦手な人にもおすすめできる、完成度の高い一杯です！ご馳走様でした。ムカチャスがとおりました。♪",0
"今まで投稿していなかったので初投稿です。こちらのお店の魅力は定期的に食べたくなる中毒性のある味。気持ちの良いハキハキした接客。卓上の味付けニンニク。ドンピシャな音楽。いつも盛業されているお店です。【注文内容】のり青ねぎラーメン　1,300円中盛240g   100円ごはん(おかわり自由)   120円全て税込かため・ほうれん草抜き今回も美味しくいただきました！また伺います。ご馳走様でした。",0
"朝CTを撮ってから、高田馬場に移動し、映画2本鑑賞。気持ち充填してから、次は空腹を満たしにこちらに。30分ならんで、着席。メニューは一択　1,500300g にして、コールは、ニンニクヤサイアブラまし、で。さすがの丁寧な作り、食材。スープもちゃんと作り込んであり、すっきり二郎。生姜入ってる、と思います。豚は流石、アブラも上品。デフォルトの唐辛子が嬉しい。麺も端正なオーション二郎麺。もやしも優等生。ニンニクも手を抜いてません。ちと強気のメニューと価格ですが、テーブルの一味と胡椒など、接客もちゃんとしており、納得感あり。還暦を迎え、二郎の旅を仕上げる店、かも知れません。",1
"【2026年 15杯目】yagu-noodle⎯⎯⎯⎯⎯⎯⎯⎯⎯⎯⎯⎯⎯⎯⎯⎯⎯⎯⎯・✦担々麺 ¥1,370⎯⎯⎯⎯⎯⎯⎯⎯⎯⎯⎯⎯⎯⎯⎯⎯⎯⎯⎯・✦食べログTOP5000ランクイン！担々麺が食べたくなりこちらへ《来店状況》 ┈┈┈┈┈┈┈┈┈┈┈┈┈┈┈┈日時：2026年1月（平日）到着：18:45流れ：モバイルオーダー並び：店内満席着丼：19:06《レビュー》 ┈┈┈┈┈┈┈┈┈┈┈┈┈┈┈┈◎スープサラッとした舌触りながら濃厚な芝麻醤の風味と辣油の辛味にマイルドな痺れと鶏出汁のコクが下支えした複層的でリッチな味わい。◎麺しなやかな啜り心地でパツパツと歯切れの良い細ストレート麺。◎その他トッピング肉味噌、ネギ。洗練された出汁感と心地良い刺激が食欲を唆る一杯✨ご馳走様でした《店舗情報》 ┈┈┈┈┈┈┈┈┈┈┈┈┈┈┈┈東京都江東区千田5-10 青木ビル1F住吉駅 徒歩10分時間：[火-金]11:00-14:15/18:00-20:00[土]11:00-14:45/18:00-20:00[日]11:00-14:45定休日：月食べログ：3.72※情報は訪問時のものです。最新情報は公式SNS等をご確認ください。",1
先輩に連れられ、ふらっと訪問してきました！住宅街の一角に佇む落ち着いた雰囲気のラーメン店で、鶏と魚介をじっくり合わせたスープが印象的でした。醤油のコクがしっかりとありながら雑味なく澄んだ味わいで、細麺はスープをよく絡めて軽やかに啜れます。全粒粉入りの麺は香りが豊かで食感も心地よく、丁寧に低温調理されたチャーシューや味玉のまろやかなコクが全体を引き立てていました。いりこそばなどの限定も魅力で、どの一杯も素材の旨みを感じられる仕上がりです。気取らず飽きの来ない中華そばとして、何度でも食べたくなる満足感がありました。,1
【雰囲気】池袋はサンシャイン通りから路地に入ったラーメン激戦区の立地、近くにはカラシビ鬼金棒も店前で並びが出来てるが食券を買ってから最後尾に並ぶシステム。店員さんが定期的に食券を回収しに来てくれる。その際野菜マシ、ニンニク有無を聞かれる。店内はカウンターのみ、床が油でウエットなので注意されたし【オーダー】味噌味卵チャーシュー麺【テイスティング】肝心のスープは味噌の甘みに野菜の甘味が相乗効果となり美味しい。野菜は増やしてもらっても二郎の様な盛り方ではないので安心。クタッとするまで炒められた野菜の甘味と麺が好相性。チャーシューはバラ肉で持ち上げただけでも崩れる柔らかさ。ただしチャーシュー麺にしては枚数が寂しい気がする麺は適度な硬さと弾力があり、麺との絡みも良い単調な味にならないよう、卓上の一味を多めにかければ味変となり最後まで満足感高い【総評】池袋では有名なラーメン屋さん、接客も活気があり、客捌きもキビキビしていて気持ちがよく、ラーメンも重たそうに見えながらも最後まで美味しく食べることが出来る至極の逸品,2
大井町駅より徒歩1分。｢のスた｣の新業態、立ち食い中華蕎麦いりこ屋に平日9時訪問。営業は、外に出れば勝ちと思ってます。アポまで時間があり、念願の訪問(*´艸`)5名の狭小店舗です。入口で食券を買い、3分くらいで提供されます。回転、早めです。朝ラー 670円・・・えっ(;ﾟДﾟ)!やすぅ！チャーシューはありませんが、半熟卵も海苔も油揚げも背脂もトッピングされてます(*´˘`*)♡期待通りのエグ味のない｢いりこ｣出汁の醤油ラーメン。煮干欠乏症をいりこで補います♡ちぢれ中平麺は麺量180gはありそう。結構、お腹も満たされます(*´ч`*)これで670円、すんごいコスパ∑(ﾟДﾟ)朝ラーって、良いですね(*^^*)大満足( *¯ ꒳¯*)‪  ♪,1
仕事帰りの晩御飯で、中野にある武蔵家さんの本店にお邪魔して来ました。19時くらいに着くと待ちは1人、券売機でラーメン並800円の食券を購入して中待ちの列に並びます。5分も待たずに席に着席、ついた瞬間に好みを聞かれたので、油少なめ硬めにしました。5分くらいで、ラーメンが到着、まずはスープから濃厚豚骨醤油ですね。パンチのスープがガツンと来ますね。無料で食べれるライスとの相性が抜群に良いですね。麺はもちもちの中太麺で、弾力が他の家系ラーメンの麺より強い気がしますね。トッピングはチャーシュー、ほうれん草に海苔でした。濃厚な家系ラーメンはライスが進みますね。ライスも無料なんで、スープ、ライス、海苔の組み合わせが堪りませんでした。無料ライスが今後も続くことを祈ります。それではまたです。,0
"≪到着～着丼：22分≫店名 **********ラーメン二郎 めじろ台店めじろ台駅(東京)⏰日時 **********26/02/11（水）13:09到着13:25着席13:31着丼13:44完食並び **********到着時：6人(外待ち1人 中待ち5人)退店時：4人ℹ️情報 **********注文：入店時に食券を購入購入：小ラーメン追加：辛いラーメン金額：1,000円（900円＋100円）ｺｰﾙ  ：ニンニク、野菜、アブラ席数：13席1ﾛｯﾄ：6杯オペ：2人回転：比較的遅め(13分程/1ﾛｯﾄ)特徴：甘辛非乳化　平打ち微縮れ麺　ﾑﾁﾎﾛ豚2枚　れんげ有お腹：いっぱい️メモ **********辛いラーメンを求めて約1年半ぶりのご無沙汰訪問13時台でもしっかり並びがあり到着から5分後の13:14店内に昇格して小ラーメンと辛いラーメンの食券をポチッ手前から6、7席のＬ字カウンターで入り口入って左に券売機と右奥に給水機給水機の隣にれんげとコップが置かれてるティッシュも二箇所に完備されてて嬉しい眼鏡の店主？接客優しめ助手の2名体制で席に座る前に食券確認が入り助手の指示があってから順番に着席マシマシコールも通るお店で何人か「マシマシ！」って唱えてたコールしたヤサイは標高そこそこ量も多めのシャキザク食感他店比でキャベツも結構多めに入るほとんどの人がコールしてた少し味の付いたアブラ一口目は甘めの少し薄めかと思ったら食べ進めると徐々に味が整ってきて最後の方は甘さが際立つ甘辛で発汗の若干重め生田駅前店の発汗よりも少し辛いかもちょうどよい好みの硬さで麺量も比較的多めな平打ち微縮れ麺麺にまとった唐辛子の香りが鼻から抜ける量が多めで粗めに刻まれた微辛のニンニクフライドガーリックは個人的には無くてもよいかも肉喰ってる感な歯切れの良いムチ豚とホロっと塊端豚は脂身とのバランスが良くて美味既に豚増しは売り切れで命拾いした腹パン同ロット全員食べるのが早くてロット内最後に完食正直二郎はどの店舗もデフォの方が好みかも学生の団体客が多めで店内でも話し声ごちそう様でした美味しかったです**********Instagramの投稿はこちらから@yk_men_rt#ラーメン二郎めじろ台店 #ラーメン #ramen #japanesenoodle #ラーメン二郎",1
"券売機。1,200円。細かいけど、少しホスピタリティの点で、前回も気になっていたのですが、そこそこ高いけどビールを頼む理由のひとつとして、雰囲気を味わったり、冷たいオシャレなグラスで嗜むのを愉しむことも含まれているのだけれど、前回同様、アサヒビールにサッポロのロゴマークのグラス…一応、確認したけれど、コレしかないとのこと。さて、味わいについては、やっぱりガツンと塩気が効いており、年々、体感としは、120%増しくらいにどんどん塩気が強くなってるね…まーメディアでもソレがウリと店主が言っていたので、コレでどうだ！ってスタイルなんだろうね。勿論、後半は、割りスープで30〜40％くらい薄めて飲んだので、コレは旨かった！好みとしては、もう少し塩気を抑えてもらえると、麺も具材も本来の味わいがもっと美味しくなると思いましたね…少し塩っぱいかな。",2
スープの旨みから、こだわりがわかる。原価率が気になってしまうほど、良い食材を使っているんでないか？と感じました。久しぶりに感動した一杯接客も心温まる、優しく居心地の良い空間にしてくださいました。リピーターさん絶対多いだろうな。。本当にいいお店に出会えました。ご馳走様でした。また必ずきたいです。,2
銀座でどうしてもお腹が空いて入ったラーメン店。この激戦区で何故かガラガラででもまぁ食べログ評価も高いしと。。注文した鴨ぱいたんですが、とにかく男女のバイト？がぺちゃくちゃ喋りながら調理。。最後には「これなんだっけ」とか言い出してかなりビビったw味もかなりやばくてバイトだとしても作り方あってるか？ 冷たいほうれん草に油まみれのスープ、かろうじて麺は食べられるレベルでした。食べてる最中も喋りっぱなしで流石に食べる気持ちがおきず残してしまった。。たぶんきちんとした人が作ればそんなことないと思うのでこれは流石に改善したほうが良い,0
初めての訪問。並びは5人ほどで15分ほどで入店。味に関してはここ最近食べたラーメンの中で群を抜いて美味しかった。スープの煮干し、チャーシューの美味しさどれも最高。メニューは特製そば(1500円)を購入。またきます,2
近くに行くことになったので、気になっていたカレーつけ麺をいただきました。最初の一口目は想像以上にカレーがガツンと来ましたが、食べ進めていくとカレーに口が慣れ、その奥のつけ麺を感じることができました。自称つけ麺好きですが、普通にクオリティが高く、変り種に見せかけた実力派だと感じました。スープ割まで非常に美味しく、また伺いたいです！！,1
午前中から上野・日暮里など営業先を回り午後からの半蔵門での会合の前にランチでもと食べログを調べて見つけたのがこちら。もうランチ時をしっかり過ぎていたので、待つ事なく入店。入口左側の食券機で食券を購入します。中華そばの味玉トッピングを注文。スープは節系と干し椎茸のしっかりした香りが特徴的でかなり美味しかったです。麺もパツンと歯切れの良い細ストレートでスープとの絡みもよく美味しい。好みの味で美味しく頂きました。なかなかまた来れるという場所では無いですが、機会があればまた食べたいお味でした。ご馳走様でした。,0
本日は上特選ラーメン(1530円)をいただきました。チャーシューがバラエティに富んでおり、一つ一つのクオリティが高く美味しかったです。スープは今まで食べてきた家系のラーメンと比較すると、あっさりとしていて、飲みやすい塩分濃度でした。心温まる接客でした。是非！,1
"いつも行列なので気になっていたラーメン屋さん。寒い中並んで食べてきました！平日の15時に着いて12番目。30分ほど待って入店することが出来ました。男女問わずで、インバウンドの方もいて、幅広い方が楽しめるお店だなと思います。店内はやや暗がりで、鬼モチーフのインテリアが良い感じです。注文したのは、カラシビ味噌らー麺　　1,080円+パクチートッピング　　200円スープはオリジナル味噌に魚介と動物性を合わせたWスープ。お味しっかりだけど、意外とマイルド。重たさはなくて味噌の味わいとスパイスの風味が良い感じ。辛さ痺れは選べるので「普通」で。辛さの普通はタバスコくらいって聞いてたので、美味しく食べられました。痺れは山椒もしっかりきいてガツッとくる！！美味しいスープに麺が絡みます。多加水平打ち中太麺でももちもち。チャーシューは柔らかくてほろっとほどけます。八角なのかな？風味が良くてアクセント。マシマシで食べたいくらい！パクチートッピングは量がしっかり！スープが結構美味しかったので、最後の方はパクチーに飽きちゃった。今度はパクチーなしでガツッと楽しみたいなと思います(⁠◍⁠•⁠ᴗ⁠•⁠◍⁠)⁠✧⁠*⁠。",0
平日夕方に訪問。17時台でも10名ほど並んでますね。特選つけ麺大、ライスを注文。スープは動物系＋魚介の粘度高めの濃厚。美味しいですね。下に沈んでしまう玉ねぎと一緒がおすすめ。チャーシューも、豚チャーシュー・豚肩・鶏の3種類あり、これもなかなか美味しいです。お土産のつけ麺もあるのでそちらも試してみたくなるお店です。,2
ワンタンメン＋ルーロー飯  ￥1300＋350スープは、動物系に節系や昆布の旨みを合わせた出汁感が厚い感じラーメンのスープとも美味しいスープとも取れて、どちらに感じるか次第で評価がかわるかもしなやかな細麺でスープに合うワンタン4つ、餡しっかりチャーシュー3枚、脂身なしのしっかり海苔、ネギ、メンマの量あり魯肉飯は濃いめの味付け、そこそこご飯があるのでお腹に溜まります外待ち15分中15分、食べるまで40分くらいと待った感はまあまあ、タイミング次第ですね,2
ここ『野中家』さん。仕事で疲れはててYouTubeを見ながらお酒を飲んで気持ち良くなってきて深夜に行きました。やはり、めちゃうま。麺やわらかめ脂少なめ味の濃さは、普通にしました。いつもはしょっぱく感じるのですが、この日は疲れのせいもあってか程よく身体にしみました。,0
鴨つけ蕎麦 醤油(1500円)+大盛り(100円)今日は新小岩で仕事があったので帰りに寄りました。前々から行きたかったyoshikiさん！名前が良いですねぇ。18時20分到着。有名店ですが特に並びはなく拍子抜け。先客2名のみでした。味は格別なんだろうけどやっぱり値段が高いのでリピーターはあまり居ない感じ？メニューは何にするか凄く迷いましたが鴨つけ蕎麦にしました。基本メニューは中華そばの塩と醤油みたいですが、毎日日替わりで限定やっています。今日は鴨つけ蕎麦と煮干し昆布水つけ麺が限定で、煮干しの方が限定の中でも更に限定感があって悩みましたが、やっぱり鴨出汁のお店ということで鴨つけ蕎麦に。ちなみに限定は特製メニューはなくノーマルのみ。店主が物を置く時にガチャン！と音を立ててるのがちょっと気になりました。つけ麺20〜30分かかりますと事前通告。ワンオペとは言えのんびり作っているような印象。18時50分着丼。ホントに30分待ちましたね。麺は昆布水に浸っています。まずは昆布水のみゴクリと飲むと昆布の出汁が効いていてこれだけで美味いですねぇ。次は藻塩を麺にかけてそのまま食べると美味っ！これだけで全部麺食べられそう・・・。麺は平打ちで白く、うどんっぽい見た目。ニュルリとした歯触りでスルスル入っていきます。麺量は大盛りなので300g。次はつけ汁につけて食べても美味ー！鴨感はあまり感じられませんがとにかく美味い。昆布水の出汁も相まって旨味×旨味。麺丼の方の鴨チャーシューはレアでブリンブリンとした鴨の歯応えが楽しめます。キャビアものっていて初めて食べました・・・。魚感のあるしょっぱい魚卵という感想。つけ汁の方の鴨チャーシューは炙られていて香ばしく、鴨のクセを感じました。これは好き嫌い分かれるかもしれません。自分は好きですが。あとは部位的に脂身が多かったです。結構な麺量あったのにスルスル食べきっちゃいました。最後は昆布水をつけ汁に入れてスープ割り。卓上にもスープ割りボトルありましたが使いませんでしたね(笑)スープ量も多かったのに完飲。美味すぎました。いやー待った甲斐ありましたね。アルバイト雇って回転率早めた方が良いのになーと思いました。待ち時間は長いですが味は一級品です。次は特製中華蕎麦塩を食べよう・・・。ごちそうさまでした！,2
"今日はランチに3千円近く使ってしまったので、夕食は節約してラーメンです。こちらは京王フレンテ新宿三丁目の地下2階の飲食店街にあります。カウンター12席のお店です。従業員は3人体制です。店内ほぼ満席ですが、待たずに着席出来ました。注文は券売機です。こちらはつけ麺が人気のようですが、私はつけ麺よりもラーメンが好きなので、ラーメンにします。まずは瓶ビールで乾杯です。注文したもの・アサヒスーパードライ瓶ビール　680円・特製煮干しそば（塩・並盛）1,350円　－トッピングはチャーシュー４種、半熟味玉、メンマ、青菜、海苔2枚、刻み海苔、ネギです。麺はストレート細麺です。スープはあっさりしており、塩というより醤油っぽいです。美味しかったですが、麺が私の好みではありませんでした。ごちそうさまでした。本日の総額：2,030円",1
通りすがりに、朝からの立て看板が目に止まり思わず飛び込みました！入り口入ってすぐに、自販機あるのですが気が付かずに店内に入るや否や、店員さんに、買ってからお入りください〜と。何味か、悩みましたが、あまり食べた事の無い煮干し！を選択。美味しい臭みなど、全く無く　ひつこくもなく、でも、煮干しのすっきりとしたお味を感じます。身体や、心にいい感じ。スープを飲み干してしまいました。美味しいですご馳走様でした。ありがとうございます,1
"近くのコインパーキングにとめて14時の予約で来ました。こちら 東京都新宿区四谷4-25-10 に在ります ラーメンTOKYO百名店選出店「RAMEN MATSUI」さんです。少し早く着いてしまいましたが、入れました。券売機で特製醤油(1,800円)をポチッと。カウンター席へ程なく出て来ました。特製醤油、麺はそばっぽい感じ鴨ロースが美味い美味しく頂きましたご馳走様です。",2
ラーメン150g(本来は300gですが少なめにしてもらいました)ヅケアブラ　マシ辛玉　マシにんにく　マシ生姜　普通野菜　少し増でオーダー店内満席、並ばずに運良く入れました。麺が太くコシがあり美味しかったです。チャーシューも太くてジューシーで美味しかったです。150gだと少なかったので次は200gで来店しにきます。,0
久しぶりに行きましたが、やはり盛りが素晴らしかったです焼豚はほろほろになるまで煮込まれており、繊維でほどけていきましたスープは醤油ベースであっさりとしており、酸味がより食欲を掻き立てます海苔や少し入っている七味が味変にもなり、より美味しくなりましたありがとうございました！,2
訪問時評価　3.66爆盛油脂麺（300g）1100円です。400gまで増量可（無料）のようでしたが、初見なのでやめときました。この後用事があったので味濃いめ、脂とニンニクは少なめでお願いしました。ボリュームたっぷりで押し寄せる多幸感。チャーシューもホロホロです。,0
地下鉄神保町駅A5出口出てすぐ。土曜日11:09訪問。並びなし。特製ラーメン1000円めんまトッピング150円を注文しました。11:11着丼はじめて環七ラーメン土佐っ子を食べたのは30年ほど前です。長蛇の列で、すごいキャラのたったラーメンだった記憶が残っています。環七土佐っ子が閉店後も池袋の土佐っ子を食したりしてましたが、いまいち以前食したものと合致してなかったのです。こちらのラーメンを食して、久しぶりに懐かしく思えました。HPによると「らーめん平太周味は、屋台で生まれ、かつて環七で一世を風靡した味を継承し、さらに進化させた自信作のラーメンです。豚骨をベースに数種の材料を一昼夜じっくり煮込んで作りました。振り掛けた背脂と麺が黒くなるほどの「濃厚醤油味のこってりスープ」ですが、マイルドで甘みを感じさせる食べやすさが自慢です。 中太の歯ごたえのある食感の太麺が、濃厚な豚骨醤油と背脂が良くからみます。今まで経験のない味を是非ご賞味ください。お好みで、麺の茹で加減、味塩加、にんにく・脂の量など個別の調整も受け賜わります。五反田、大崎、大崎広小路、品川方面に来られた際は五反田店へ、また神田、秋葉原、お茶の水、飯田橋方面へ来られた際はぜひ、神保町店へお立ち寄りいただき、平太周のラーメン・油そばをご堪能ください。」とのこと。懐かしい気持ちに浸りながら、美味しくいただきました。また来ます✨,0
土曜日の開店5分前に到着。初来訪。並び6人目。ぎりファーストロットかな。くた野菜、ちょいアブラ、ニンニクが追加できる。それ以上は、食券購入が必要。ラーメン1200円と一緒に生卵80円も。生卵はいつも頼んでしまいがち。つけ汁のように食べる人が多いが、私の場合は、野菜とアブラと玉子を椀内で絡めて食べるのにハマっている。麺が350グラムなので、先に野菜を避難させておかないと、麺にたどり着かないという理由もある。初対面の印象は、ナルトとメンマが個性的な感じ。いつもこの系統はカラメにしがちだから、初来訪の時は様子を見ながら。後半にかけて味が濃いとつらくなる。ニンニク入りのカエシが魅力的すぎだが、最初優しめだんだんしっかりという印象のスープなので、結果あまり使わなかった。そういう時は、先ほど生卵＋野菜＋アブラの別椀の方に数滴垂らして食べる。これが箸休め。食べ進めているうちに、野菜に隠れていた肉が姿を現わした瞬間、テンション上がった。でかいが、ホロホロだ。とても総合力が高く、ベスコンのために池袋から歩いで良かった。満腹感に包まれ帰りも歩いた。,1
平日昼間、ビル風の抜ける汐留にほど近い一角へと足を運んだ。開店前の11時30分をわずかに切る時間に到着したこともあり、幸運にも一巡目で入店。食べ終える頃にも外待ちは二人ほどで、都心の人気店にしては穏やかな空気が流れていた。券売機の前で少し迷いながら、今回は王道と思しき塩ラーメンを選択する。疲労がたまった身体には優しい一杯だろうか、そんな淡い期待を胸に席へ着いた。ほどなくして運ばれてきた丼からは、透明感のあるスープが静かに湯気を立てている。まず一口。なるほど、輪郭ははっきりしている。しかし同時に、思いのほか強い塩味が舌先に残る。卓上の説明や周囲の客の様子から察するに、どうやら鯛めしと合わせて完成する設計なのだろう。単体で味わうと、やや塩気が前に出過ぎている印象は否めない。ラーメンとしての一杯の完成度という視点で見るなら、もう少し奥行きや余白があっても良いのではないか――そんな考えが頭をよぎる。もし私が料理人ならば、ラーメン側ではなく、鯛めしの炊き上げにほんのり塩味を忍ばせるだろうか。主役と脇役のバランスは紙一重で変わるものだ。もちろん、セットで食べれば計算された調和があるのだろうが、ラーメン単体の印象としてはやや大味に感じてしまったのも事実である。とはいえ、全体の設計思想は興味深い。並びがなければ次回は白醤油にも挑戦してみたいと思わせる余韻は残った。逆に長蛇の列を覚悟してまで、という問いには少し慎重になる。結局のところ、この店を楽しむ鍵は“期待値のコントロール”なのかもしれない。名店の一杯は、必ずしも万人の理想形ではない。それでも、こうして考察を誘うラーメンに出会えること自体が、食べ歩きの醍醐味である。次に訪れるときは、少しだけ心の塩分濃度を下げて、もう一度向き合ってみたいと思う。,2
平日のランチで伺いました。11:40入店で他のお客さんが不在。最初はドキドキでしたが、場所が分かりにくいから、と後で思いした。ランチはご飯が100円増しで付けれました。オーダー後約10分で着丼です。見た目はオーソドックスな醤油系と思いきや、煮干しの強烈なパンチが口中に広がります。日本人が大好きな煮干しと動物（多分豚）のダブルスープに麺を忘れてレンゲですする。スープが旨すぎです。トッピングはたっぷりメンマにナルトに海苔とチャーシューにお葱。メンマとチャーシューは手仕事の真面目に作ったお味でライスにぴったりでした。評価点を超える旨さ、必ずまた伺いたいです！ご馳走様でした！！,0
新宿三丁目での商談が終わり次の予定まで時間がありすぎたので、現在地周辺ラーメンで検索してみた。一番最初に出てきたので行ってみた。煮干し系のお店。冬季限定の『味噌煮干中華そば(950円)』を麺カタメで注文してみた。アプリのサービスの煮玉子も追加。煮干しの魚介スープと麺がうまく絡み合っておいしかった！,1
浅草で焼肉を食べ、米と冷麺を我慢して、うるちさんを訪問。醤油ラーメンに餃子。醤油ですが煮干し。。。ちょっと気になる感じ。でも、麺はビビるほどツルツルのモチモチローションでもつけてるんですか？ってくらいツルツル。スープがもうちょい。自分的にはです。ごちそうさまでした。,1
昨日も夜天一でチャーハン食べたのに、今日は仕事終わりわざわざ水道橋まで行って気になるチャーハンを食べてきました。ワンタンはしっかりお肉が詰まっていて、本格的な濃い目の味。チャーハンは思ってたよりあっさりしていたのでワンタンのタレを少しかけるとさらに美味しさアップ。エビチャーハン990円、エビ増し160、茹でワンタン400円。美味しかったです。ご馳走様でした。,1
あまりにも並んでいるでお馴染みの「としおか」。店の前を通るたびに行きたいけど、時間が…となっていましたが、満を持して初訪問。いやいや、これは美味しいです。修行元の「べんてん」は未訪問ですが、そちらもすごく美味しかったのだろうと想像がつきますね。ちなみに、接客について書かれていることも多いですが、以下の二点を守れば余裕です。・客が出たら店に入る・食券はすぐには出さない後ろの客がなかなか店に入らなくてかなりキツく言われていましたが、ある意味二郎のようなロット制を敷いていて効率を上げているので仕方ないでしょう。お客様が他のお客様を気遣うことで成立しているお店ですね。今回注文したのは「塩ラーメン味玉」。非常に濃厚なスープとつるもち麺の相性が抜群で、そこに各種トッピングのレベルの高さ、さらに油をかけてジュワッとなったネギと生姜の相性の良さと、文句のつけようがありません。なるほど、これは並ぶし、一度食べたらやめられない。他のメニューも食べたくなりますね。並ぶのは大変ですが、また行きたいお店です。東京のラーメン界でもトップクラスの美味しさと言えるでしょう。,2
"町田駅から4分。仲見世商店街にあるお店。別店舗はパインを使ったラーメンあるみたいなのですが、こちらはホタテ塩そばで直球。見たところ変わった具材はなさそうです。店名の八十一番は「No.81」と書いて、Noパインと読ませるらしい。パイン使ってないよーて、お馴染みさんへのメッセージ性にも溢れたネーミング、遊び心あって良いですね。逸る鼓動を感じつつ食券を購入、外に並んでいるとすぐに順番が来ました。カウンターのみですが回転は早めです。ホタテの効いた塩ラーメン、優しさを感じつつ旨みがあって、染みわたる。最後の一滴まで楽しめます。チャーシューも美味しかったのですが、個人的にはトッピングでつけた乾燥エノキがかなり好みでした。硬めのシャキシャキ食感で、きのこの旨みを上乗せしつつ、麺ともよく絡む。全てのラーメンに戴くべき王冠と言って良い至高の逸品。食材への探究心が強いからこそな大発見でこれはもっと讃えられて良い気がします！ホスピタリティも高めで素敵なお店でした。オススメです。ごちそうさまでした。【食べたもの】　特製うまみ塩そば ¥1,400乾燥えのき ¥200【周りのお店】　町田汁場リッチなカレーアサノ",0
神保町路地の分かり辛い場所…行って見ると、以前『黒須』と言う淡麗ラーメンの名店を居抜きで営業されているお店でした。煮干しがウリのようでしたが、ご飯モノセットで1000円、特製具材が500円でオーダー…ラーメン天では珍しい納豆ご飯をチョイス。納豆ご飯は、小ご飯に納豆と生卵が別皿で来ました。ラーメンは浅い丼に岩海苔、煮卵、シナチク、鶏団子に小ぶりながら岩中豚ロースチャーシューが5枚となかなかリッチ。まずはスープをゴクリ〜柔らか煮干し風味でウマ味の薄醤油でしょうか、飲み易いタイプです。麺は中太柔らか目の軽いウェーブ麺。全体に飲み屋帰りに食べる屋台のラーメン見たいな感じ…具材の多さが温度を下げるのかチョイ温いのが残念。ナント、大きめ粒の納豆が美味しかった。スープで雑炊風にしようかと思っていましたが納豆と生卵のズルズル納豆ご飯にラーメントッピングの岩海苔を振り入れて食べたのが一番美味かった。ラーメンの量がやや少なめなので麺増しするか、ご飯モノセットがオススメですが、多分この納豆ご飯が食べ応えもあって良いのではないかと〜1500円で充実トッピングとご飯モノが頂けるのは良いです…ご馳走様でした！,0
2025年12月18日 ラーメン特選本枯そば本枯中華そば 魚雷東京都 春日駅久し振りの訪問。サイフォンでダシを抽出。具材3品を客側に選択させるスタイル。鶏チャー、豚チャー、ザーサイを選択。特選には、鶏チャー、豚チャー、味玉、ネギが付いています。スッキリとした鰹ダシのスープに細麺とシンプルながら美味い。ダシをムース状にしているものがTPされています。美味しかったです。ご馳走様でした。,1
五反田の駅から5分くらい歩いた大通りの交差点のところ、お店は、地下にある。開店5分前に到着。待ちは1人だ。入店して10分くらいで着丼。麺は手揉みでうどんみたいに太い。スープは、出汁感が強く、和な感じのスープだ。バラ肉2枚、肩ロースもお肉が柔らかくて、美味しい。ワンタンも2つも入っていて、食べ応えのある大きさだ。メンマも丁寧に味付けしてあり、全部が美味しい。行列になってないのがおかしいくらいだ。白だしのほうも美味しそうだったので、今度は白だし食べてみようと思います。,1
３回目の訪問。土曜日の12:30に訪問。店内で1人待ちでしたが、程なくして着席。やはり濃厚なスープ。好みはあるが、自分には少し濃すぎるかなと。ただ特徴的な麺が非常に美味しい。たまには限定ラーメンなどあると嬉しいですね。ぜひ皆さんも訪れてみて下さい,1
東京の煮干ラーメン好きの間で知られる人気店、煮干箱。この日は限定メニューが登場していると聞き、迷わず訪問。目当てはその名も「ジェイソン」。そのネーミングに身構えつつも、正体は“濃厚煮干担々麺”と知り、期待が一気に高まります。着丼と同時に立ち上るのは、煮干特有の力強くも芳醇な香り。レンゲでひと口すすると、まずガツンと広がるのは濃密な煮干の旨味。えぐみは抑えられ、旨味の芯だけを抽出したかのような完成度です。そこに重なるのが担々麺らしい胡麻のコクと、花椒の痺れを伴った辛味。単に足し算ではなく、互いを引き立て合うように設計されている点が秀逸でした。煮干の深い海のニュアンスと、担々麺のスパイシーな刺激が交差する瞬間は実に鮮烈。それでいてバランスは崩れず、後味はすっとキレる。この“調和”こそが、ジェイソン最大の魅力でしょう。攻めた組み合わせでありながら、完成度は非常に高い。麺はスープをしっかりと抱え込む仕様。濃厚なスープが絡みつき、口の中で旨味と辛味が層を成します。食べ進めるほどに煮干の奥行きとスパイスの余韻が重なり、気づけば無心で箸が進んでいました。限定メニューという特別感も相まって、満足度はかなり高め。煮干ラーメン好きにも、担々麺ファンにも一度は体験してほしい一杯です。,2
新宿御苑前駅の近くにあります。池尻大橋のミシュラン掲載店「八雲」から独立されたお店です。醬油ラーメンをいただきました。スッキリとした醤油スープに柔らかな生ハムのような旨味のあるチャーシュー美味しかったです。,2
冬らしい寒い日が続きますが、そんな時は生姜で体を温めようと久しぶりにこちらを再訪しました。平日12時前の到着でくの字型のカウンター席は自分が座ってちょうど満席。その後すぐに店内に5名ほどの待ちが発生していました。食べログをチェックすると前回は2年近く前にコッテリを頂いていましたが、久しぶりなので今回は左上の法則で特製塩生姜らー麺をポチり。座って5分掛からずで着丼です。早速スープを一口頂くと、動物系出汁の旨味と生姜のキレが高い次元で融合した味わい。スッキリしているのにパンチがあり、これは一つの完成形に近いスープではないか？と感じます。そんなスープに合うのはこれしかないというストレート細麺。具材もプリプリの鶏としっとり豚ロースのチャーシュー、肉餡の詰まったワンタンにトリュフ風味の味玉などクオリティが高くて飽きさせません。後半は底に沈むすりおろし生姜をすくい上げるとスープのパンチ力アップし、体がしっかり温まってきたところで完食。生姜好きなら間違いなく満足出来る、完成度の高い一杯を満喫しました。個人的には、前回食べたコッテリよりデフォのこちらが好み。次回は間を空けずに再訪したいと思います。という訳で、今回もご馳走様でした！,2
金町駅南口から徒歩約3分ほどの場所にあります。醤油感の強いスープですが、全く重みを感じないクリアなスープ。濃度がちょうどよく、平打ち麺とよくマッチした食べやすい味。チャーシューも柔らかくて味がしっかり染みていて、ご飯が欲しくなるタイプです。,2
☆訪問日：平日☆時間帯：17時半☆待ち時間：なし☆アクセス：御茶ノ水駅から徒歩5分☆注文料理：ニラ玉曲者+ライス☆値段：1330円(1150+180)☆味(1-5)：4.6☆接客(1-5)：4.2☆量(3-5)：4.4☆特徴・感想☆ラーメンのスープは醤油ベースの清湯系であっさりしつつも醤油のキレがありかなり美味しいです。あっさりしているが塩味がしっかりあるので美味しいです。麺は中細のストレートで特徴はないが普通に美味しいです。つけ汁はニラ玉風味でこれがとにかく美味しかったです。初めての感覚ですき焼きに近いがまた違った良さがあります。ラストはご飯にかけてTKGにして食べました。ラーメンとつけ麺を融合したようなハイブリッドの1杯で頭が追いつかなかったがとにかく美味しかったです。,2
平日11時過ぎ到着並びなしですぐにはいれましたこの日はなんか二郎食べたくて来てしまいましたが並ばずに食べられてラッキー注文はいつも汁無し全マシの生卵無性に二郎が食べたくなったせいかいつもより美味しく食べられました（汗）また食べたくなったら伺います！,1
日曜の昼過ぎ、訪問。並ばずに入れたなーと思ったら、すぐ後ろからすぐ満席からの5組待ち。ご飯は無料。自分でよそう食べ放題スタイル。特製の中を注文。見た目は濃そう！なのですが、意外とあっさり。鶏油、返し入れてる段階で濃そうと思ってたけど、スープがしっかりしてるんでしょうね。麺は家系にしては細めかな？チャーシューが美味しかった！味玉はちょっと半熟すぎるかな。野菜と麺とスープのバランスは良いし、ご飯にもよく合いました！あ、あと個人的にはにんにくをしっかり入れるのがおすすめだと思います。,0
"そう、以前から、恋バナにうるさい女性の恋愛トークでときどき聞くこのフレーズ「草食系より、グイグイ来る肉食系男子が好き」だの「男らしく攻めてほしい」だの「モテる男は肉食系」だの、暇人どもが「私の恋愛感聞いて～」って言いたい放題。誰も頼んでないのに延々と好き勝手に喋りまくってるが…でも、ちょっと待て、いつも二郎でブタ増しの山盛りを平らげてるオレこそ、誰よりも “肉食系” だろ！もし「肉を食えば食うほどモテる」って世界線なら、オレは今ごろ恋愛無双してるはず、なのに現実はモテるどころか、誰も近寄ってこない。いや、むしろ遠ざけられてるような空気すらある。肉食系の理解も、女心も、ほんと難しい。喰っても喰っても叶わぬ恋…ブタ増ししても届かぬ想い。恐るべし、恋の迷宮。ま、そんなふざけた話はどうでもいい。少なくとも、二郎のうまさだけは裏切らない、向かう先はもちろん野猿二郎。今日も朝から屈強な漢たちも集結しているはずだ。くだらない恋愛論なんて、彼らの胃袋と気合で一蹴だ。語るべきは恋愛じゃない、スープの濃度と麺のコンディション。己の信念と空腹を携え、いつものルーティンを誇らしく刻みに行く。7:35　駐車場到着いつもより早めの到着。駐車場にはちょうど2台分の空き。「よし！空いてる」と思った瞬間、すぐ後ろにもう1台入ってきて満車に。7:36　食券購入限定に「みそろう」。…たぶん二年前に出てたあの味噌味系の二郎かな？と記憶をたどる。問題はここからで、限定って、いつも悩む。食べたら食べたで、すぐ「通常の二郎も食べたかったな」って欲が出てくる。2日連続で来られるならまだしも、そう簡単に直ぐ来れないし、そう思ってから1週間も二郎断ちは正直キツい。だからこそ、限定に手を出すときはいつもかなり慎重になる。その点、ドクロ系はわりと攻めていける。個人的な好みだが、通常二郎とガチでいい勝負してるので「よし、これは食っといて正解」と思わせてくれる。7:37　行列接続行列14名(店内5名、店外9名)開店直後、まだファーストロットの人たちが食べ終わっていない時間帯。なので、行列はしばらく動かないが、今日はいつもより15分ほど早く来たおかげで、その “止まった時間” すら心地いい。ゆっくり待つのも悪くない。並んでいる間に浴びる朝日が、じんわり体を温めてくれて「まあ急ぐなよ」と言ってんだろうな。7:51　店外待ち椅子着席行列に並んでから13分後、ようやく列が一気に動き出した。7:54　店内待ち椅子着席店主、青シャツ君、新人君、先週と同じ3人体制。開店準備/早番のメガネ君は8時上がりっぽい。日曜朝、毎度思うが、まだ朝の8時前だというのに、この店だけ時間の流れが別世界。ランチピークの真っ只中みたいな熱気が渦巻いている。朝の静けさなんて一歩入った瞬間に吹き飛ぶ。ここだけは朝から全力でギアが入っている。8:00　食券もぎり8:03　カウンター着席すると、あのおじさんが登場。食べ終わって出口へ向かいながら、店主を横目に「今日もおいしかったでぇ〜す！！！」と、いつもの大声シャウト。ついでに二言三言、食べた感想を吠えて帰っていく。前回見たのは一か月位前か、見るのはこれで三度目。店主の反応は、一瞬彼を見ただけの苦笑い、店員たちも同じく。声量控えめに「あり〜した〜」完全に慣れた感じで軽く受け流すプロの対応。自分も慣れて「今日も来てたのか」と見送るだけ。周りの客も特に動じていなかった。ただ、こういうキャラの客がいるってことも、野猿の良さだね。8:07　着丼大ラーメン：1,100円ブタ：350円トッピング（ニンニクマシマシヤサイアブラ）：0円計 1,450円毎度の「大ブタ」いつもと比べ特に変わらないいつもの迫力。到着した瞬間のテンションは、何度見ても新鮮だ。まずはひととおり写真撮影。この儀式を済ませてから、いつものようにシャキッとしたヤサイから攻めていく。スープは微乳化で、口に入れた瞬間に “あ、今日もうまい” と分かるやつ。麺はワシワシのストレートで、のど越しよく、食べ応えがいい。噛むたびに「これぞ野猿」と言いたくなる食感。ブタは全部で5枚。1cm幅が3枚、2cm幅が2枚。肉質のいいウデ肉に、脂身多めのやつも混ざっていて、これがまたうまい。脂が甘くて、噛むほどに旨味が広がる。全体として、いつもの “標準” に仕上がった野猿のうまい一杯。安定感があるのに、毎回ちゃんと感動がある。これがあるから、早起きしてでも来たくなる。8:20　完食今朝も変わらず、でもどこか新鮮で、そんな早起きして向かった野猿の朝。今日も来てよかった、ごちそうさまでした！",2
祝日の12時ごろ訪問10分程度並んで入店ラーメン中（チャーシューマシ）とライスを注文◇ラーメン短めの平打ち中太麺スープは見た目はサラサラですが、しっかり鶏油が効いていて、醤油が立っている。家系を食べたという満足感を満たしながらもあっさりとしていて最後の一滴までスープを飲みたくなります。チャーシューはしっとり厚みがあり脂身も程よく個人的にタイプほうれん草は臭みなし、しっかり下処理されていて美味い。食べログの写真をみて、「味薄そうだな」と思っていましたが、全然そんなことないので初めての方は是非デフォルトで行ってみてくださいね。◇ライス刻みニンニクの醤油漬け➕マヨネーズ➕スープで魔の食べ物が生まれます。家系が苦手という人でも美味いと言うだろうし、家系好きな人も満足させるレベルの高い一杯一度行くことを強くお勧めします。,1
東京出張中です　新橋の朝ラーメンスープがすっきりとまったりが選べ朝なのですっかりにしました　無化調の透明なスープ　熱々です麺はモチモチ平打ち麺　柔らかめ　旨いチャーシュー　メンマ　ネギシンプルながらしっかりとした味付けトロたくちらしは　ラーメン店とは思えない中々の美味しさ　ヅケ丼なども有る様です　ご馳走様でした#今日のラーメン#毎日がラーメン#麺スタグラム#メンスタグラム#きたかた食堂#無化調醤油らーめん#トロたくちらし #毎日がラーメン https://ramendays.jp/post/dcc12776-4e3b-4a01-99df-ded104ec7672,1
Instagram▶︎@waku__gourmetたかさご家系譜の町田家が輩出したお店で、2009年明治通りに創業。2021年に移転されて現在に至ります。他のお店でご飯を食べたのですが、物足りなかったので〆として立ち寄りました。・豚骨醤油らーめん：1000円お好みは全てふつうにしました。チャーシューにほうれん草、海苔3枚。よく見ると、海苔の上にちょっとネギが乗っています。スープの中毒性が半端ないですね。クセになる美味しさ。麺は酒井製麺の細め平打ち麺。「ふつう」でお願いしてやや硬めで、徐々に程よくなっていきます。もちもちでうまうま。チャーシューも程よい柔らかさで美味。卓上のニンニクを足すとまた一段とパンチあり。,0
雨の週末、駅から意外と近いなにがしさん。店内に待ち用の椅子が5つ、ちょうど一つ空いてたので、店内で待てて良かったー。入店から着丼まで20分くらい。ワンオペだけど、とても丁寧に作業、対応されていて好感が持てる。焼きあごらーめんは950円。スープが濃厚、チャーシュー3枚でボリュームあり。トッピングはこのチャーシューとネギ、海苔2枚でとてもシンプル。個人的にはチャーシューは2枚で十分かな。満腹満腹。,1
"ワンタン麺　1,100円平日13時前に到着。店内7割ほどの入りでした。店主は「きたかた食堂」、「鴨to葱」、「綾川」等の運営会社で開発担当をされ、荻窪の名店「there is ramen」の店主の元で修行された後、独立されました。コンセプトは「出汁を味わう新中華そば」。一口いただくと、あーなるほどと唸りました。スープは「鯖節、鰹節、うるめいわし節」をふんだんに使用しており、かなり強い出汁が出ています。しかし酸味は抑えられており、飲んだ後の余韻が素晴らしいです。麺は「もち姫」使用の中太多加水麺。もちっとした食感で喉越しも良くスープとの相性は大変良いです。チャーシューはバラ肉のホロホロとしたもの。節系スープの中で存在感を出し、相乗的な旨さです。つけ麺も間違いなく美味しいと思うのでまた伺いたいと思います。",0
近くにあったのでとうとう初めて来店しました。結構な人数が並んでましたが、そんなに寒くなかったので苦ではなかったかな！並んでいる間にラミネートされた紙を順番に渡され1組ずつ中に入り食券を買うシステムも斬新で、細かいアイデアですが、スムーズに店内に誘導できる面白い仕組みだなと思いました。入ると、オシャレな店内。思わず写真を撮ってしまったよ。コンセプトが気になるｯ!そして出てきたラーメン。オーソドックスかと思われる油そば味たま付き1300円を頼みました。まずだし汁が出てきました。そのまま飲むもよし、つけ麺風に利用するも良し、油そばにかけるもよしと書かれてました。まず飲んでみました。出汁の味がとても効いていて優しい味。落ち着く味。そして本命油そば。卵は後半に割った方がいいと書かれていたので避けて1口目。本当に美味しい。味が濃くてとにかく、こんな味再現できるんだと感動してしまいました。食べたらほんとにわかると思います。味濃いの好きな人ほんとにハマると思います。ボク、いつも調味料かけまくっちゃうんですが、珍しく、調味料をほぼかけずオリジナルの味で食べちゃいました。麺は太くてまるでほうとうみたい。味が麺に染みていて、食事って楽しいんだ。幸せだなと初めて思いました。後半、卵を割るとまた変化が。卵が絡んで味に加速が。もうとてつもなく美味しい。卵もとても綺麗なオレンジ色で、いい卵なんだろうな。また食べに行きたい。並ぶ価値しかない。女性も食べやすい味になっていると思います。初めて食べログで☆5出します。またすぐ行きたい。ほんとにオススメしたい最高のお店に出会えました,2
平日、11:09に行った。外には並んでいなく、直ぐに入店。初めてだと伝えるとつけそばか女性はやさいつけそば食べてる人が多いですとの事で、やさいつけそばを注文。2分もしないうちに着丼。店員さんは3名。カウンター席のみ。とても丁寧な接客で安心して食べられる。メニューには書いてないけど、小さなお願いも聞いて貰える感じ。例えばやさいつけそば野菜多めとか。プラス料金だけど。普通のラーメンのチャーシューが苦手だからチャーシューつけそばを避けたが、ここのはもしかしたら、刻んだチャーシューだったのかな。やさいつけそばだけにお肉が少ししか入ってなかったから、チョット寂しい。おつゆはどちらかというと辛め。とうがらしの辛さかなー。想像してた甘辛系ではなかった。自分としてはもう少しまろやかな感じが好み。最後にスープを入れてくださったので飲み干しました。お腹いっぱいで苦しい。カウンター席だと残せないのよね。次行く時はチャーシューにチャレンジしてみよう。お肉の甘さで味が変わってるかもしれないから。,1
すごい！伝説のお店です！！毎日材料の異なるスープを提供しているから、連日訪れるお客座が絶えない仕組みになっています。〜10:30訪問すると比較的並ばずにすむかも。到着時は外待ち先頭、退店時は12人待ちでした。,2
"この日は虎ノ門にデザインあ展を見に行った帰りに、こちら自家製麺ロビンソンさんを訪問しました。開店5分前にお店に到着しましたが、座席数は9席と少なく1巡目は満席、2巡目の2番目に並びます。待ち合いスペースはゆったり座ってしばし待ちますと程なく3人揃って着席、私と奥さんは特製中華そば【手揉平打ち麺】を息子は同じく特製中華そば【細麺】を注文しました。スープを一口頂いた瞬間に、この店が特別であることが分かります。小豆島丸島醤油に、国産鶏、羅臼昆布、鰹節、鯖節、宗田節、平子煮干、片口鰯煮干を使ったというスープは繊細で、複雑な旨みがもたらす調和が美しさすら感じます。そこにモチモチの自家製麺が絡み、（細麺も美味しいですが平打ち麺の食感は最高）そして越後もち豚のチャーシューは、まだ赤みが残る絶妙な焼き加減で肉の旨みが生きていて、蒔で焼いたようなスモーキーさも感じられ絶品、ワンタンもツルッとした食感が堪りません。途中、山椒粉、ゆず果汁を加えると、更に和の上質さが引き立ちます。大変丁寧に作られた一杯で、完食すると割烹でコース料理を頂いたかのような満足感。もの凄く美味しかったです。これなら1,600円も十分リーズナブル、納得です。TOP5000選出のこのお店、まだ百名店に選出されていないのが不思議ですが、時間の問題と感じました。店員さんの対応もとても丁寧で感じ良く、大変良い時間を過ごせました。とても美味しかった。ご馳走様でした。また伺います！！",2
"武蔵境駅北口商店街を抜けた先にある味噌ラーメン一本勝負の小さなお店。店頭で２０分程並ぶ途中、スタッフに促され一度店内の券売機で味玉みそ（1,200円）を購入し、その場で手渡して再び外で待ちました。やがて、改めてカウンターに案内され着席。カウンターのみ７席。静かに心地よい音楽が流れる店内で待つこと数分、お料理が供されます。自家製の平たい縮れ麺は、茹でる直前に手もみされているということで、不均等な太さ・硬さを感じられるのは手打ち麺ならではの醍醐味。動物系出汁、そして、牛蒡のエキスを効かせながら数種類の味噌を加えたというスープは、濃厚なコクを感じながらも重さを感じることはなく、むしろ甘みさえ感じる優しい円やかな口当たりと、あとから微かに迫る山椒系の痺れ感。それにしてもこの奥深いスープと手揉みの縮れ麺が良く馴染むこと。。豚肩ロースのチャーシューは独特の風味、もやしやニラは結構ボリューミーで麺の食感を損なわないよう別々に。濃厚な奥久慈卵の半熟、オブジェのようなごぼうの素揚げは揚げ麺かと思ったほど。それぞれ手の込んだお料理が満載の逸品をいただくことが出来ました。唸る美味しさ、ご馳走様でした。独特の麺と味噌スープは是非また味わいたいですね。できれば、今回売り切れだったチャーシューご飯と共に。。",1
腹が減った。仕事から帰ってきて、押上13:00。会社に戻る前に、昼飯を済ませましょう。ラーメンかなぁ？ でも、六厘舎は卒業したしなぁ…。ということで、前の会社のとき以来だから7〜8年振りにテクテクテクテク歩いて、「竹末東京Premium」さんへ。昼時の人気店だけに混んでるかなぁと思いきや、先客1名のみ。拍子抜けしながらゲートイン完了。頂いたのは、濃厚鶏そば  1380円也。うんまぁ、整ってて美味いのだが、こんな感じだったか？と麺を啜りながら思い出したのだが、そういえば昔はE.YAZAWA（矢沢永吉）色が強かったような。コンセプトを変えたんですかねぇ。久々に来たので全く分からんが…。でもまぁ、前に来たときの方がインパクトはあったように思うし、味もインパクトに欠けるような。押上駅からまぁまぁ歩くし、アクセスの悪いトコに行くにしては色々と弱いかなぁと。,2
総本店には約3年半ぶりの訪問、平日9時すぎでしたが外待ち1名のみで、前回程のえげつない並びはなく良かったやはり100ラーメンを注文、会員証特典で味玉をお願いしました。間違いないしょっぱく濃いスープ、もう私には何の出汁か分からないのですが、とにかく旨い。黄色のちぢれ麺も、がんこを食べている感じにさせてくれます。悪魔肉も3枚程入っており、こんなにものっていたかなと思う程、ボリュームもたっぷりそして、総本店の雰囲気も相乗効果で、食べた後の満足感は相当のものです。以前は行列で行くのを躊躇した事もありましたが、朝一これぐらいの並びなら、また近々で行きたいなと思いました。,2
土曜日、今日はどこへ行こうか直前まで迷っていたが保存してあるまあまあ近めのこちらへ行く事に。以前、百名店に選ばれている様だ。13時10分頃到着。待ち無しで入れた。　先客4名ぐらい。新札千円が使えず交換してもらい着席。ビールはおつまみ付きでキンキンに凍ったジョッキ缶で。　少し待つとラーメンが到着。スープを飲むと名の通りかなり濃厚。麺は中細パツパツ麺。　しかしスープと食べるとかなり塩っぱい。　チャーシューはバラと肩ロースが2枚。　刻み玉ねぎと長ねぎ。　海苔と味玉。それぞれが全て美味しいが、塩っぱ過ぎる。隣にＴＲＹの24ー25の煮干し部門優秀賞受賞のポスターが貼ってあるが、どうも濃厚ではなく普通の煮干しそばの様だった。。。,1
3回目の来店。前回は期間限定商品を食べましたが1回目に食べた塩ラーメンの美味しさが忘れられず今回は塩ラーメンに回帰しました。チャーシューとワンタンのメニューにしましたが、ワンタンがスープに合っていてとっても美味しかったです。麺もしっかり歯応えあり美味しい！次は醤油も、つけ麺も、担々麺も食べたい！ですがやっぱり美味しさが忘れられず、塩をリピートしてしまいそうです！！,2
北区東十条の“我的中華そば 机上の空論。”さんで昼食。「味玉煮干し中華そば（醤油）1250円」と「和え玉（ネギチャ）500円」をいただきました。サラサラ気味のスープでしたが超濃厚でパワフルな煮干しスープでした。エグ味はまったく無く良い感じにスパイスが効いてました。トッピングされたネギとの相性が抜群でぐいぐい飲んでしまいます。麺は中太のもちもち麺でスープとの相性は良かったです。チャーシュー、ネギ、味玉、メンマ、ミツバ、などがトッピングされ、カマボコがワンポイントで添えられてました。味玉は甘味があって他のお店では食べたことない感じ。切り分けた味玉の断面がギザギザにカットされててスープに絡んでメチャ旨でした。チャーシューも美味かった。「和え玉」には“ネギチャ”と“蟹味噌”があり、今回は“ネギチャ（ネギ＆チャーシュー）”をいただきました。おそらく中華そばと同じ麺を使用してるのかな？中華そばより少し固茹でパツパツした食感でした。タレはかなり塩っぱいですがタレとネギとチャーシューの旨みがしっかり絡み付いてバクバク食べてしまいました。いやー本当に旨かったです。久しぶりに良い煮干しラーメンに出会いました。ごちそうさまでした！,1
何度か伺おうとしたのですが、タイミングが合わず食せなかったふじさきさん、やっと来れました。10分前到着で1番GET。整理券方式です。意外と平日空いてるのかなぁ。11時開店しました。食券購入。わんたん醤油らーめん￥1700-なかなか強気な価格設定です。待つこと数分・・・お米を揚げたもの？お出し？おちょこにいただきました。(お茶漬けのあられのもっと高級な感じ）も少し待って着丼。ビジュアル最高です。スープからいただきます。うま味しっかり。癖なく甘めの醤油です。麺は、少し柔らかいにゅう麺みたいな、気持ち早いと好みでした。つるつると入っていきます。これはこれで旨い。ワンタン。お肉ぎっちりしっかり入っています。熱々だ。チャーシュー　柔らかく薄ぎりで食べやすい。メンマ　3本くらいかな旨いけど量がさみしい。全体的にうま味があって癖がなく食べやすかった。1700円かぁ。。。うーん。ご馳走様でした。,2
昨年の最終日に家族で訪問しましたが、時すでに遅し！『終わりました〜』の声で意気消沈してからのリベンジとなりました。年明け早々にもかかわらず、まぁ並んでますねぇ。でも今回は年超えの熱い思いがありますので寒さも感じません！（嘘です。寒いのは寒い）いつもの通りラーメン並を頼みます。安定してますね〜。替玉二回して退店しました。今年もよろしくお願いします。ご馳走様でした。,2
"冬の限定麺 赤だし中華蕎麦(手もみ麺) 1,300円特製変更券 500円Table Check 予約手数料 390円計 2,190円約3年半振り。その間に記帳制から完全予約制に移行。Table Checkにて平日に予約。15分程前到着。先ずは入店し予約名を確認され食券購入。いったん外に出て店前で待機。しばらくすると食券回収。その際に麺の種類を確認されるので手もみ麺にてお願いする。予約時刻丁度に入店案内。味噌が強すぎずちょうどよい。最後まで飽きることもない。チャーシューも激美味。醤油、塩も美味しいがこれが一番好み。スープ完飲。",2
板橋区役所前近くにあるつけそば周さんにうかがいました。入口は少し奥まった場所にあるのでわかりにくいですが人気の店です。今日も昼前に行くと4〜5人のお客様が並んでいました。数分で店内に入るとつけそば並を発券。もちもちの中太麺は香りもよく、煮干系濃厚つけ汁によく合いますね。さすが人気店だとわかります。とても美味しくいただきました。,0
三鷹にある「ワンタンメンの満月」へ行ってきました。三鷹駅南口から徒歩10分ほどの住宅街にあります。以前はお昼時にはいつも長い列があったように記憶していますが、本日は並びもなくすぐに入ることができました。訪問は5回目くらいですが、やはりいつもの定番の「ワンタンメン 煮卵入り（1100円 税込み）」を頼んでしまいます。スープは透き通るくらいスッキリしていてあっさりする味わい、ワンタンも4〜5枚ほど入っています。煮卵は半熟具合が自分の好みで絶妙です。ちぢれ麺も適量で、肌寒い日に食べるには最高の一品になりました。,0
船堀の大島さんで味噌ラーメン、モヤシ、ミニカレー。味噌xラードx生姜から織りなす味は素晴らしく、味噌ラーメンのカテゴリーを超えている。意外とチャーシューデカく、追加トッピングのモヤシ爆盛り二郎かよ！のトッピング待った無し！カレーまた謎の美味さ。ラーメンと同じスープと言ってた？だが何故か欧風カレー的な旨味を感じた。行列店と聞いていたので長時間並ぶのを覚悟していたが、到着13時18分で8番目。着丼が33分とお店に着いてから15分で食べる事が出来た。回転の良いお店です。,2
しじみの出汁のラーメンということで前から気になっていたお店。4時前くらいの中途半端な時刻だったので、並ぶこともなく入店。出汁の旨さを堪能するなら塩が一番だろうということで、塩ラーメンを注文。お店のなかに上品な出汁の香りが漂っていて、期待がつのる。運ばれてきたラーメン、澄んだ色で美しい。まずはスープをひとくち。強く主張をするわけではないが、しじみとはっきりわかる味と香り。塩味も控えめだが、とても美味しいスープ。チャーシューも味付け玉子も美味しいし、紫玉ねぎのアクセントも中々のもの。このスープなら、こしの強い細麺が合いそうだと思うが、残念ながら麺は中太くらいの柔らかめ。そこだけが少し残念だったが、トータル的には素晴らしいラーメン。機会があれば、再訪したい。,2
期間限定の黒胡麻担々麺を注文しました。一般的な担々麺とは少し違いますが、黒胡麻の主張がかなり強めで、濃厚で美味しかったです。自家製のラー油はたっぷり入っていますが、辛いものが苦手な人でも食べやすいかと思います。ナッツもたっぷりで食感のアクセントが良く、細麺はパツッとした歯切れでスープとの相性も良かったです。このお店では担々麺を作ること自体が今回初めてとのことですが、他にはない個性的な担々麺で新鮮で、満足度の高い一杯でした。,2
ずーっと来たかったお店。外待ちが30名ぐらいいたけど、並んで。結局40分待ちぐらいだったかな。チャーシューメンに、キャベツと海苔、味玉トッピング。味濃くて旨みもガツンときて、とっても美味しかったです！初めてキャベツトッピングしてみたけど、こんなに合うんだ、って驚きの発見！どこに行ってもこれから家系はキャベツトッピング探しちゃいそうです。食べてるときより、翌日とかのほうが美味しかったな〜と思い出して。どハマりしました。すごく美味しかったです、ごちそうさまでした〜՜,1
久しぶりに行列もなかったので入店。今年初めてじゃないかな。さすがの人気店、店内で並んで待ちます。席数は10席ちょいでしょうか。カウンターのみでシンプルな店内。券売機で先払いをして待ちます。麺は200g 250g 300gから選べます。以前から比べれば値上がりはしたものの、味は安定のクオリティ。濃厚なつけ汁には立派なチャーシューが一枚とメンマ、ネギ。魚介が香る旨味の強いつけ汁に太麺がバッチリ合います。卓上の揚げネギと割スープを追加してつけ汁も残さず、最後の一口まで美味しくいただきました。昔から店主は見た目を含め高圧的に思えるんですけど、ラーメンやさんあるある、そんな人がいるのねと予習しておけばビックリしないはず。大変美味しくいただきました。ごちそうさまでした♪,1
平均点は3.0で、2.9-3.1の間でつけています。本日のこの店のスコア3.66醤油ラーメン900円。トッピング無しふつうにおいしいが、それ以上でもそれ以下でもない。量は自分にちょうどいい。がっつり派の量ではない。脂も浮いているようだが、イヤな多さではない。チャーシューはおいしい◎麺太めちぢれも好きなタイプ。日曜12時台、自分が入った時は、2席空き。出る時は並び3人,0
いや〜、ここの濃厚魚介ラーメンには、感動させられました。 スープはとても濃厚で麺によく絡みます。油っこくないので、後味はスッキリしていて、諄くないのがまた良い。スープを1度飲んでもまた飲みたくなり、最後には全部飲み干しちゃいました。,2
土曜朝、会社で2時間講習会があり職場の先輩に車で赤羽駅迄送ってもらい10時40分前に到着、初訪問のお店。外待ち7名、15分程で着席し肉入りつけそば1100円と大盛り100円を口頭で注文し6分ほどで提供され頂きました。つけ汁は魚介強めふわっと魚介香る薄味。麺は浅草開化楼の中太麺で特筆すべきはこの中華麺がとても美味しかったです。チャーシューは刻まれたもので噛み応えのあるものでした。卓上には調味料類が多くあり狭いカウンター席で手が届かないので刻み玉ねぎと魚粉と酢と胡椒を加えましたがお酢は合うと思いました。総じて思ったほどパンチはなく優しめの味でしたが、出汁感のあるじんわりくるつけそばでした。,1
かねてより気になっていた店についに訪問。大久保といえば韓国料理だが、ラーメンも名店が多い。この店は醤油スープにワンタンを合わせたラーメンを出しており、スープに浮かぶネギが心地よい風味と見た目を与えている。しかし、店が少し汚いのが気になる。あからさまに汚いのではなく、机が油ぽくなっていたり、隅の方に調味料がついていたりする。あまり気にならない人はぜひ行くと良い,1
こんちわー！石ちゃんです！今回は目黒・東山にある「八雲」さんに行ってきました。店内は落ち着いた雰囲気で、一人でも入りやすく居心地が良いです。ラーメンは丁寧に作られていて、スープはコクがありながら後味はスッキリ。麺との絡みも絶妙で、最後まで美味しくいただけます。チャーシューやトッピングも手間をかけて仕上げられており、細部までこだわりが感じられます。目黒で本格的なラーメンを味わいたい時におすすめの一軒です。,2
十数年前2時間以上元祖店では並んだ記憶そのお店の坂下にお店を構えているとにかく着丼が早い座ってすぐ来る完成されたオペレーション太麺硬めで全粒粉入りスープはあっさり系飲みやすい魚介系付属の挽肉がうまい卵はそれ程でもないここはスープ割りが美味いチャーシューも良い券売機といい全てが完成されいる,0
阿佐ヶ谷で梯子麺。粉雪が舞う中で11時半くらいに到着し、待ちは5名ほど。今日いただいたのは『ワタリガニスープ付き汁なし担々麺　800円』。山椒のしっかり効いたピリ辛に程よい歯切れの中太麺がよく絡み、挽き肉がアクセント。ティーポットに注がれたワタリガニスープは熱々で、あっさりしつつも確かな旨味を感じられる。最初は汁なし担々麺として食べ、スープ単体をティーポットからレンゲで少量直接いただくことで軽く口をリセット。最後に一体化させて、すべてを美味しく。中々に面白く楽しい一杯です。……本当に800円でいいんですか？今日もまた、美味しくいただきました。,1
長引く寒気の影響により最強最長寒波が到来中の日本列島湿度の低下でのどや鼻の粘膜が乾燥しウイルスが体内に侵入しやすくなっています。疲労回復やスタミナ増強に効果があるアリシンを豊富に含み風邪予防や免疫機能向上に役立つニラは、この時期食べておきたい食材花園神社近くの50m四方に280軒もの飲食店がひしめくディープエリア新宿ゴールデン街にSNSで話題のニラソバを提供する店があります。麺屋我論創業2020年6月2019年7月16日放送の『マツコの知らない世界』で現役ママの原島玲子さんと業界初新宿ゴールデン街のガイドブックを製作した常連客の大森徹哉さんが究極の牛スジカレーを紹介したDiner 5GALLONSがコロナ禍で1階を改装し始めたラーメン店■生姜香る淡麗醤油らーめん【ノーマル】 850円■生姜香る淡麗醤油らーめん【煮卵】 1000円■生姜香る淡麗醤油らーめん【特製】 1200円■柚子香る淡麗塩らーめん【ノーマル】 850円■柚子香る淡麗塩らーめん【煮卵】 1000円■柚子香る淡麗塩らーめん【特製】 1200円■ニラ麺 1250円■担々麺 1000円■背脂煮干しらーめん 1000円■ミニ究極牛スジカレー丼 400円■ミニチャーシュー丼 400円醤油ベースのスープにパツパツの中細ストリート使用する生ニラは丸々1本胡麻油の香りとシャキシャキとしたニラの食感がいいですね。美味しかったです。ごちそうさまでした！　｡⁠◕⁠‿⁠◕⁠｡,0
今日は亀戸にある「藤崎」さんへ初めて訪問しました。食べログを見てから伺ったので、醤油ラーメンを意識していたのですが、休日はメニューが「中華そば」限定になっていました。お店は整理券制なので、番号札を持っていれば外で待てるのがいいですね。今回は7、8組待ちで、20分ほど待って中に入れました。注文については以下の通りです：1. 中華そば   (a) スープは見た目以上に濃厚で、煮干しの他に鰹節も入っており、パンチの効いた味わいでした。   (b) 麺は平打ちのストレートで、少し太めの中太麺。   (c) チャーシューは提供するたびにスライスされており、メンマもしっかり味が染みていて美味しかったです。2. チャーシューご飯   (a) 当初はワンタンを頼みたかったのですが、品切れだったため代わりに注文しました。   (b) チャーシューがしっかり焼かれていて、風味も良く満足感がありました。頭の中が完全に醤油ラーメンを食べるつもりだったので、そのイメージが少し残ってしまいましたが、お料理はどれも非常に美味しかったです。ごちそうさまでした。,2
弁慶はいろいろな所にあり、何店舗かは行ったが、あまり良い印象はなかった。しかし、本店は他とは違うぞと言うことで来店。無難にらーめんを注文。はい。ここは普通に醤油でしょう。もやし、ねぎの感じ良いです。スープも麺と良く合っています。明け方4時までやっているのも良いですね。,0
神田川沿い小滝橋通り巡り①あまり行っていなかったエリア、高田馬場から自転車ならすぐの新宿と中野の区界。小滝橋通り早稲田通りが交わるなかなか車通りの多いところ。早めの時間ですぐはいれた煮干ラーメンのお店。京都で食べたにぼじろうとは毛色の違う、上品な煮干を極めた一杯。キレ味の鋭い煮干しの後味スッキリとした、大人ビターなラーメン。,2
久しぶりの訪問！平日11:30着　中待ち5人目に接続！⭐︎大盛り中華そば　950円⭐︎豚まぶしご飯　　300円安定感のあるtheシンプル中華そばトッピングはチャーシュー1枚、ネギ、メンマスープは奥深さがありながらもシンプルな感じで完飲余裕です！自家製の細麺は程よい硬さもありながら喉越し良くて箸が止まらない…豚まぶしご飯も辛味の少ない白髪ネギと豚がマッチして止まらない…何回食べても美味しいとホッとして帰れる！どんなに並んでいても食べる価値ありです！！,1
"新橋に「ラーメンと海鮮丼」という、なかなか攻めた組み合わせの店があると聞き、「きたかた食堂」を訪問しました。喜多方ラーメンの味付けは、一言で言えば豚骨ベースの透き通った醤油味。一般的な醤油ラーメンとは違い、コクはあるのに重くなく、独特のバランス感があります。喜多方には「朝ラー（朝ラーメン）」の文化があるため、朝の胃袋にも優しく染み渡るような、脂っこすぎない味わいが特徴なのだとか。今回は無化調醤油らーめん＋天然大トロ漬け丼：1,410円（無化調醤油らーめん860円＋天然大トロ漬け丼600円、セットで50円引き）ラーメンは平打ちの中太・軽い縮れ麺。小ぶりながらもしっかり味の入ったチャーシューが2枚に、黄身がとろっとした半熟の味玉。9時前の訪問でしたが、まったく重さを感じず、スッと入ってきます。天然大トロ漬け丼は、赤酢のシャリに大トロ2枚、赤身2枚。一切れ一切れは小さく薄めですが、朝食として考えれば量も味も十分。ラーメンとの組み合わせも意外に違和感がなく、「これはこれでアリ」と素直に思えました。奇妙に見える組み合わせですが、朝という時間帯まで含めて考えると、ちゃんと理にかなっている。固定観念を外して向き合えば、なかなか面白い一軒でした。ご馳走様でした。",1
先日開店時間、間違え、入れなかったので再突。結構久しぶりの「海老寿久担々麺」。海老頭がこんにちわ。海老が香ります。海老のビスクと坦々の濃厚なスープ。ストレートな細麺ながらスープが絡みます。濃厚だから細麺ぐらいの方がいいのか太麺の方がいいのかは、わかりません。でも、このスープしっかり味わうには、リゾ付きの方が楽しめる。ただ券売機が新札使えず店内も狭いので、両替でお父さん？忙しそう。,0
荒木屋は旨辛タンメン専門店、メニューは至ってシンプル、辛味レベルを見て、今日はランチに辛味レベル2の味噌野菜麺を注文。ご主人がワンオペで調理、奥様がカウンター席で接客対応を仕切る。スープは辛味噌、濃厚、辛味レベル2、充分旨辛、辛いだけではなく、スープに溶け込んだ出汁、野菜の旨味を感じる、味は深い、トッピングのもやし、キャベツ、ニラ、たけのこなど、シャキシャキ野菜とキクラゲ、スープに優しく溶け込んだ野菜、にんにくのパンチ力、美味しい。麺は数々のラーメン屋でも使用するサッポロ製麺を使用、太麺、腰があり、最後まで熱々、シコシコ、濃厚スープと一緒に美味しくいただいた。ご常連は汗を拭き拭き、鼻をかみ、水をお代わりして、いつもの旨辛麺を黙々とやっつけている、儀式または修行のように。次回は辛味レベル7の五目麻婆麺にチャレンジしたい。美味しくいただきました。ごちそうさまでした♪,0
今年3回目のべんてん。本日は重要な会議を終え、ほっと一息。休憩を取り、戦友とも言える同僚と2人で訪問しました。普段は土曜日に娘との“べんてんデート”が定番ですが、今回は平日。行列は思ったより穏やかで、約40分で入店▼注文・塩ラーメン 中盛・チャーシュー・メンマ・海苔・生卵（フルトッピング仕様✨）ここ最近はチャーシュートッピングを控えていましたが、今日は解放日。メンマチャーシューで勝負です。着丼した一杯は、相変わらずの迫力。特に本日のチャーシューの大きさは圧巻で、まさに贅沢の極み✨私の流儀は決まっています。まず塩スープを4口じっくり啜る。次に生卵に麺をくぐらせて熟成。そしてチャーシューを2枚一気に。ここで早々ににんにく投下！このブーストがたまらない麺との絡みは抜群で、一口ごとに幸福感が押し寄せます最近は食べられる量も変わり、中盛でしっかり満腹。それでも満足度は最高潮。昨年は週1ペースでしたが、今年は意図的に月2回へ。ここからまた2〜3週間は我慢の時間…この“間”こそが、次回を最高にするためのスパイス。最近読んでいる脳科学の本に、「海馬はエピソードと結びつくと出来事を長期記憶として定着させる」とありました。重要な会議を乗り越えた後、同僚の“初べんてん”。あの瞬間、あの会話。この一杯は確実に記憶に刻まれました。ラーメンは味だけでなく、物語で食べるもの。ご馳走さまでした！！,2
"ラーメンと味玉とビールで¥1,600久しぶりの訪問背脂ラーメンに中太麺吉祥寺ホープ軒とは全く違うアジです野方ホープには近いかもしかし、食べるとびっくりするぐらいあっさりしてます昨今流行りのがっつり系ラーメンに食べ慣れたラーメン通たちには物足りないかも？でも、これが老舗のアジ！やはり美味しい",1
眼科受診前にちょっと気になっていたお店。読み方が分かりません！検索すると興味あり。で訪問。左上がお勧めなんだとか…(初めて知りました)で、特製を選択。平日14時でも来店が繰り返される。人気店なんですね。オーダー受けてからチャーシューをカット。モヤシを炒める音。到着。厚めなチャーシュー、味玉付き。結構な量です。食べ切れるか…不安。スープを一口。最初に軽い酸味。醤油の様な味。ニンニクの風味…カレーではない。初めての味だけど全く違和感がない。柔らかいチャーシューは冷たいのでスープに埋めて温める。ホロッと崩れる。しつこさはない。麺は太めでスープをまといやすい。味玉は黄身がネットリしているが流れ出しはしない。モヤシの風味もスープに合う。スープを中心に麺や具材が整えられている感じです。完食。もう一度伺って味わってみたい。ご馳走さまでした。,1
雲呑麺 1300円2回目です。スープは油が多めでもたれる可能性あり注意。麺は細く柔らかめ。雲呑はふわふわの皮に包まれた肉がギュッと詰まっています。ただ、一番うまいのはチャーシューかもしれないです。程よい厚みがありジューシーでうまいです,1
2026/02/01㈰10:25外に見えるだけで10番目ビルの中には何人並んでるのだろう！？10:52早めのオープンやっぱり10番目で、2ロット目になりました。あと20分くらい早く来ないとダメみたい………10:56時点で、店内満席(8席)で後ろには10数名大人気ですなぁ〜食券を買って並び直す。塩ワンタン麺¥1700デフォの中華そばが¥1350だからねぇ〜世田谷のハイソな方々には1Kの壁なんてベルリンの壁と同じ時期に崩壊してるんだね11:05早くもPPマンが店を出る。この早さ、素晴らしい。2人目3人目は何してんだよ………早く食えよ、伸びちまうよ!それにしても、後ろの列、アベックが多いなぁ〜ラーメンなんて1人で食うもんだろに………11:09入店、奥から2番目の席11:12着丼盛りつけから見てたが丁寧ですね大盛りも並盛も丼は同じでスープ量も同じみたい(カウンター越しに見た感想)お隣さんが大盛りチャーシューワンタン麺頼んでたんだけど、この店１軒ならこれだよね。ワタシの場合、このあと2軒目があるので………(臨時休業でフラれたのはこのときは知るすべも無し)ワンタン、でっけぇ～！！史上最大の餡！！豚肉がぎっしり！！それが4個！！チャーシュー麺だとハギレチャーシューとかも乗ってて超美味そう(隣の方の丼チラ見)麺は中ストレートで麺長短め、食べやすい。ツルツル行けるスープは、エグみを極限まで除いた、超クールな煮干。塩ダレはほぼ感じない、でも煮干だけだとスープにならないから、しっかり仕事してるんだろうな…飲みやすい。ワカメだが、彩り以外に存在意義が分からない。なくてもいい、ってか、彩りなら青葱にして欲しいくらい(どうでもいいけどね)令和の煮干ラーメンはここまで来たか！！というレベル。平成の煮干ラーメンからの進化度合いが凄すぎる！！11:28ご馳走様でしたAIさんに聞いてみたら、どうやら「塩」らしい…知らんけど。【AIさんに聞いてみた】中華そば西川では「にぼし塩」と「にぼし醤油」のどちらも高評価ですが、煮干しの風味をダイレクトに楽しみたいなら「塩」、コクと深みを重視するなら「醤油」がおすすめです。特に塩は「えぐみがなく、煮干しの旨味が最高」と絶賛されています。 ●にぼし塩: 煮干しの旨味がダイレクトに感じられ、えぐみがなく洗練された味わい。●にぼし醤油: 煮干しのパンチとコク深い醤油のバランスが良い。●評価: どちらも甲乙つけがたいが、塩の評価が非常に高い。,2
土曜日の11:25くらい到着。オープン前に5人くらい並んでいました。オープン後の11:40くらいには行列になってたのでこの時間が狙い目かも。特製豚骨の細麺を注文。最近、旨味の強い豚骨をよく食べてたからかそこまで旨みが感じなかったものの、豚骨独自の風味と程よい塩味がちょうどいい。特にチャーシューは絶品。かなり美味い。,2
"こちら駒込から駅近のラーメン屋へ。運良く中待ち一人でした、タイミングによるかと。凪や宮元といった煮干し系で修行し、現在はmix部門で過去にはTRYも一位に。確かにスープが鶏ガラと煮干しで複雑でこれはかなり美味い、ほとんど飲み干せるレベル。麺も自家製麺でちれぢれでしてこちらももちもち、焼豚はしっかり2枚入ってて食べ応えありますね。立地もあるがベーシックなものは¥1,000きるのでコスパも高い印象",1
平日12時くらいに到着して、すぐに入れました。塩ラーメンを注文。あっさりの中にはコクがあって、見た目も透き通った感じのきれいなスープでした。ネギとチャーシューとメンマと煮卵が程よく添えられていたので、具沢山が好みでない私にとってはバランスの良い一品でとても美味しく頂きました。,0
駒込商店街に現れた新店が一気に人気店に上り詰めた。雑居ビルの一階に入っていて看板がないので分かりづらい。自動ドアを開けると行列が10人ほど。朝から12時程度までの営業。昼過ぎに訪問しても入れないことが多そうだ。メニューは塩と醤油とつけそば。塩と醤油を注文してみた。スープはほとんど同じだが塩はしじみが使われている。よって貝の旨みがプラスされていて価格も100円ほど高い。どちらもスープの旨みが多重的で強い。ここまでしっかりと旨みを抽出しているラーメン屋は珍しい。このやり方だとどう考えても儲からない。個人が趣味で作るほどの愚直なレベル。そして麺は太いのだがそれでも負けないスープの強さ。具材もしっかり程よい火の通り方。このラーメンは美味しい。ごくごくスープを飲み干したくなるほど中毒性のある旨味の相乗効果。久々に王道の美味しいラーメン屋に出会った気がする。,2
店主が女性と言うこともあり、味は優しめの少し薄めでした。生姜を入れましたが、生姜の香りが強すぎてちょっともったいない感じがしました。麺はとてもツルツルで食べやすくおいしかったです次はラーメンを食べてみます✨,1
平日12:30入店客入8割程度食べログ高得点(現在3.74)の人気店のピークタイムなので行列を覚悟していたが空いていた12:50の退店時には他客1名のみ特製醤油ラーメンを手もみ麺で注文スープは動物質や魚介は前に出てこず、昆布系がベースか優しくうどん出汁のような味チャーシュー3種類、ほぐした鶏肉、肉の詰まったワンタンと特製はなかなか豪華手もみ麺はかなり柔らかめもう少し硬い方が好みかなまあでも悪くはないスープがシンプルなので麺と具材が引き立つ完食完飲したが、優しい味わいなので連食できそうなくらいだった,2
"仕事終わりに友人に誘われて訪問。お店の扉を開けた瞬間魚介の香りが漂っており、食欲そそります。スープを口にすると炭火の香ばしさと、甘えびの甘味が広がり美味しかったです！山椒との相性もバツグン。・炭火焼濃厚中華そば あまえび　1,000円他の魚介も気になるので、また訪問させていただきます！ごちそうさまでした",0
つけ麺1200円。JR大久保駅の南口からファミマ側に出て小さなカレー屋の並びにあるこちら。昨年10月オープンですでに人気です。店主は麺屋一燈や麺や七彩で修行されたそうです。初めてのお店は左上ルールからつけ麺を。麺が200gか300gまで無料で選べます。つやつやの麺は手打ちっぽい太くて弾力のある美味しい麺。ピロピロの平麺がついてるのも嬉しい。スープは粘度高くどろっとした豚骨魚介で、甘味もあって旨味が強い。スープの中にはメンマと細切りのチャーシュー。麺もスープもトッピングも美味しい、間違いないつけ麺でした。次回はラーメンも食べてみたいです。,0
ここは東京の他の長岡ラーメンと比べてどうなのか。というより、長岡ラーメン発祥のお店の系列ということであれば、大元はどんなだったっけ？くらいの感じで伺った。麺は昔ながらの黄色っぽい麺。スープは極端に甘くない。生姜の香インパクトは優しめで、ゆるやかで、最後の方で生姜の存在感が出来上がってくるような、そんな感じ。ノスタルジックと言わずして何なのか。本当に昔のラーメン、という印象。,2
日曜日の16時41分に到着したところ、店内は7割ほどの席が埋まっていました。券売機で「鶏そば」の食券を購入しましたが、こちらはキャッシュレス決済のみの対応となっているため、事前の準備が必要です。スタッフの方が紙エプロンの利用を勧めてくれるなど、細かな気配りが感じられ、接客の丁寧さが伝わってきました。16時49分に着丼した一杯は、醤油の芳醇な香りが立ち上り、表面を黄金色の鶏油が美しく覆っています。この鶏油が蓋の役割を果たしているのか、最後まで熱々の状態で頂けるのが嬉しいポイントです。一口啜れば鶏の濃密な旨味がじわりと染み渡り、非常に力強く、かつ完成度の高いスープに仕上がっています。合わせる麺は中細のストレート。喉越しは良いのですが、茹で加減が若干柔らかめだったのは、個人的には少し残念な点でした。トッピングには食べ応えのある大ぶりのメンマと、質感の異なる2種類の焼豚が添えられており、これらはかなり好みのタイプでした。残念ながら卓上に調味料はなく、お願いしてみましたが用意はないとのことでした。それだけスープの完成度に自信があるという証左かもしれませんが、最後までそのパワフルなスープの個性をダイレクトに堪能できる、非常に印象的な一杯となりました。,2
煮干しそば(900円)+ビール(中ビン)(600円)この日遅めのランチは、「BASSO 江戸川橋」さんへ初訪問。久々のドリルマン系です。土曜の14時前で空席ありですが、お客さんは続きます。注文は、煮干しそばとビール。ビールは赤星の中瓶で、メンマのツマミ付き。麺は中太のツルモチで好き。スープは、ほんのり煮干しにオイル感はあるもののアッサリめ。塩味控えめですが美味い。2種のチャーシューはどちらも美味いけど、バラがしっとり柔らかく好き。たっぷりスープの完飲は辞めといて、ごちそうさまでした‼︎,0
"【店名】・燎【予約】・待ちあり【価格】・¥2,200／1人【いただいたもの】・焼豚味玉醤油らーめん【感想】銀座に用事があり、その足で燎 新富町へ。到着すると1時間待ち。人気のつけ麺はすでに売り切れで、メニューはシンプルに醤油のみでしたが…結果、大正解。スープは色が濃いのに重すぎず、鶏の旨味と鶏油のバランスがとにかく絶妙。一口飲んで「うまい」と思わず声が出るレベル。麺は手揉みで、若干透き通るビジュアル。ちゅるちゅる＆モチモチの食感が心地よく、個人的にかなり好み。しっかり主張がありながらスープとの絡みも抜群です。チャーシューの火入れも見事で、柔らかさと旨味のバランスが良く、全体的に具材一つひとつの完成度が高い印象。最後に店主さんとも少しお話しできましたが、軽快なトークでとても気さく。人柄の良さもお店の魅力のひとつだと感じました。並んでも食べる価値あり。またお伺いしたい一杯です。ご馳走様でした♪■□■□■□■□■□■□■□■□■□■□■□■□最後までご拝読いただきありがとうございます！インスタでも美味しいお店・素敵なお店を投稿しておりますので是非✨検索@sakedeshi_cathttps://www.instagram.com/sakedeshi_cat/美味しそうと思ったら、気軽に、いいね・フォロー・保存お願いします♪",2
"この店は、戸越銀座商店街にあるラーメン屋で、この店の季節限定ラーメンが好みなのでしばしば利用している。前回空振りに終わった冬季限定のみそラーメンは始まってるかなと店を覗いてみると、おー、良かった、始まってる！ならばと、みそラーメン（1,150円）を注文した。このみそラーメンはスープが好きで、味噌にトマトの旨味とニンニクの香りが加わって、なんとも言えず美味しい。平打ちの太麺がスープによく絡んで、麺をすすると味噌味とトマトの旨味が口の中に広がる。ねぎと豆苗がたっぷりのっているのも良いんだよね。あぁ、このラーメンは好きだなぁ。別の日に、みそまぜそば（1,250円）も食べてみた。みそラーメンのまぜそばタイプで、麺の上に、味噌の塊と、小口切りにしたトマト、ニンニク、チャーシュー、ねぎ、豆苗等がのっかっている。かき混ぜて食べてみると、味噌が濃くて塩っぱく、すぐに閉口してしまった。もうちょっと味噌が少なくても良いのにな。みそまぜそばはちょっとアレだったけど、みそラーメンは好きなので、冬の間はしばしば利用しようっと。ご馳走さまでした。",0
寒風が吹きすさぶ中での仕事帰りにお邪魔しました。前回はつけそばだったので、今回は中華そばにしました。相変わらず店は満席状態で、待ちなしで着席できて大安堵です。中太麺を啜りつつ、冷えた体を温めることができました。,0
ランチAセット・1100円、を頂きました。油そば、餃子3個、ライス、スープ付き。油そばは、全くコテコテしてなくサラリと頂けるタイプ。私は旨いと思いますが、人によっては物足りないと感じるかもしれません。ただし！コチラの油そばの本領発揮するのは、お酢をひと回ししてから！単に酸っぱいだけでなく、なんというか奥行きが出て、めちゃくちゃ旨い味わいに激変します。お酢をひと回し、がお薦めと思います。餃子の方は、ちょっとゴワゴワ感があって、もう少し頑張って！と思いました。作り置きかな、、、油そば専門店らしく餃子なしの単品を頂くのが潔いかもです。もっと色んな薬味とか味変アイテムがあると、もっと楽しめるかもしれませんね。とはいえ、純粋にかなり旨い油そば、ランチピークタイム過ぎても大賑わいなのも納得です。かなり外観も店内も「年季」の入った雰囲気です。気の置けない仲間とドーゾ。ごちそうさまでした。,0
新橋駅から徒歩5分くらい。飲み屋さんが並ぶエリアにあって、夜でも活気がすごい！カウンター中心の店内で、仕事終わりのサラリーマン多め。回転は早めだけど、人気店だから時間帯によっては少し並ぶことも◎▶︎注文したもの：・らーめん（並）・ライス・青菜トッピングスープは濃厚な豚骨醤油で、とろっとクリーミー。しっかりコクがあるのに、くどすぎないのが最高！中太麺がスープにしっかり絡んで、ひと口目からガツンとくる美味しさ。大きめのチャーシューはしっとり柔らかくて、存在感抜群。ほうれん草と海苔の組み合わせがやっぱり家系って感じでテンション上がる♪ライスはマスト！スープに浸した海苔でごはん巻いて食べるの、幸せすぎたな〜。濃いめ・多め・かためのカスタマイズもできるから、ガッツリ派にもぴったり。新橋で〆ラーメンにも、がっつりディナーにもおすすめのお店☆,1
"本日は、中野からの伊勢原経由で町田ピック立川と南回りの遠征（空走が伊勢原〜町田だからラッキー）で、見事にお昼過ぎに完了となると、お昼ラスト時間に間に合いそうな人気店狙いで検索して一軒目は後30分で終わり（って少し早いな）二件目は15:00までなので、間に合う中華そば　心　さん場所が京王線の多摩霊園駅近くと言う、かなりマイナーな立地甲州街道から少し入るし、電車も各停名前の通り霊園あるが3km離れてる味スタや東京競馬場、多摩川競艇などもそれぞれ一駅づつ遠いそんな中、ジンワリ人気の出そうな一軒を発見本日は、特性白中華そば　1,400円（大盛：100円）トッピングは、鶏と豚のチャーシュー、海苔、ネギ、三つ葉、タケノコ、タマネギ、味玉ぱっと見は、塩ラーメンかと思えるほど見事に透き通った「白醤油」今まででは無かった醤油味のスープ醤油と言えば醤油ですが、関東風の真っ黒な醤油や関西風の澄んだ醤油とは、全く異なった独特な味わいむしろ、醤油というより出汁か塩の味を想像して、頂いたから、見事に裏切られた多分、説明されても分かりにくいスープです醤油と言えばしっかり醤油ですしかし、風味は薄っすら感じる程度むしろ穀物の甘味が感じられるついつい、胡椒とか塩とか追加したくなる感じですが、最後まで頂くと白醤油が少しわかるかもデス後、玉ねぎがスープと相性良し最後まで楽しめる一杯でした今度はノーマルの醤油で大変美味しく頂きましたあとで調べたら、白醤油って小麦主体の醤油らしいアレルギーあるとって思ったが、ラーメン自体小麦だしね",0
塩RAMEN（大盛り）　1000円13時過ぎに訪店。すんなりと入れたがその後も途切れなくお客さんは入ってきていた。前回は醤油を頼んだので今回は塩を注文。鳥と豚のチャーシューが一枚ずつ乗っているがどちらも絶品。デフォルトで2種類楽しめるのがありがたい。次は期間限定に挑戦してみたいと思いました。,1
"一口、スープを口に含んだ瞬間——僕は、完全に語彙力を失った。「こっ……ここっ……これは……」言葉にならない何かが、喉を通り、身体の奥へ沈んでいく。考えるより先に、僕は麺をすすっていた。その瞬間、脳裏に浮かんだのは、雪の中、開店30分前から並んでいたあの時間。指先の感覚がなくなるほど寒く、正直、心が折れかけていた、あの待ち時間。だが——その苦しさは、今、音もなく溶けていく。まるで春を迎えた雪のように。気がつけば、僕は無我夢中で箸を動かしていた。啜り、噛み、飲み込む。ただそれだけを、ひたすらに繰り返していた。——ああ、並んでよかった。その一念だけが、静かに胸に残った。そして僕は、ここに宣言しよう。未だかつて、人類が足を踏み入れたことのない家系ラーメンの世界を——これから探しにいくのだと。この物語は、まだ始まったばかりだ。　　　　　　　　　　　　　　　ー 家系物語 ー꧁————————————————————꧂　　注文：らーめん中　　追加：チャーシュー、ライス　　好み：麺硬め、他普通　　値段：1,550円　　　　　　　　　　꧁————————————————————꧂",0
2025.12.18昼　カレーつけめん200g…1000円2025年ラーメン484杯目HASHのラーメンアカデミアhttps://www.youtube.com/@HASHs_ramenacademia/HASH-ROYAL instagramhttps://www.instagram.com/hashroyal/HASH-ROYAL Xhttps://twitter.com/hashroyal,1
"1/18のBS-TBSの「ラーメンを食べる」で川越の本店が放映されておりました。ツルッとした平麺を食べたくなりました。久しぶりにやって来ました。相変わらず混んでます。席と席の間隔がとても狭く、ハッキリ言って落ち着きません。他店ですと、ビール頼んでる人はよく見かけますがここでは皆無です。さっさと食べて帰るというより、窮屈感から逃れるという感じです。麺の量はS,Mが無料、Lが120円？、XLもあります。Lで450グラムだったと思います。今回はLサイズにしました。担担あえ麺を選びました。僅かに汁がはいっております。少しスパイシーですが殆どの人は辛さを気にせずに食べられると思います。挽き肉が美味しいですね。麺はツルッとした平麺です。きしめんのよう。あまり小麦感が無いです。ちょっと飽きてくるのでエムサイズが丁度良いかも知れません。",0
６月某日、朝、本日は昨夜、今週末に友達の結婚式に出席した娘１号を愛車を駆って東京に送り来てそのまま一泊。早朝に出発して高速代節約で下道にて奥多摩経由で信州を目指す。その途中の朝ラーに突撃したのはこちらの店。青梅街道の奥多摩湖畔沿いに佇む老舗の食堂。先日突撃も「臨時休業」（実は５月にも「麺切れ終了」で爆砕している）でフラれており、「秘境ラーメン」としてそうそう来れる土地柄でも無いのでリベンジ突撃をかけてみた次第。１０︰３５着、先客１名、テーブル席に着座、後客１名。先ずは営業していて一安心、メニュー表（メニュー写真）から狙っていたデフォの“手打ち中華そば（醤油）”（８５０円税込）でイッテみる。創業は１９１８（大正７）年と言う１００年超の老舗店。以前から「秘境ラーメン」として認識していたもののロケ的にまず突撃する事は無いであろうと思っていた。しかしながら今年の３月、中央道などの降雪通行止めで青梅街道を迂回した時に見っけ、以降２度の爆砕を経て漸く突撃となった次第。そして待つ事５分、着丼。ビジュアルは、チャーシュー、ナルト２枚、メンマ、ノリ、刻みネギが、醤油スープに乗っている。スープから。ラードの浮く醤油スープは豚骨清湯スープがベースとなっており、ふんわりとライトに香る好みの豚クササを伴った豚骨の出汁が効いた醤油の味わいが味わえる。豚骨大好き「豚野郎」ジジイとしてもあっさりながらも豚骨の動物系の旨味とコクに乗った醤油の味わいがすんごくイイ。醤油のカエシの塩分濃度は適宜で、チャーシューダレと思しき濃口醤油のまろやかな旨味とコクが味わえる。豚骨出汁と共にカエシの豚の旨味がスープ全体に顔を出しているが、課長のウマミも少しくフォロー、野菜由来のクドさの無いまろやかな甘味も味わえる。昭和のジジイには何処かしら昔懐かしの中華そばの味わいを感じさせるクラシカルな醤油テイストがある。間違い無く、歴史のある店の一杯には確実に積み重ねてきたその店独特の旨味があるのだ。実に美味い醤油スープである。麺は断面長四角のちぢれとよじれの入った手打ち中麺。やや加水のある自家製麺と言う事で、茹で加減適宜で、ピロピロ、モチモチとした食感が実にイイ。ちぢれとよじれに味のある醤油スープも良く纏わり付いて来る。実に美味い麺である。具のチャーシューは豚ロースチャーシュー。柔らかくチョイと塩味の効いた醤油ダレでの味付けがなかなか美味い。ナルトは私的にあるだけで落ち着く装備、しかもチョイと珍しく２枚あるのもウレシイ。メンマは細がきされてコリコリ食感、薄醤油ダレでの味付けが美味い。ノリはスープに浸って半蕩け状態、磯風味は淡い。刻みネギの薬味感は良好。スープ完飲。一時帰省していた娘を送り届け、信州に帰還する途中の朝ラーに突撃したこちらの店での「手打ち中華そば（醤油）」。それは豚骨清湯ベースの醤油スープに自家製のちぢれのある手打ち麺を合わせ、チャーシュー、ナルト、メンマなどの装備の一杯。ライトな豚クササを引くコクある醤油スープが実に良く、そのスープを拾うピロモチの手打ちの中麺も良好、醤油ダレでのチャーシュー、２枚あるナルト、コリコリ食感の細がきメンマも良好で実に美味かった。モノホンの昭和の懐かしいテイストがあり、昭和の麺食いジジイには五臓六腑に滲み入る一杯。朝イチだったせいもあるのか情報にあった豚クササは然程で無かった。機会があれば豚骨の炊き詰められた午後にもう一度突撃してみたい、、、,0
平日の遅めのランチで利用させていただきました。今回は特製ラーメンをお願いしました。特製ラーメンはチャーシュー麺の大盛になります。カウンター席に座って待つこと5分足らずで特製ラーメンが着丼。丼の中はチャーシューぎっしりで麺が見えませんね。他の具はメンマともやし、ネギです。まずはスープを一口、豚骨の出汁がしっかり効いていて、冷えた体に染み渡ります。かえしの醤油のコクや甘味が豚骨出汁と見事にマッチしております。続いてチャーシューをどけて、ストレート麺をいただくと、喉越し良い麺で、スープとの相性が良いですね。このストレート麺は京都らしいメンですね。通常のラーメンでもチャーシューは多めですが、薄くてもジューシーなチャーシューが満載です。立て続けに3枚いただきましたが、減った感じがしません。麺と同時にチャーシューをいただくと、ハーモニーが良い感じ。メンマやもやしでお口直ししながらいただきますが、なかなか減らない嬉しいチャーシューです。卓上にある胡椒をふって香りをプラスしながらなんとか平らげました。大満足でした。炒飯も気になりましたが、これ以上は食べられませんね。それにしても美味しかった、ごちそうさまでした。,0
府中本町の有名店に、平日夕方、初訪問。白く大きな暖簾が目立つシンプルな外観に、中も清楚。いかにも「昔ながらの中華そば店」らしい雰囲気です。先客6名、タイミングが良かったのか、5分足らずで提供。【わんたんめん】920円　口の広い玉丼にたっぷりの淡口スープ、黄色みあるちぢれ細麺が映える、ノス系ビジュアル。　スープは煮干ベース、豚骨、昆布も感じます。尖らぬ淡口で飲みやすく、熱々なのがこの時季うれしい。　麺はやや固め、熱いスープにもよく堪えてすすりやすい。　ほんのり生姜と八角を効かせたワンタンもよく調和。小ぶりながら良い味のチャーシュー、ソフトなメンマ、多めのネギ、厚めのナルトと、個々がしっかり役割を果たしつつ、どれかが突出することなく、スルスル優しく食べられる。　永福町大勝軒との類似を指摘される先賢もあります。私としては新潟のあっさり醤油ラーメンが、見た目的にも近いと感じます。　たっぷり入ってラーメン720円、わんたんめん920円の勉強価格。旨味補強の要素も感じますが、肩肘張らずにしょっちゅう食べたくなるような親しみやすさが魅力でしょう。　近くには府中競馬場、大國魂神社という強烈なスポットがあり、その中で長年人気を維持している理由を垣間見た気がします。ごちそうさまでした！,0
"スカイツリーから少し歩いたところにあるこちらのお店。押上駅の広告「記憶に残るワンタン麺」が印象的で訪問。平日の12時ちょうどに訪問。テーブルが２卓空いており、すぐに入れました。その後も客足は絶えず、常に満席に近い状態です。特製ワンタン麺の醤油（1,500円）の食券を購入し、カウンターの店員さんに渡してテーブルに着きます。待つこと10分強。ビジュアル最強に美味しそうなワンタン麺がやってきます。大ぶりのワンタンが四つ。肉とエビが二つずつです。チャーシュー、鶏チャーシュー、ネギ、味玉、カイワレ、のの字ナルトが美しく盛り付けられていて、その下の麺は細麺。スープはキリッと塩気が効いていて◎。トリュフのような良い香りが鼻を抜けます。ワンタンはムチムチで食べ応え抜群！添えてくれる辛味？を付けて食べると最高です。チャーシューも大ぶりで、ボリューム満点。美味しくお腹いっぱいになります。店員さんも笑顔で接客してくれてとても愛想が良く、店内も綺麗で非常に雰囲気の良い店内でした。味、雰囲気ともに大満足なお店でした。ぜひまた伺いたいと思います。ご馳走さまです！",0
平日20時頃訪問、待ちは外3名ほど。入店後に券売機での購入をするスタイル10分ほど待ち着席。ラーメンとライスを注文。960円と150円だったと記憶。特筆すべきはやはりスープ、絶妙なバランスでライスともとても合う。完飲したくなるほどの美味しさでした。,0
東北沢駅から徒歩10分ほどにあるラーメン屋さん平日18時45分ごろ伺うと、待ち9名25分ほど待っての着丼です4名1ロットで、店内待ちが4人未満の場合は中に入り食券を買います。待ち時間に麺量を聞かれますので、早めに決めておきましょう！ラーメン980円ニンニク辛揚げです麺は少しだけ固めの太麺で、辛揚げ溶かしたスープが沁みます。美味しかったです！ご馳走様でした！,1
以前に系列店の【進化】は訪問したことがあったのですが、こちらのお店は未訪問でした。ピークを少し外した時間でしたので待ちなしで入店できました。⭐︎しお味玉ラーメン　鶏塩飯⭐︎ 麺は選べたので縮れ太麺を選択しました。　流石の塩の名店ですね。全体的にクオリティーが高いかと思いました。塩ラーメンはごまかしが効かないラーメンかと思うので、流石です。スープ完飲してしまいました。鶏塩飯の鶏肉も低温調理されており、こんなにも柔らかいのかと思いました。ご馳走様でした。⭐︎2026年45杯目⭐︎,2
気がついてみたら久しぶりの訪問となりました。分倍河原の住宅地とところに突如できた超超極太のラーメン店主さんが気さくで良い方でワンオペでもくもくとさばいてるのも特徴の一つ店内BGMのアニソンも特徴の一つかな(^^)改めて食べるともっちもちもちの麺がうまいねこの日は閉店20分前に突入してラス前でした！アブねーギリギリです。生姜が効いた濃口醤油とネギ、ブロックチャーシューが本当に食欲をそそります。清湯醤油とは真逆にあるもっちりジャンクさも溢れるラーメンごちそうさまでした！突然無性に食べたくなる中毒症のある一杯,2
"This is my go-to ramen shop, and I still haven’t gotten tired of this bowl. No matter how many times I come back, it never disappoints. The balance and comfort of the ramen keep pulling me in, and I always leave satisfied. That’s why it remains my regular stopここはいつも行くとこ、全然あきない。どれだけ来ようが失敗無し。このバランスといい感じでいつも来るし、いつも満足。だから行きつけ",1
雑味のないしじみの出汁が素晴らしい。ひと口最初にスープを飲んだ時の、鼻に抜ける香りが心地よいです。そして秀逸なのは麺との一体感。具材もチャーシュー、味玉もほんのりとした味付けで、邪魔をしない。鍋で一緒に煮る味噌ラーメン以外で、なかなかここまで全体で完成されたラーメンには出会えない。予約制になる前に行った以来だけど、変わらずおいしかった。それも嬉しかったです。,2
気になっていた海老わんたん。土曜の夜、食事時。券売機は外。混んでいるかと思いきや、普通に入店。お目当ては「海老わんたん、味玉付き」。魚介スープで、濃すぎではないが、しっかり。海老わんたんは、海老の味豊かで期待通り。とろとろきみの味玉とチャーシューも美味しかった。で、麺は、どうだったかな。麺なし、わんたん増やしてくれないかなぁ。,0
作り手の具合なのかこちらの具合なのか分かりませんが、行く度に味が変わるお店もある中で、いつ行っても毎回最高に美味しく頂けるお店は大変貴重だし、感服するばかりです。オーダーは、・味噌ラーメン・カレーライス、大盛りどちらもメイン。この為に初台に来る価値あり。カレーライスはミニじゃ足りんです。美味しいので、もっと！となります。カレーライスの持ち帰りが無くなってしまったのは残念ですが、その分店内で味わいます。また行きます。ごちそうさまでした。,0
ラーメンこいけグループの展開するつけ麺店。御徒町駅から徒歩3分ほどの立地。平日夜に訪問しましたが相変わらずの人気で6時過ぎでしたがすでに行列ができてました。つけ麺はつけ汁を2種類選べ、全部が美味しくて最高。おすすめはニンニクですね。麺、肉、たまご、スープ割り全てが高レベルでした。近所なのでまた来ます。,1
日曜日の11:30ごろに2人で訪問した。お店は11:00からやっている。食券を買い、列に並んだ。列には4人いた。意外とすぐに入店できた。お店は8席で、全てカウンターだった。特製ラーメンを中盛り(350g)で注文した。一緒に行った彼女は普通盛りを注文したが、お店の方から「女性には小盛りをおすすめしています」とお勧めされていた。優しい。美味しい。確か現金でしか払えない。,2
週末11時30分過ぎ訪問待ち2名待ち時間15分程店内カウンター、テーブル席ありねぎ塩ワンタン麺　1200円　注文チャーハンメインのお店ですが、小池グループさんのラーメンが大好きなのでラーメン注文優しい塩スープが風味よく美味しい！少し柔らかめの細ストレート麺もよく合います大ぶりワンタンはお肉ぎっしり皮もつるっとしてこれもまた美味しいです細切りチャーシューも柔らかいご飯が無料でつくのですがサービスのふりかけも嬉しい^ ^同席者は大盛唐揚げ炒飯（1230円）注文少しもらいましたが唐揚げカリカリでタルタルソースが絶品！炒飯によく合います！炒飯もワンタンも申し分なく美味しいのでセットがあるのがありがたいです次来店した際はセット必須です！ワンタン麺とチャーハンすごく美味しかったです^ ^ご馳走様でした^ ^,1
こちら、京急の大森町か梅屋敷からが近いでしょうか。券売機の1番左上が特製醤油ラーメンということでこちらをいただきます。届いたラーメンのスープをひとくち。ん？そばの出汁？と思う。鰹だし感？まずは全面に醤油ですね。とても良い醤油の香り、そして酸味も感じます。麺は平打ちの縮れ麺。茹で具合がよくモチモチとしていてうまいです。ワンタンは何より生地がいいですね。とてもしっとりビロビロ。これまた美味いです。チャーシューというかお肉が少なくとも3種、かしわはスライスでなく大きめにカットされたもの、豚はラーメンにはこれまた珍しくロースを使ったものと、薄くスライスしたものが乗っています。そして真っ黒なたまご、こちらは色ほど塩気はないタイプです。で、何故かしいたけ。でもなんか全体的にどこか料理として鍋を食べているような香りと味の構成なんですよね。スープに野菜が入っているからかもしれませんし、お店で炊いているスープの香りなのかもしれません。ちょっと個性的だけど、どこかで食べたな。ということのない美味しいラーメンでした。塩気がもう少し控えめだと完璧なのにと思いました。,2
約3ヶ月ぶり。蒲田の支店は何度か行きましたが、こちらは久しぶり。営業時間が少ないのであまり行く機会がなく。昔は週2とかで行っていたのでとても残念。味は間違いない。今回もたまたま夜営業をやっている時に新橋近くにいたので来てみた。木曜日19時、外待ち10名。夜の時は助手がいるのに、ワンオペの様子。帰り際に助手が現れる。いつもは回転率が高いのに、とても遅かった。食べるのが遅い人が多かったのかも知れない。料理ってリラックスして食べたいと最近良く思う。そういった人達にはこのお店は向いていないように思う。このお店に限ったことではないのかもしれないけど。並んでから着丼までとても時間がかかった。コールは野菜少なめ他全部。いつもバラ肉追加を選ぶけど、蒲田の支店に行ってから、とても薄い豚が出てきた事が続いたので、350円もする豚を追加して薄い豚しか来なかったから嫌なので、追加せず。豚肉が値上がりしているのかもしれないけど、豚1枚追加で350円は高いなぁ。亀戸二郎は今でも100円で豚が追加できる、しかもかなり分厚いし。味は普通に美味い。ここの汁なしは個人的二郎系No1。なだけに残念な部分が見えると、とても残念に思う。とても美味しいけど人には勧める事が出来ないお店。,0
"特製塩¥1,850と鴨ロースめし¥600を頂きましたまず一口目のスープだけで旨みが一気に口に広がって衝撃でした‼️トッピングから麺から全部美味い‼️さらにサイドメニューの鴨ロースめしはマジで美味いので絶対頼んだほうがいいです‼️注意する点は食券スタイルで現金のみのところと、回転重視なので制限時間30分ということころです！完全予約制なので取りにくいっていうのもご注意！※予約するのに500円かかります。",2
荻窪駅北口より徒歩5分ほど。青梅街道を渡り、直ぐに教会通りを北上。Y字の分かれ道を左、アドベンチスト病院方面に少し進んだところにあります。11:45分頃に到着し一巡目が丁度埋まり、少し待ちました。入り口に入って直ぐに券売機があります。ラーメン、玉子、ほたてご飯を購入。待ち合いが2席あるため、案内をされるまでそこで待ちます。席に着くと、そこにはMICHELIN の盾が飾ってあります。そう、2年連続でビルグルマンを受賞されています。そしてその隣には(写真には写っていませんが)、土方歳三の絵が。そうこうしているうちに着丼。薄濁り色の塩スープに細ストレート麺。チャーシュー、メンマ、葱、麩、そして煮卵が。スープはほんのり帆立の香りを楽しむ塩スープ。スープは真昆布をベースにしているだけあって、海草を餌にしている帆立は良く合います。そして、面白いのがお麩が入っているところ。これが意外に良く合うんですね。ほたてご飯は色合いが濃い割には味付けは濃くはなく、ベビー帆立がなんとも贅沢な1品を醸し出してくれます。美味しく頂きました。函館を感じられました。ご馳走さまでした。,2
猫月さんの限定、毎回楽しみなのですが中でも海老系は最も楽しみでして。3連休は、予定があり土曜日を逃してしまうとしばらく行けなくてやらなきゃいけないことをほっぽって、いざ❣️11時過ぎにお店に到着。すでに行列。2巡目に入れた様で.30分弱待って着席。今日は欲張らない様にしようと思ったけど、無理でした。限定の他にやはり海老和え玉も追加注文。透明なスープは海老の香りで広がり、美味しい^ ^海老味噌玉を溶かすとコクが増します。で、極め付けの和え玉。至福〜♪今日も美味しかった！ごちそうさまでした♪,0
祝日の12時ひ到着。22人待ち。1時間20分程並んで店内へ。注文は特製担々麺。食べてみると濃厚な担々スープにストレートの細麺が良く合って美味しいです。挽肉もたっぷり。煮卵もとろっとした仕上がりでチャーシューも食べ応えがありました。ごちそうさまでした。,2
東京都大田区・京急線「梅屋敷駅」から徒歩10分、「大森町駅」から徒歩12分の場所にあります。特製醬油らーめんをいただきました。醤油の良い色合いのスープに味玉、各種チャーシュー、ワンタン、海苔と、その奥にはウェービーな平打ち麺が見えます。スープは醤油の酸味辛味の効いてます。モチッとした歯応えの良い麺によく合います。,2
寒くて温かいラーメンが食べたくて訪問。日曜日の12時前でしたので、並ばずに店内へ。チケットを渡してから待つことなくすぐに提供されました。生姜が香り全体的にまとまっていました。身体がポカポカになり美味しくいただきました。,1
平日の10:55頃、朝食食べていないので､早めの昼食のために訪問。座る席は、カウンター6席のみです。早い時間だから､すぐ座れました。特選中華そば1500円を注文。透き通った塩味スープと薄切りチャシュート煮卵、海苔5枚です。麺は、中太ちぢれ麺でかなり美味しいです。ラーメンは、必ず汁飛ばして､服に飛ばすので､紙エプロンをいただきました。11:05位には、外待ち5-6名となっていました。,1
久しぶりに二郎を食べたくて　この日は常磐線が運休でＴＸに乗っていたら　南千住駅から歩いて行けるのではないかと思い　南千住駅からがんこ南千住店を見ながら　千住大橋を渡り　20分位で着きました　千住大橋二郎は　まだ2回目の初心者です　11時30分過ぎで並びは4人位　前回来たときにいた運動部の学生はいませんでした　食券先買いです　ジロリアン陸さんのサイン入りの試合ポスターもありました大豚　1200円　前回　量は余り多くなかった印象がありました1人出たら　1人入る　このあと電車に乗るので　ニンニク少な目　ニンニクコールすると量があるらしい　野菜増しすると味が薄まるので普通で　他の二郎との比較のためにラー油もコールしませんでした　ワンオペでやっていて　麺茹も時間をかけるので　回転は早くはないと思いますが　量は多い方でないと思うので　食べる時間は長くはないかと⋯　他に1人でやっている二郎はあるのかな？すごい　麺あげもあまり湯切りしないが　カエシとアブラが多いので　無問題麺は食べ易く美味しい　そして醤油色に染まっています　豚は4枚　スープは最後の頃はしょぱいけど美味しい　しょぱい味好きです　がんこラーメンよりしょぱい二郎だと　どうしても早食いになってよく噛まずに食べてしまいます　量を減らせば良いのかもしれませんが　美味しいものをお腹いっぱい食べたくて　つい大を食べてしまいます店に着いて食券を買っている間に　最後の人が1人増えた気がしたので　食券を買ったのか疑問でしたが　カウンターに座ってから両替して食券を買っていた　これってあり？　その人の次のロットになったのでモヤモヤしたものが残りました味も　食べたあとも二郎を食べたと思えるものでした,1
透き通ったスープにうっすらオレンジ色カニの甲羅の色かな、、スープめっちゃ、カニ！うんまーっ永遠と飲める細麺をチョイススープがからむカニの身たっぷりのあんかけスープとはまた違ったカニの美味しさこのご時世、このお値段が素敵すぎる,1
”中華蕎麦一心”ーーー【お店について】高円寺駅から徒歩6分ほど。高円寺の北側あづま通り沿い、今はなき神保町の名店黒須出身とのこと。時刻は11:30ごろ。お店の前に待ちはなくそのまま店内へ。この日は醤油ラーメンを目当てに訪問したが、醤油ラーメンにはバツ印が。特に事前の告知もなかったので、もしかしたら現在は提供されていないのかもしれない。気を取り直して私は特製塩中華そばをいただくことに。ロットは一杯ずつの提供。二人グループなら二杯ずつ提供していた。15分ほど待ってラーメン到着。それではいただきます。ーーー【味の感想】・特製塩中華そば　　¥1400早速スープを一口。ズドン！とくる鶏の香り、旨味、風味。一口目からあまりにもリッチな丸鶏感。濃厚な鶏の旨味に反して、スープ自体はあっさりとしていて塩のキレ感と鶏油の旨味がかなり強い。麺はにゅるっとしたストレート細麺。滑らかでいてしなやか、まるでスープに溶け込んでいくような啜り心地の良さが最高で、正直めちゃくちゃ美味しい麺。チャーシュー、味玉とトッピングのレベルが高い。アーリーレッドが少し粗めに設定されていて、アクセントとしては素晴らしいが、あまりにも繊細なスープではあるのでもう少し溶け込むように細かくても良いのかなと思った。まあこの辺りは私の好みなのでどうでもいいことである。ーーー【総評】最初醤油がなくて残念でしたが、お店の押しは塩ラーメンということもあり、圧巻のクオリティーに驚愕してしまいましたね。ドストレートに鶏の旨さをこれでもかとリッチに表現した一杯という印象で、これは鶏塩ラーメン好きには堪らない一杯ではないでしょうか。ずっと宿題にしていたお店だったのですが、シンプルにもっと早く来ておけばよかったですね。次回こそは醤油、食べてみたいな。ちなみにつけ麺は醤油も提供していたので望みはあります。たぶん。それではごちそうさまでした。とても美味しかったです。,1
"平日昼から混雑の店。塩全部乗せ＋つくね（1,800円）を注文。しお、しょうゆ、味噌、油全種類あるのは面白い。ゆで卵が燻製でこれも中々面白い。麺は太麺か手もみ麺の選択可能。スープは鶏がらと塩スープを混ぜた味であり、ちらりと山椒の味わいも残されてるのが良かった。",1
日曜日のちょっと天気がいい日に散歩がてら浅草橋に。11時過ぎに到着しまずは腹ごしらえ、ということでお伺い。並ぶ事も覚悟していましたが、数席空いております！食券を買いすんなり着席。二郎系もあるようですが、ここでは特製らあ麺を注文。麺は細麺でスープもしっかりしていてなかなか美味しいです。テーブルには葱も置いてあり、遠慮なくどうぞ！のシールが、、ということで遠慮なく入れさせて頂きました（笑）豆板醤ににらが入った薬味もありましたが、こちらはちょっとだけ。お店の雰囲気も悪くないです。次回は二郎系も食べてみようかと思います。,1
日曜の12:00過ぎに訪問も並ばずに入れる百名店。ラーメン系と悩んだ挙句、肉にぼにぼなーらを注文。混ぜそばもカルボナーラも大好きな自分にとって、このにぼにぼなーらはどうなっても大好きなやつでした。そのまま食べて、混ぜて食べて、卵黄割って食べて、ネギと食べて、最後まで飽きずに大満足。チャーシューは美味いラーメン屋の、ジューシーで崩れてしまいそうな肉塊系で、これがあるから混ぜそばだと言える感じがした。100円で替え玉ができるので、細麺で注文。一口ライスでリゾットにできるらしいが、胃のキャパが無くなり断念。スイーツのパンナコッタでリフレッシュしてごちそうさまでした。また行きたい。次はラーメン系。,0
背脂生姜醤油を注文。まずスープの香りが立った瞬間に、生姜の存在感がしっかり主張してきて期待値アップ！一口飲むと、生姜のキレと醤油のコクがバシッと決まっていて、そこに背脂の甘みが重なる感じ。こってりしてるのに後味は意外と重くなく、どんどん飲めてしまうのが不思議。生姜のおかげで全体が引き締まっていて、バランスがかなりいい！麺は小麦の風味がしっかり感じられる太めタイプで、スープとの絡みも抜群。噛むたびに「麺うまいな…！」ってなるやつ。肉もゴロッと入っていて、食べ応えもしっかり。全体的に丁寧に作られている印象で、ガツン系だけど雑さは一切なし。「今日は生姜効いたやつ食べたい！」って日に、間違いなく刺さる一杯でした。また来ます！,1
昨年4月以来、久しぶりにランチで再訪✨やっぱり定期的に食べたくなる一杯。この日は13:20頃に到着。店内満席で、店内待ち2組3名に接続。並びの途中で事前注文を済ませ、待つこと約10分で着席でした⏳今回のオーダーはこちらちゃーしゅうごはんセット追加TP 味付たまご着席後ほどなくして着丼✨まず一口スープを啜ると、節の風味が前面に立つ動物系×魚介系のWスープが安定の美味しさコクがありながらも重すぎず、やっぱりこの味。特注の中太ストレート麺はにゅるっと、もっちりとした食感が心地よくスープとの絡みも抜群具材はほろほろの豚チャーシュー食感の良い太メンマ刻みねぎ海苔追加した味玉も程よい味染みで全体のバランスが本当に秀逸。麺を食べ終えた後はサイドのちゃーしゅうごはんほぐしチャーシューと刻み海苔の乗ったご飯をスープに軽く潜らせながらいただくと…これがまた間違いない美味しさランチ訪問時には外せないセットだなと改めて実感。最後はもちろん完飲完食✨変わらぬ味わいに、自然と笑顔になります。そして何より物腰柔らかく、丁寧なご対応のご夫婦の接客。この空気感こそが、こうかいぼう最大の魅力だなと改めて感じながら、ご挨拶して退店しました‍♂️美味しい一杯と素敵な時間をありがとうございましたごちそうさまでした,2
シンプルに中華麺と餃子を注文！ますスープが野菜から出したフレッジさがあり、まさに生きているスープです。作り置きとは別物です、もやしも炒め具合がバッチリです！太麺も美味しい！量もたっぷりあります。餃子は前回も書いたかもしれませんか、注文してから包む感じがします！餡が旨みがない冷凍ではありません！すこし大きめサイズで餡が生きています！このあたり他店と異なります！こうでないとね餃子はもやしワンタン麺頼む人多いです！理想的かも！町中華ではここを超える店は少ないかも！ご飯類は次回食べてみようと思います！,2
【訪問メモ】・平日11:20到着／開店前4人待ち・上板橋駅 徒歩2分の駅チカ・カウンターのみのコンパクト空間・醤油の輪郭が強い熱々スープ×中太モチモチ麺・麺量多め／中盛350gでしっかり食べ応え⸻「魂の中華そば」って店名、強すぎません？ラーメン屋というより、もう魂の道場。空腹で来たのに、胃袋より先に魂が満腹になってそうな予感。まず暖簾がデニム生地でワイルド！店先からして「魂入ってます」って顔してます。平日11時20分到着。上板橋駅から徒歩2分という近さです。開店10分前の時点で4人待ち。店前には椅子3脚＋ベンチ1つ。並び方としては、隣の敷地にはみ出そうなら道路向かいに並ぶスタイル。本来並ぶ前に食券購入ですが、開店前なので今回はそのまま待ちます。そして開店2分前にオープン。店内はカウンターのみ9席でコンパクト。あっという間に満席になり、外待ち発生です。調理風景を眺めていると、一杯ずつ丁寧に、でも無駄のない所作で作っていて好感がもてます。例えるなら、ラーメン界の職人系フィギュアスケーター。丼を麺茹での湯気で温めてるのも良い…！「熱々で出す」っていう意思が伝わってきて、着氷、、、いや、着丼前からテンションが上がります。一度に4杯ずつ作るスタイルで、私は2巡目。待ち時間10分ほどで、魂、着丼。⸻★中華そば（1050円）＋中盛り350g（50円）見た目からして、もう真面目。「魂」って書いてあるラーメンがふざけてるわけない。食べる方も気合がはいります！スープは豚骨魚介ベースに、醤油ダレがしっかり主張するタイプで、輪郭がくっきり。キレのある飲み口で、ぐいぐい進むのに後味は意外と重くないです。スープは豚骨魚介ベースに、醤油ダレがしっかり主張するタイプ。輪郭くっきりでキレがあり、ぐいぐい飲めるのに後味は意外と重すぎないです。まさに、濃厚なのに最後まで飲み干せるスープの理想形♪麺は、自家製中太ストレート。モチモチした食感と滑るような喉越しがたまりません！小麦の旨みと香りがしっかり感じられ、スープとの絡みも良くて美味しいです。中盛り350gにすると、しっかりボリュームで食べ応え抜群。大盛りを頼んでる人もいましたが、器のサイズからして別格で「魂の容量が違う」感がありました。笑チャーシューは味付けは比較的あっさりなのに柔らかく、噛むほど肉の旨みがじわじわ押し寄せてくる。派手じゃないのに印象に残る、いいホロホロ肉です。メンマはラー油が効いてピリッとアクセント。箸休めというより、途中でスイッチ入れ直してくるぐらい美味しいです。そして胡椒が合う。黒胡椒と白胡椒が置いてあるのも嬉しくて、途中から味変として引き締めてくれます。⸻店名のインパクトで気になって来たけど、中身もしっかり“魂”が入ってました。上板橋で、ちゃんと記憶に残る一杯。行列ができるのも納得です。,2
家系ラーメン、ライスセット白髪ねぎ味玉トッピング計1400円卓上にはお漬物もあります！見てくださいこの美しい味玉白髪ねぎも辛くなくチャーシューも分厚い味はガツンと醤油系ではないがしっかりうまい店主の丁寧さをかなり感じる奥深い1杯近くにあれば通っているのにラストオーダー30分前でもしっかり10人ほど並んでいました。かなり美味しかったのでまた食べたいです。,0
全国の名物料理を食す旅。以前来店したことがある田中そば店。以前は気にしていなかったが、ここではあの山形辛みそラーメンを提供している。赤湯で生まれた辛みそラーメン。なかなか現地では食べれないので、まずは田中そば店にて。まずは券売機で券を買います。そして並びます。10人くらい並んでますがサクサク進みます。待ち時間は15分程度でしょうか？入ると程なくして着丼。到着するとそれは写真で見た事ある赤湯の辛味噌そのままな感じです。まずは辛みそを溶かさずに一口。動物系のみかな？で濃厚でこれはこれでやはり美味い。しかし辛みそを溶かすと、辛い！味噌！美味い！っと言った感じです。一気に辛い味噌ラーメンに変わります。そして麺もうまい！この手打ちな感じが美味い！さらにチャーシューが柔らかい、味が染みている！あっという間に完食です。しかし注意が必要。美味くて結構スープ飲んだ結果…かなりのニンニクの匂いが残ります（笑）食べる時は覚悟が必要ですね！ご馳走様でした！,1
平日13時頃訪問。店先で整理券を発券するシステム。待ちは8組程で30分くらいで店内へ。◯醤油ラーメン（1200円）◯味玉（200円）料理は券売機ではなく、メニュー表を見て店員さんに伝えるスタイル。クリアな醤油スープに中太手もみ麺。麺はもちもちで美味しい！注文毎に炙るバラとしっとりしたロースの2種の叉焼、味がしみためんま、加賀蓮根も淡麗系スープととても合っておりあっという間に完食！,2
"特製梅塩らーめん(細麺,味玉,わんたん,ちゃーしゅー)¥1,300-初めての梅塩らーめん、塩らーめんに梅干しが1つ2つのってるのかなと想像していましたが梅の姿は無し。一口スープを飲むとスープに溶け込んだ梅の香りがホワっと鼻に抜けるが梅特有のすっぱさはしない。いわゆるお茶漬け味ではない、あくまで鳥出汁塩味の少しトロっとしたスープと梅味がマッチしたラーメン。その塩梅の見事さ、大喜の店主の腕を甘くみていました。(すみせん。)その他、削り鰹節、おぼろ昆布、千切りネギがのっているという思いもつかない技に感服しました。",2
もう、今日は西東京で連食祭り。最後の３件目は、鴨福さん。こちら、突然先日発表がありましたが、２月いっぱいで現店舗の営業終了との事。移転して、店は継続されるとの事で一安心。テーブルチェックで予約していたので待たずに入店。特製醤油ラーメン1800円。ミニ鴨丼300円いいお値段です。最近はラーメンで2000円もみえてきてますね。カウンターから見える調理場は、本当に、ラーメンを作るところがよく見えるオープンキッチン。具材を切り、チャーシューを網で炙り、黄身を用意し、鴨ロースを細かく切り。無駄がなく、流れるような作業をみているのも楽しい。そして、着丼。鴨の主張を強すぎないように少し抑えめに調整しているスープ、きしめんのような平ピロ麺、チャーシュー、ワンタン、どれも素晴らしい特に鴨ロースはこんなに美味いのは初めて食べました。値段が気軽には食べれないのが、少し残念で星0.5マイナスしましたが、味は素晴らしい。あとは、ラーメンというとやはり啜りたいなあというのがあり、この麺ならもっとこってり鴨スープ期待しちゃうなーが、少しマイナスでした。やはり、ラーメンは丼合わせて1500円以下位がありがたいなあと思う私でした。,2
開店15分前に列に並ぶ。ワンクール目で入れそう。女性の店員さんが事前に注文を聞いてくれる。定時の数分前に開店。注文を聞いてくれた店員さんが、料理人さんに注文を通す。全て覚えている！それを受ける料理人さんも覚えている！すごい！中華そばと呼ぶにふさわしい、魚介系の香りもあるスープ。麺は、ツルツルシコシコ。とても美味しい。　今度は、生玉子もトッピングしてみよう。,1
寒い日が続くのでラーメンで暖まりたいなということでこちらへ。わんたん麺の醤油をお願いしました。口頭で注文後、現金で支払いです。有名なわんたんよりもスープによく絡む中太麺に心奪われてあっという間に完食しました。それなりに美味しかったんですが、店内の注意書きや店員さんの雰囲気がピリピリしていて、個人的にはあまり気持ちよく食事出来なかったです,1
"今回、ランチタイムに利用しました。何にしようか迷いましたが、特製背脂生姜ラーメンを注文しました。食券制のお店です。注文内容特製背脂生姜ラーメン　1,350円特製背脂生姜ラーメンは、あっさりとした醤油ベースのラーメンに背脂がかかった一品です。麺は、柔らかめのもちもちとした食感の細麺でした。具材は、チャーシュー、味玉、メンマ、ナルト、岩海苔、おろし生姜、ネギです。塩味も程よく美味しくいただきました。店内、清潔感のある雰囲気のお店です。外国人スタッフさんも活躍されており、接客対応も丁寧な印象でした。幡ヶ谷駅近くにあるラーメン屋さんです。",0
【2025年11月下旬訪問 アーカイブ掲載】中学生か高校生の時に読んだ小説で製薬主人公である製薬会社のMRが薬剤師さんや看護婦さん(当時は、そう呼ばれた)や女医さん達に、やたらモテて遣りまくるって話があって、その舞台が福生であった。なので私の中では福生と言う街のイメージは横田基地のお膝元と言うよりエロい街と言う印象だけだった。青梅や奥多摩に行く際、通り過ぎる事はあっても過去一度も下車した事が無かったのだが晩秋のこの日、JR青梅線福生駅に降り立ったのは一杯のラーメンが食べたかった為。1年近く前、偶然この店の事を知り食べて見たいとは思っていたのだが、福生は私の生活圏からは完全に逸脱しており近隣にも行く機会は全く無かった。しかし、立川駅近くでの所用を済ませ次のアポイントの為に駅に移動しようとしていた時に電話が掛かって来た。アポイント先の担当者がインフルエンザに罹患して暫く出て来れないと・・・その時、この店の事が閃いた！立川からなら僅か7駅、30分掛からずに着ける。営業しているかどうかを確認し、急いで駅に戻ると青梅行の電車は6分後。いそいそと電車に乗り込み到着した西口は微塵のエロさも感じられない長閑な風情。伊奈福生線を南下し福生駅西の交差点を左折し新奥多摩街道に入って100m強の右側。店内に入ると先客は無く店主のワンオペの様子。券売機で、ずっと前から決めていた山椒の塩ラーメン＠950円を購入してカウンター中程の席に着席。店内は和の設えでカウンター8席のみ。今のイチオシは限定の牡蠣がお薦めの様子だが、牡蠣が苦手な私には辛いし、兎に角最初はシンプルなメニューをと選択したが、山椒と蛤の塩ラーメンや、和牛BLACK等の魅力的なチョイスも溢れている。10分弱で急に目の前の襖が開いて山椒の塩ラーメンが到着した。手を付けたく無い程に美しく整えられた麺線の半分に薄切りの叉焼が被さり、その上にメンマが施され青葱がセンターを〆ている。　美しいじゃん！そして最後に掛けられている山椒が何とも薫り高い。　お約束通りにスープを一口、旨いっ！　二口、三口、四口、五口と止まらない。山椒の香りもさることながら、そのスープの奥深さに仰天。塩スープで、ここまでの奥深さを感じたのは飯能の「中華そば　きなり」土橋さんのスープを飲んで以来の事。　素晴らしいとしか言いようが無い！徐に麺を一掬い。三河屋製麺のかなり細目のストレート麺だが細さに負けないコシも有る上に喉越しが抜群に良い。いやぁシンプルながら、こんなに旨味と感動を伝えられるって凄い！豚ロースの叉焼も口の中で儚く解け実に美味しい。あっという間に食べ切ってしまいましたが、食べ終えた瞬間に、もう一度食べたくなる一杯。これからは立川での所用を無理矢理増やし他のメニューも、どうしても食べたい。特に、この塩ラーメンには岩海苔が絶対に合うと思うので、それも！（後からトッピングに岩海苔が有った事に気付いて後悔しきり・・・）兎に角、早目に再訪問決定です。大変、ご馳走様でした！！！,0
「中華そば みたか」での昼下がりは、まるで時間の流れに逆らうような、そこらのラーメンにはない、ちょっとした異次元ライブ空間だった。開店の一時間前、まだ太陽も本気を出していない午前の空気の中、二番目に並んだ。先客は一人。どうやら僕たちよりずっと先に来ていたようだ。その背中には「みたか愛」が滲んでいた。今日は久しぶりに会った友人と一緒だった。会社の同期だった男で、今は別の職場にいる。仕事も環境も違うけれど、ふとした拍子にこうしてまた会えるのは、人生がまだあたたかいという証拠かもしれない。ふたりして缶のハイボールを開けて、たわいのない話を始めた。話題はいつだって意味のないことばかりだ。健康について、最近の仕事、近所のラーメン屋がやけにうまかったって話。だけど、それでいい。会話は時に意味を持たなくても、心を温める焚き火のようなものだ。気づけば、開店時間。金属製の引き戸がスルリと開いて、いつもの老舗の空気が流れ出す。中に入ると、僕たち以外は全員常連のようだった。女性店員が瓶ビールの栓を「シュポッ」と抜く。その音が店内に小気味よく響く。続いて、「シュポッ、シュポッ」と音が続く。まるで楽器の調律みたいに規則的で心地よい。その音に、友人が目を丸くして笑う。「いい音するなあ」と言って。僕は「これがみたかのシンフォニーだよ」と答えた。乾杯は赤星で。星の赤さが、やけに今日の気分にしっくりきた。グラスを合わせる音が、少しだけ人生を肯定してくれた気がした。お通しのように出てきたチャシュー皿は、角の取れた肉の断面が美しく、脂の白さが午後の光を反射していた。噛めば、舌の上でじわじわと溶ける。まるで古い友人の言葉のように、時間をかけて染みてくる。一巡目の客がそれぞれ思い思いにビールを注文していく。二本目にキリンの「晴れ風」を頼んでみたら「売り切れ」と言われた。でも、そのすぐあとに別の常連が「晴れ風ください」と言ったら、何事もなかったようにサッと出てきた。そういうものだ。世界は平等じゃない。でも、この小さな不平等には妙な温もりがあって、誰にも迷惑をかけない不条理として、僕の中では成立している。そして、麺の時間だ。五目油そばに半熟たまごを添えて。まるで多国籍なバンドがセッションしているかのような見た目。刻みネギの緑、チャシューのピンク、ナルトの渦巻き、ピーマンの輪切り、そしてとろりとした白い卵黄。そこに、どこか懐かしい存在感でプレスハムが混ざっている。学校給食の記憶とラーメン屋の香りが、時空を越えて丼の中で出会ったような奇妙な懐かしさ。ひと口すすれば、濃いめのタレが喉の奥で深く鳴る。腰の強い麺が、タレと野菜と卵、そしてプレスハムを巻き込みながら、食感の交響曲を奏でていく。ビールの泡と、麺のぬめりと、タレの塩味。それが口の中で交わると、なぜだか少し人生が肯定される気がするから不思議だ。最後、スープ割りをもらおうと思ったときには、肝心の麺を少しも残していなかった。いつもの失敗だ。でも、いい。出汁の風味だけで十分に満たされた。食後、ふたりして「うまかったな」と言っただけで、他には何も言わなかった。だって、本当にうまかったんだから。満足の余韻というのは、言葉を必要としない。僕たちはそのまま、午後の光の中へと吸い込まれていった。こんな日が、人生に時々ある。それだけで、明日を少しだけ好きになれる。#中華そばみたか,1
-結論見た目以上に薄味の、こちら。しかし、別皿のニンニク醤油やネギ、卓上のお酢で味変する事で、別物に変わる。最初から味変をオススメしたい。-感想竹ノ塚駅でランチ時となり、評判こちらに。店内はオシャレな感じで、接客も良い。つけ麺をチョイス。見た目以上に薄味のスープだが、ニンニク醤油やネギの別皿がある事に意味があった。半分くらい進んだところで、別皿とお酢で味変。全く別物になって、楽しめる。ツルッと美味しい麺とも、絡みは良い。味変のタイミングを考えて食べるべし。オススメは、最初から。,1
大勝軒のラーメンを彷彿とさせるラーメン。大勝軒より麺が少し卵系が強いかな。スープは魚粉、鰹出汁が効いたハイクオリティ味わい。たまらない！新橋の喧騒から少し離れたところにあり、夜は空いていた。また伺いたいお店。ごちそうさまでした。,0
特製らーめん。麺は細麺。だが、量は普通のラーメン店の1.5倍はあるであろう食べ応え。スープは鶏の旨み、薬味として上に乗っている柚子胡椒が後々アクセントに。メンマもしっかり味がついており、麺と一緒に食べるのがたまらない。,2
練馬小竹向原のラーメン一番。夜中12時から並んで1時間…  僕は新規やけど、さて並ぶ価値あるのか？おっと、、なんやこれ！味の濃さ、ニンニクのパンチが半端ないわ。井上尚弥のストレート並みの力強さを感じた。まだ僕はダウンとられてない！チャーシュー5枚＋ニンニク＋メンマで投入、口にスープの重厚さが直撃。麺のコシも完璧。一口ごとに「これや…」って呟いてる自分がいる。なぜ夜中12時過ぎにこんなに並ぶのか...これはロジックでは語れない生物学の話になる。背徳感マックスやのに、本能が欲してるから仕方ないんやと思う。あかん、美味すぎてTKOや。ラーメン一番でニルヴァーナ一直線や。,0
今日の限定が気になったので訪問。11時50分到着　待ち人2名本日の限定はプリ・ド・モ・チーズ高原豚挽肉の蜂蜜甘露煮カレー仕立て⭐︎サワークリーム⭐︎カルピスバタークリームまぜソバ〜のトマトらぁ麺　1500円替え玉　300円この長いネーミングにどんなものだろうと気になってしょうがなかったです。笑このまぜソバは、食べてを選ぶ逸品でしたカルピスバターのまぜソバだけでも美味しいのですがサワークリームととか混ぜたらテクニカルなモノになりました。マッチングトマトのスープ割りは、バター風味の替え玉と一緒にスープパスタになり面白いです。,0
西武新宿線「野方」駅北口から出て、駅前商店街をそのまま右へ進む。「北原通り商店街」というらしい。しばらく歩くと新青梅街道に出る手前の左側に、『味噌麺処 花道庵』がある。駅から徒歩で5分ほどだ。平日の14:30。並びはなく店内へ入った。お店は通し営業らしい。入り口の左側に券売機がある。◯味噌ラーメン　　　¥980の食券を購入。店員の方に勧められ、4人掛けのテーブル席に腰を落ち着けた。店内にはもう1卓、テーブル席がある。厨房のところには、カウンター席が５席ある。お昼の混雑時間はとうに過ぎたらしく、お客さんは、私を除いて、2人。厨房では、味噌ラーメン屋さんらしい、中華鍋で具材を炒める音や味噌を調理する音が、心地良い響きをさせて、聞こえてくる。味噌ラーメンが供された。シャキシャキの大ぶりなもやし。大ぶりなチャーシュー。それに、同じく大きめのメンマ。そうして、スープからは中太で、やや縮れのある黄色い玉子麺が少しだけ顔を出している。けれども、いちばん強く目立っているのは、とろみの強そうな、味噌スープだ。まずは、赤いレンゲでスープを啜った。美味い。トロッとした食感と、甘味を控えめにした味わいが素晴らしい。嬉しいことに、何か気をてらった味付けではなく、誰もが「美味い」と感じる味わいであることだ。つまり、また食べたくなる味噌ラーメンの味。もやしの炒めかたも文句ナシ。シャキシャキ食感を残しつつ、味噌スープに混じり合っている。もう、このあたりで美味そうな予感がしていた。案外もやし増量をお願いしても良かったかもしれない。荻窪の行列店『味噌っ子ふっく』のような、一頭地抜きん出た味わいではないが、そのことが、かえってリピートしたくなるスープの味わいでもある。とろみの味わいが胃袋にシミジミと広がっていく。麺を手繰る。もっちりした味わいと、その茹で方はやや麺カタで、味噌スープのまとわりつきもちょうど良い按配だ。こうして麺が美味しいと嬉しくなる。お店の壁面には、三河屋製麺のカレンダーが貼ってある。特注の卵めんなのだろうか。そうして、チャーシューである。ホロホロまではいかないけれど、箸で簡単にほどける口あたり。とても美味しい。メンマの味わいもほどよい、かみ心地。ひとつひとつの素材が、この味噌ラーメンのハーモニーを奏でているようだ。詰まるところ、すべての美味しい要素が、まとまりのある一体感を醸し出す、これは完成された味噌ラーメンだと思う。食べ終わると、何かホッとさせる幸せな気持ちが自然と訪れてくる。スープの最後の一滴も美味しく、完食した。本日のお昼ご飯は、大変、美味しゅうございました。長文にもかかわらず、最後までお読みいただき、心より感謝いたします。,2
中野駅（JR中央線）北口から徒歩５分ほどの場所にあるラーメン店。お店はカウンター席のみ。なので大人数での訪問には向かないお店です。無化調スープと国産小麦麺が特徴で、食べログの点数は3.68(2026.2現在）の人気店。「中華そば」のほかに「担々麺」も人気みたいで、訪問した時には「中華そば」と「担々麺」を食べている人が半々くらいでした。若いお客さんたちは「トロ肉ごはん」をつけたセットを食べている方も多かったですね。中華そば1100円最近は1000円を超えるラーメンも珍しくなくないですが、一般的な町のラーメン屋に比べると、値段が高いのは事実。でも、食べてみると、完成度の高いラーメンは決して値段が高いとは思わないと思います。とにかくスープが美味しいですね。煮干しと動物系とお店には書かれていましたが、とにかく、透き通った美味しさのスープは全くジャンクっぽさがなく、繊細な味がします。チャーシューは肩ロースとももの２種類。肩ロースは炭焼きとのこと。ももは本当にしっとり。基本の1100円でこれが食べられるのですから十分に満足。もう１つの担々麺は辛さを選択できるようですね。今度、担々麺を食べてみたいと思います。このお店、現金不可なのでご注意を。現金以外はほぼ全てが可能なようですが、とにかく現金は不可です。,1
【260211】本日の朝食兼ランチは「きたかた食堂」さんへいざ❗️９時店着で並びなし。先客３名。入り口左手の食券機で表題を購入しカウンターへ着席。ラーメンのスープは二種類あり「①すっきり＝淡麗かつシャープなスープ」または「②まったり＝背脂入りのマイルドなスープ」から選択。小生は「すっきり」をチョイス。待つこと４分ほどで漬け丼。さらに３分後ラーメンが着丼❗️先ずはスープから。朝ラーメンの文化が根付いてる喜多方ラーメンはあっさりシンプル。朝にはうってつけの淡麗スープ。麺は自家製の手揉み麺とのこと。ツルモチ食感で好みの麺。若干柔めかなと思ったが、多少時間が経っても伸びない高加水麺。さて天然大トロ漬け丼をいただきます。トロたく、中トロ、大トロの小丼。丼のご飯がただの白米だったら、と、ドキドキしたが酢飯で安心。切り身は二切れずつと親指大のトロたく。わさびも風味良く美味しい。小丼が500円程度。いや〜朝から大満足❗️ご馳走様でした‼️,1
"オープン直後から名前を耳にしており、ずっとお伺いしたいと思ってたお店。そんなお店に1周年記念限定の日に初めて来てしまった。こういう特別な限定は、お値段高めになったりしてお店の評価をするのが難しいので、出来れば通常営業の時に1度来ておきたかったです。なので本当の評価は通常営業時に食べてからだと思っています。今日お伺い出来たのは中々の奇跡で、今日が1周年限定であること自体を当日の朝に知り、本来当日に予約なんて取れるはずがなかったでしょうに、奇跡的に1人枠だけおそらくキャンセルにより取れてお伺いが出来ました。さて、お伺いしてみて、まず場所にビックリ。とてもラーメン屋を営業するような立地ではない。まず、2階にあること。ラーメン屋は百貨店とかに入っていない限り1階のイメージがあり、何となくの場所はわかっていたのに気付けず1度通りすぎてしまった。ビル自体もとてもラーメン屋があるようなビルでなく、スナックなどが入っているようなビルで、実際に向かい側はスナックのようだった。こんな場所で人を集められるなんて、どれだけ凄いんだろう。そもそもここでお店を出そうと思ったなんて、どれだけの自信や確信があったんだろうと考えてしまう。今日の1周年限定メニューは、のどぐろと帆立と珊瑚樹トマトの塩ラーメン4,500円とほろほろ鳥と鴨のパルミジャーノ醤油ラーメン3,500円で、私はのどぐろの塩ラーメンを食べる気満々でお伺いしたのですが、私が食券を買うタイミングでは既に売り切れており、ほろほろ鳥しか選択にありませんでした。無念…。併せて限定の和牛入り牛丼700円もご注文。まあ、今回はお伺い出来ただけで奇跡的だったので欲はかかない。とは言え、座った隣の席の方が食べていたのがのどぐろ塩ラーメンだったと思われたので、ギリギリ売り切れたタイミングだったのか、お店の方とお知り合いの方だったようで、優先的に確保されていたのかはわかりませんが、ギリギリだったのならより無念です。さて、肝心なお味です。もちろん美味しいです。ちょっとほろほろ鳥の火の通り加減が甘かったようにも思いましたが、特に鴨のチャーシューは絶品でした。1周年記念ということもあり、とても良い食材を使っていたのでしょう。ただ、さすがにラーメンに1杯に3,500円(のどぐろ側なら4,500円)は中々出せる金額ではない。極上(トッピング追加)にしていたらさらに2,000円プラスの5,500円、これを満足させるとなったら相当ですよ。美味しかったですが、私にはさすがに3,500円の価値は見出だせずでした。お店側としてはこんなことを言うやつにもう来て欲しくないかと思いますが、やはり1度通常営業時のレギュラーメニューを食べて再評価させていただきたいです。",1
ランチで豚骨ラーメンが食べたくなりこちらの店に。今回も大判ラーメンを注文。もちろんバリカタで。豚骨ラーメンですが、スープはあっさりしていて飲みやすいです。麺も固めでとても美味しかったです。替え玉も注文して腹一杯頂きました！美味しかったです。,0
30年前に浅草店でいただいた焼きそばが忘れられなくて、また行きたいと思っていたら日暮里駅前に「馬賊」を発見。迷わず入店しました。日曜日の午後1時過ぎでしたが混んでました。五目焼きそばと紹興酒に勢いよく餃子も頼んでしまい、ゆっくり味わっていただきました。お腹いっぱいです。,0
"平日14時、客先からの帰り道に初訪問。5名の行列。“味噌ラーメンの巨匠”と名高い名店、並んでいる時間さえワクワクが止まりません今回の注文は・味噌チャーシュー麺 大盛（1,950円）・ネギ別皿（250円）着丼と同時に立ち上る濃厚な味噌の香り。スープは油強めの濃口味噌。本場さながらの力強い仕上がりで、一口目で「おおっ」と思わず唸るインパクト濃厚でパンチがありながら、ただ重いだけではない。別皿のネギを投入すると、シャキシャキ食感と爽やかさが加わり、濃いスープに溶けて絶妙な塩梅に✨麺も本場仕様のコシと存在感。濃厚味噌をしっかり受け止める力強さがあり、大盛でも箸が止まりません。そして何気に感動したのがメンマ。脇役にしておくには惜しい完成度で、味噌の重厚感の中で良いアクセントになっていました。チャーシューも柔らか肉厚で食べ応え十分。価格はやや張りますが、このクオリティと満足感なら納得。本場さながらの味噌を東京で堪能できる一杯。またこの衝撃を味わいに来たいと思いますご馳走さまでした！！",2
夕方から知り合いのお笑いライブがあり、久々の池尻大橋！ここに行かない手はありません、八雲さん。土曜日14時20分頃、外待ち3名。食券は買わず、そのまま外の椅子に座ります。10分強で店員さんからお声がかかり、入店して食券購入。1時間前に八丁堀でカレーを食べてきたばかりの私は、白だしの特製ワンタン麺ハーフ。店内にも6名ほど座って待てるスペースがあるため、再び待ちます。さらに15分ほどで着席！到着から着丼までは都合40分ほどでした。白だしのスープは、一口目から強烈なパンチ力、かなりしょっぱい！同時にかなり甘みも感じます。なんの甘みだろう、昆布とかかな。奥の方には煮干しの香りも感じられて、全体に深みを持たせてくれてる。出汁には色々なものを使っているようですが、どこか貝のような旨みも感じました。コハク酸入ってる？細ストレート麺はしっかりした茹で具合。めっちゃ好みのやつです。名物のワンタンはエビも肉ももちろん美味！エビはかなり荒く刻まれており、ぷりぷり感も同居。肉はちょうどいい生姜の効き具合。皮はとぅるとぅる。チャーシューはものすごい燻香！このレベルの吊るし焼きチャーシューは家系以外ではなかなか出会えません。ただ、一口目の印象が最後までずっと続くので、珍しく水を3杯も飲んでしまった！黒の方が塩分濃度低かったりするだろうか。次回はそっちだな。退店時は15時過ぎていて、待ちはなくすぐ座れる状態でした。品切れになる日も多々あるようですが、運が良ければ並びなしで入れることもありそうです。,2
"土曜日1240 待ちなしこく旨特製ラーメン(¥1,600)休日のランチタイムに評価の高いお店なので混んでいたら諦めるつもりでしたが、先客は１組のみ。意外にも空いていました。最近、どこのお店に行っても淡麗系があり飽き気味なのもあり、醤油味のこく旨ラーメンを注文。中太麺は縮れ気味な麺でコシがあります。スープは濃いめの醤油ですが、乾燥海苔の塩味と混ざって美味しいスープでした。トータルでは非常にレベルの高い醤油ラーメンだと思うのですが、最近は淡麗系だけでなく、同じような醤油ラーメンが食べられるお店もたくさんあるので、際立った特徴がないとなかなか記憶に残りませんね。",1
土曜日の16時頃にピットイン食券を買い5分ほど待ち入店出来ました。初めてのオーダーは中華蕎麦並1000円3動物が融合したスープはとろみがかっていて冷めない冷めない！長時間煮込んでないと出ないですもう品格が違いますね！とんでもなく美味しいです。また伺います,2
2015年12月オープンの人気店。店主は石神井公園の名店「井の庄」出身。久しぶりの訪問具のない「かけ」らーめんに、野菜のトッピングボールを8種類（ブレーン、スタベジ、カラベジ、シビベジ、トマベジ、すっぱベジ、ウオベジ、ブラベジ）用意して客が選ぶスタイルがオリジナリティー高く、他店にない面白い仕掛け「かけ」のらーめんも7種類（らーめん（豚骨）、博多風、和歌山風、あっさり醤油生姜、あっさり醤油魚介、辛辛、ドロブタまぜそば）ある本日はドロブタまぜそば（1200円）＋スタベジ（無料）をオーダーまぜそばはドロっと濃厚な豚骨スープに三河屋製麺の中細麺が浸かっていて、先ずは「かけ」状態で食べるが、こってりとコクあり旨いスタベジはニンニクと背脂がトッピングされたモヤシ、キャベツ、ニラ、ニンジン等。スタベジのボール内の野菜をまぜそばに載せて、合体させて、旨さがマシマシ美味しく完食。他の麺、野菜トッピングも豊富で組合せで楽しめるので、機会をみて再訪します,1
食べログ　3.70　TOP5000銀座の「自家製麺 伊藤 銀座店」に寄りました。券売機より・比内そば　玉子（仮）         950円PayPay精算しました。あまりよく調べずに入店したのでトッピングも玉子だけ…何を注文したのか、正確に覚えてないわ。まぁ〜いいかっ。味は、想定した感じでもなく、自家製麺も…味変をする方法もわからないまま食べ続けたわ。「麺リフト : ホワイトソックス、村上宗隆を獲得。背番号は「5」」も。こういう事もあるのかな…他にも…かなり気になるところがあったけどね。ご馳走さまでした。ではまた,1
平日の夜8時ごろ訪問！2人の待ち有り、1週間限定のウニラーメン1000円？！があるとのことで来てみました！この、都度都度、限定が出てどれもが美味い！！ってのが無冠のカラーなのかもしれません！と言う訳で、ウニラーメンとライスをオーダー！改装して初の訪問！テーブルが無くなりカウンターになっていました。もしかしたらキッチン内が結構変わったのかな？10分少々で着丼！ウニですねぇ、、！！と言うわけで、まずはスープ！！美味い！！色々な節のミックスらしいですが旨味と香りが良い塩梅ですね、、！そして、ウニの餡掛けを、、、なるほど、、普通はウニをラーメンに載せたら知らない間に胡散霧散してしまう所をこの餡が防ぎ、、しかも餡掛けを食べればウニ身を堪能出来る、、そしてウニも甘く美味い！！工夫されてますねぇ、、！！と言う訳で次には、ご飯に、漬物、フライドガーリック、青唐辛子パウダー、ニンニク、マヨネーズ、ラーメンのスープ、、美味い！！！この組み合わせが不味いはずがない！なんですかね、フライドガーリックが本当に良いアクセントになっています！ご馳走様でした！期待を裏切らないクオリティありがとうございます！！,1
久しぶりのつきひ亀戸駅の北側古い商店街お店が並ぶ飲み屋の中にあります。初見ではわからないかも■濃厚煮干し、烏賊肝の和え玉■一口食べて、はい！濃厚！猫寄ってきます。だって濃厚だものえぐみが旨い。チャーシューがレアで攻めてます。烏賊の肝がめちゃくちゃ肝でした(^^)ちゃんとしてる煮干しラーメン煮干し界ではトップレベルですね！ごちそうさまでした！,2
代々木の麺恋処いそじさんにうかがいました。丸得つけ麺をオーダー。自分の中では大当たり！ 好みど真ん中でした。自家製麺が特徴的で…中太で丸みのある、もちもちを超えてむちむちした麺。つけ汁は品ある、ゆず香る魚介系のスープ。油っこくなく、塩辛すぎず、ちょうど良い。割らなくてもそのまま飲めるくらいです。丸得は味玉、チャーシュー、のり、メンマ、ナルト、ワンタンが入っていて、その名のとおりお得なセット。それぞれの具が隙なくおいしい。本当に大満足の1杯でした。ごちそうさまでした。,1
"平日夜、魂の中華そばからのはしご。中3息子、突然ギアが入り、「ラーメン連食したい！」の一言で大山へ。向かった先はおさだです✨19時50分頃訪問店内はほぼ満席。平日夜でもしっかり賑わっていて、期待感が高まります。閉店間際だったらしく、自分たちが最後のお客でした！◼️注文内容中3息子・3個ワンタンメン（1,100円）・大盛（100円）自分・チャーシューつけそば 大盛（1,350円）正直、はしご2軒目で自分のお腹はすでにいっぱい…。「ラーメンで息子に負けられるか」と気合を入れて注文◼️味の感想つけ麺、ワンタンメンともに至高の味。特にチャーシューつけそばは息子が大絶賛で、「めちゃうまい！！」を連発しながら、私の分まで結構食べる勢い。ここの麺、大好きなたいぷです！この日のハイライトは完全にここ。“うまい”の連呼が止まらないほど、つけ汁×麺×チャーシューの完成度が刺さった様子。そして、はしごで約3杯分を食べた息子…さすが成長真っ只中、中3、恐るべし！最後は、「お腹いっぱ〜い、幸せいっぱ〜い」この一言で全部まとまりました✨東上線、板橋区、侮れない。また親子ではしごしたい一杯でしたご馳走さまでした！！",2
遅めのランチ、仕事の途中でたまたま入りました食券機でポチっとしたのはコレ♪《味玉醤油ラーメン》980円《ネギチャーシュー丼》400円最初に出てきたのは《ネギチャーシュー丼》ネギが山盛りでビックリ！！めっちゃ食べにくいけど、少し食べてみたら中華ドレッシング風の味付けで美味しいですでもこのままじゃ、ご飯にたどり着くのは難しそうだからラーメンを待つことに・・・ほどなくして運ばれてきた《味玉醤油ラーメン》大きなチャーシュー、穂先メンマそして味玉がトッピングされてます♪このローストポーク的な赤身のチャーシューはめっちゃ好みです♪色白なストレート麺をズズッと啜り上げると香りの良い醤油スープも一緒に飛び込んできて、とても美味しいです♪ネギチャーシュー丼の大量のネギをラーメンに移植ラーメンとネギはもちろん相性抜群、このままでも美味しい醤油ラーメンが”ネギ醤油ラーメン”に変身！あ～ネギ入りラーメンを注文しなくて良かった（笑）ネギを減らしたことで、やっとチャーシュー丼にたどり着きましたｗ少し辛みのあるネギと甘みのあるチャーシュー丼の組み合わせ、美味しいね！美味しくてコスパがイイお店だね！ごちそうさまでしたv(*'▽'*)v,0
8年ぶりの二郎は仙川店にピットイン。並びは10人程度で、持ち帰りのお客様もちらほらと。寡黙な店主と、奥様であろうか、感じのいい女性の方が1人。小ラーメンの食券を買い、20分程度の並びの後着席。10分ほどで店主から久々のニンニク入れますか？がくる。勿論全部。着丼したそれは、明らかに量が多い、自分の知っている二郎の中ではかなり量が多い。そして、キャベツが多い、これほどのキャベツ含有量は初めてかもしれない。豚は厚切りの腕が2〜3つ入っていて、ゆうに100gは超えていた。まずは天地を返し、爆量の麺を半分消費する。そして、美乳化のスープ、久々の二郎だ、旨い。。。豚と野菜を楽しみ、やっとスープと麺、野菜と豚肉のマリアージュを楽しませてもらう。途中で胡椒による味変、アブラも噛み締めた。ギリギリ腹パンで終えたものの、終わってみるとまた食べたい。二郎というものは恐ろしいものである。美味しかったです、温まりましたと伝えると、女性の方が、ありがとうね、と。心も温まった。ご馳走様でした。800円/小ラーメン,0
六本木で夜遊び前に腹ごしらえです。六本木交差点からミッドタウン側に入っていったあたり、T字路の角にお店はあります。平日夜19:00に到着したところ、店外に待ち9人、40分ほど待って入店できました。注文したのは以下の通り。・アルティメットポルチーニ醤油らぁ麺(2200円)店内入ったところにある券売機で食券を購入して、店員さんに手渡すシステムです。注文してから提供までは10分足らず。透き通ったスープ、整えられた麺、綺麗に並べられたトッピングと、非の打ち所のない見た目です。まずはスープを一口、二口、三口･･･すっきりとした中に醤油の甘みが感じられる、優しい味わいのスープです。トッピングの下から中細ストレート麺を引っ張り出してみると、小麦の味が口一杯に広がってきます。スープもしっかり絡んできて、相性も抜群です。1/3くらい食べたところで、器の脇に引っかけられたスプーンに乗せられた物体をスープに溶かします。この前の状態でも十分美味しかったのですが、完全体になったと言いますか、「旨っ」しか言葉を発することができない、絶望的に美味しいラーメンです。2200円というお値段は六本木という立地を考えるとやむを得ないところはあるかも知れませんが、それでも高いというのは否めないです。が、間違いなくテンションが上がるラーメンというのも六本木らしくていいと思いました。,2
久々の東京駅だったので、東京ラーメンストリートでランチしよう！と、伺いました。平日11:30過ぎ。この時間帯で、どこのお店も既に行列ができていました。で、ぐるっと回ってこちらのお店に。いただいたのは、特製味噌ラーメンと、牛リブロース単品。リブロースの方は、丼にしようか迷ったのですが、食べきれるか分からなかったのでお肉だけにしました。入店から5分ちょっとで着丼。リブロースがいい感じに艶っぽいですが、まずは味噌ラーメンから。スープは、美味い！濃厚で、それでいて優しくて、まろやか。これはご飯がすすむやつです。ご飯ないですけど。モヤシとの相性ももちろんよく、素晴らしい出だし。よく見ると、分厚いチャーシューにこま切れなお肉と丼上はお肉がいっぱいです。それをかき分けながら麺。これは、中太ストレート麺。イイ感じです。スープともバッチリ。チャーシューほかお肉たちは、よく施されていて柔らかく、味わい深いですね。そして、リブロース。柔らかい。卵をつけると深みが出る。ご飯に合います、これは。頼んでないですけど。ということで、ペロリでした。最後はスープをほぼ飲み干して、フィニッシュ。大満足です。ご馳走さまでした！,0
ワンタン麺（裏・塩） 1350円小雪舞う中、 巣鴨駅から歩いて10分弱。7:54に現着して、外待ちは無し。雪の影響かと思いきや、すでにフライング営業していました。そのまま店内へ入り、券売機で食券を購入して、案内されたカウンター席に座りました。店主さんが食券を確認する際に、「裏の塩で！」と謎の呪文を発動しました。5分後に着丼。ビジュアルは昔ながらの中華そばです。しかし、スープは通常の塩に比べて、動物系出汁が強い、早朝のみ提供の特別仕様です。見るからにスープの濃さが違います。動物系の出汁に節系が合わさり、素晴らしいスープに仕上がっています。早朝だけの提供では勿体無いです。麺は自家製で、数日寝かせて熟成しているようです。ピロピロ平打ち太麺は美味しく、厚みのあるスープと良く合っています。トッピングは、海苔1枚・チャーシュー2枚・雲呑3個・ナルト・メンマ・小松菜・葱などです。下味が抜群のチャーシューは最高で、この後の予定がなければ、特製にして増量したかったです。雲呑も私好みの味付けで申し分ありません。個人的には全く興味がないナルトも専門店から仕入れられており、とても美味しくいただきました。早朝から完成度の高過ぎる一杯を食べれて、大満足です。,2
◆訪問: 平日13:30頃、待ちなし◆注文: 特製貝節塩そば本当は方南町の超名店「創作麺一筋」を目指して方南町まで来たものの、噂以上の大行列。1時間待ってもほとんど列が進まず、泣く泣く断念。完全に予定変更、正直かなり自分勝手な流れでの訪問だったので、期待値は相当に低めだった。……が、結果から言うと完全に良い意味で裏切られた。一口目から感じる、貝出汁の旨みの立ち上がりが素晴らしい。しっかりと旨みは強いのに、嫌な主張はなく、じんわり染み込むタイプ。貝を主軸にしながらも、よくある「鰹・昆布・煮干し」ベースのラーメンとは明確に一線を画していて、きちんと独創性のある一杯に仕上がっている。特製にしたことで、トッピングの完成度も高く、全体としての満足感もかなりのもの。スープの方向性がはっきりしているからこそ、最後までブレずに美味しい。完全にノーマーク、完全に偶然の訪問だったけれど、「ちゃんと実力のある店に偶然出会った」感覚が強く残った。目的の店に振られた日だったけど、結果的には当たりの日。方南町、やはり侮れない。,2
蒲田に泊まった翌日、帰る前にどこかでラーメンを食べようと思い、少し気にっていた梟さんへ。蓮沼まで歩いて向かいます。開店前に到着しましたが、既に並んでる人もいましたね。こちらは限定メニューがなかなか話題っぽいですが、初めてなので特アジ煮干にしました。それとお肉ごはん。透明感のあるスープ。アジ煮干の旨味とビシッと効いた醤油。少し濃いめながらスッキリしててめっちゃ美味い。どんどん飲んでしまうスープ。麺は細麺で茹で加減良く、ほどよくコシがあり啜り心地も良い美味い麺。トッピングは豚と鶏の二種。どれも美味いが、個人的にはピンク色の豚チャーシューがめっちゃ良かった。ほどよい味付けとしっとり食感。味玉は黄身がトロトロで最高。味付けも強過ぎずめっちゃ美味い。刻みネギと一緒に刻みミョウガが乗ってるのも面白いし、麸が乗ってるのも珍しい。スープを吸った麸はジューシーwお肉ごはんはいわゆるチャーシュー丼的な物。刻みチャーシューがたっぷりで間違いない美味さ。味付けもさっぱりで食べやすい。接客も丁寧で良かったですね。他のメニューも気になるのでまたそのうち行きたいですね。ごちそうさまでした。,0
味噌ラーメンといえば表面を覆うラードというイメージもあるが、ここのスープは適度な濃さながら、しっかりとした味でガツンと来る感じが最高です。お腹がすごくもたれたり、脂っこさを感じることなく熱々スープがするする入っていきます。（最後までスープが熱いのも最高。ご馳走様の時点で、少し残したスープから湯気が立っていました笑）渡なべさんとどちらに行こうか迷ったが、今日はこの味噌が正解だったと感じました。,0
新中野　ラーメン 武蔵家 中野本店AIによると武蔵家は吉村家→本牧家→六角家→たかさご家の流れを汲んでいるらしいこの辺で一番美味い家系ラーメンこの日はスープが少しまろやか気味だったから次は濃いめにしてみようかなシャキシャキきゃべつとほうれん草がいい！味玉もうまい！夜ご飯だからライスを我慢したライスくいたかったぜ！今度は本気出して大盛りライスにしてみようか？太るよな？太ってるけど#武蔵家#家系#家系ラーメン#らーめん#ラーメン,0
地下鉄各線住吉駅から徒歩4～5分ほど、錦糸町駅からでも徒歩10分はかからない位です。錦糸町パルコ裏手にある「名（迷）？店」であるつけ麺の中川會さんの支店になります。全く異なる店舗とは聞いておりましたが、これほど違うとは思いませんでした。本日住吉での午前中の業務を早めに終え11時20分に到着、PPでの初の訪問機会に恵まれました。味玉 トリュフ香るはまぐり醤油そば中川會さんと言えば濃厚魚介つけ麺をイメージしますが、こちらの住吉店さんではつけ麺は券売機2列目配置であり、醤油そばが1列目の推しのようです。特製を食べるほどお腹はすいてなかったのですが、味玉の評判がかなり高いのでこちらを注文です。見た目も良くて香りのよい一杯が着丼しました。新鮮な親鳥やもみじなどを主体にホンビノス貝や日高昆布、干椎茸などの出汁から抽出した出汁に拘りのブレンド醤油を合わせ、フォアグラ、マッシュルールーム、トリュフ、オリーブオイルを合わせた特製ソースを合わせたというスープは一口目から鶏と貝などの旨味が口の中で広がります。全粒粉入りであろう小麦感の強い少しボソッとした食感でコシのある浅草開花楼製の中細麺とよく合いますね。具材は2種のチャーシュー、穂先メンマ、ネギ、三つ葉、味玉です。薫陶高いロースは脂身少なく噛み応えがあり肉本来の味わい、バラは甘い脂とホロホロと崩れる肉のバランスが非常に良いですね。穂先メンマ、ネギ、三つ葉なども良いアクセントとなります。そして頼んで良かったと思う評判通りの味玉です。黄身の外側はやや固めで噛んだ時に崩れないように配慮されていながら中心部はトロトロの仕上がりの黄金バランスです。黄身はもちろんのこと、白身までしっかり味が染みたまさに「味玉」です。本日も猛暑ですが、店内はクーラーも効いているので完飲完食、ご馳走様でした。,0
開店直後に訪問。そんなに遅い時間でもなかったけど30人程の行列。完全に学習不足を反省しつつ、待ちながら注文するメニューを考えることに。チャーシューメンがロース、バラ、ミックスの3タイプと並、大、特大でチャーシューの大きさが違うという悩ましいメニュー。ちょっと考えてやっぱりロースとバラどっちも食べたいのでミックスで、量はちょっとびびって並ということで『ミックスチャーシューメン並』をチョイス。結局1時間後に店内に入れて、券売機で食券購入後、席で待ちます。さらに5分後には着丼。丼一面にチャーシューがあって食欲をそそります。まずはスープから一口。醤油のキリッとした味と脂などの旨味がきて後味でビターな感じが残るスープ。麺は中細ストレートで硬さは普通にしたので程よい食感で醤油スープに合います。チャーシューはロースが肉肉しい食感と味がしてバラが柔らかくホロホロとしていてコントラストが効いていて違いが楽しめました。刻みタマネギは量多めにしておけば良かったと少し後悔。あっという間に完食です。初めて食べる八王子ラーメンを最後まで美味しく楽しむことができました。また再訪したいです。ご馳走様でした。,2
注文内容・中華そば ¥900・とろろご飯 ¥250醤油をしっかりと感じる、王道ながら芯のある中華そば。雑味のないスープは飲み口がよく、麺との相性も抜群で、最後まで飽きずに食べ進められる完成度の高さがあります。個人的に中華そばのNo.1は恵比寿の綾川ですが、それとは方向性の異なる美味しさで、食べ比べる楽しさを感じられたのも好印象。とろろご飯も、主張しすぎないながら満足感をしっかり底上げしてくれる名脇役。派手さはないものの、確かな実力があり、ふとまた食べたくなる一杯でした。,1
【260130】本日の締めのディナーは「らーめん飛粋 武蔵新田店」さんへいざ❗️朝食兼ランチの革新家で飛粋イズムを。そして締めで飛粋武蔵新田店へ訪店。連食ではないが人生二度めの一日家系ラーメン２食。入り口左手の食券機で並ラーメンを購入し、カウンター奥へ案内され柔め多め濃いめでオーダー。隣人の咀嚼音がクチャクチャと、不快音が鳴り響く中、８分ほどで着丼❗️こちらも確か、朝食で訪店した革新家と一緒かな。菅野製麺所の「春よ恋」を使用しており、本店とは製麺所が違います。麺は柔めでもちもちした食感。若い頃は硬め好きでしたが、なんだか最近は家系ラーメン＝柔めである。途中、辛味とおろしニンニクでブーストアップ。ご馳走様でした‼️,0
"この日は高田馬場の池田屋に行ってみました。こちらは京都に本店があるインスパイア系らしい。一昔前だと西日本は二郎系ってイメージが全くなかったですが、今はかなり店舗が多いようですね。評価がかなり高いお店のようなので、前からBMしていました。そう言えば、二郎系に行くのは久し振りだ。２ヵ月ちょっと行ってなかったな。名古屋二郎まで我慢するつもりだったが…まだまだ混んでいるようなのでもう少し様子見かな。。休日の昼、13時くらいに到着。並びは20名ちょっと、噂通りかなり混んでますね～。1時間ってとこかな。開店はそんなに悪くないようで、50分かからずに入店でした。入店のちょっと前に食券を買えば良いみたいです。食券はラーメン1種類のみ、生玉子は別で＋100円とのこと。1,500円はちょっと高いな…まあ最近のインスパイアはちょっと高いよね。。入店前のロット確認で、麺量を聞かれます。もちろん減らすこともできますのでご安心を。着席後、10分弱で着丼。コールはヤサイニンニクアブラで。マシコールまでOKだそうです。ヴィジュアルは豚が圧巻、なかなかのボリュームです。アブラは塊でドカンと載っています、なかなかのインパクトですね～。そして、一味が一面に振りかけられています。辛くないよね…、ちょっと不安。。スープはド乳化タイプ、ものすごく濃厚なダシです。アブラコールも相俟ってか、なかなかのオイリー感、ジャンクさがものすごい！醤油タレはそこまで強くない、いいカンジの塩味ですね。濃いのが好きな人はカラメ推奨かも。意外と一味がいい相性でした。あまり一味使わないのでこれはいい発見！とにかく乳化度がスゴい、個人的には結構ストライクゾーンなスープです。麺は極太、多少ワシワシ感がありますね。300gとのことですが、そんなに多くは感じない。気持ちもう少しボリュームがあってもいいかな（爆）豚は塊とほぐしの2タイプ。それぞれ部位が違うのかな？食感がちょっと異なりますね。評判通り豚はなかなかの美味しいさ、神豚とまではいかなかったがいいレベル感でした。これももうちょっとボリュームあってもいいかもねw接客は丁寧で好印象でした、皆さんちょっとコワモテ系ですが笑顔のいい応対ですね。ちょっとお高いけど、小豚相当と考えたらまだ少し許される範囲かな。評判通りのレベルの高い二郎系でした。ド乳化スープが好きな方にはぜひオススメです！",1
出張帰りで作るのもめんどい、寒いしあったかいものが食べたい時にラーメンって最高ですよね！そのうえ、こんな完成度なら文句なんてありませんw塩と迷いましたが、限定の鶏白湯を注文。限定って言われるとやはり抗えないw今しか食べられないと思うとついつい頼んでしまいます。しっとり鶏チャーシューとこちらもしっとり豚チャーシューがスープとと良く合います。そこにラーメンのトッピングには珍しい菜の花とごぼうが食感も良くいい感じに口の中をリセットしてくれます。肝心のスープはさすがちゃるめさんというクオリティで、鶏の旨みはもちろんですが塩味とのバランスが素晴らしく限定なのがもったいない！ちゃるめさんは本当に限定メニューの完成度が高いのでついつい頼んでしまいます。限定メニューを試した事ない方は是非お試しあれ。,0
いつもこちらに行くとつけ麺なので、10年ぶりくらいにラーメンをオーダー。海苔とめんま、厚切りのチャーシューが乗ってます。麺はつけ麺の麺と同じくらい太いストレート麺。加水率は少し低いのかモチモチ感は少なめで小麦粉の香りがする。濃厚なスープに絡まりよい。スープもつけ麺と変わらないくらいの濃厚魚介豚骨。今日はちょっとしょっぱさが強すぎましたが、こう言う濃厚魚介と動物系の合わせは少しクラシカルになりつつあるけど美味しいですね。ただ、今日はこちらのお店の最大の特徴であるエビの風味がしなかったような気がします。海老油が入るのはつけ麺だけでしたっけ？ちなみに店主さんのワンオペなので少し時間かかったり、両替で待ったりするのは多めに見てください。,1
上品な醤油ラーメンが食べたくて訪問。お目当ての特製醤油ラーメンは、鼻から香るスープにまずやられ、スープを纏った麺の歯ごたえを楽しみ二種のチャーシューも美味。そして、和え玉がある店はいつも頼みますがこちらでも和え玉はもちろん注文。ラーメンのスープより際立った風味のタレを絡ませて、その後に、残ったラーメンを食し、タレとスープの混ざったスープがまたこれ美味。最後まで美味しくいただきました。またすぐ伺いたくなるぐらい上品さと記憶に残るラーメン。ごちそうさまでした。,1
●少なめ ¥900(ニンニク少し)●ウーロン茶 ¥100都内の既訪店の中で最終訪問日が最も古い小岩。でも駅から店までの道順は覚えておりあまりご無沙汰感が無いのは何故だろう。さあ待望の小岩ちゃん。表層油の厚さにうっひょい。一口スープを飲むがほぼ油しか口に入ってこない。柔らかめの麺が油を纏ってテロンとしている。ビシッと醤油感ウマウマ。味わいは完全に千住大橋の方向性。千住大橋は閾値超えちゃってるが、小岩は閾値内で尖らせてる感じ。豚はホロとろ味染みショッパーでニンニクがよく合う。缶ウーロンはまあ別に。水汲みに行かなくて済むメリットぐらい。でもラーメンがショッパいから気兼ねなく飲めるのはデカいかも。生卵は絶対合う。麺量は少なめだとちょっと少ないが、満腹より先にもたれ感が来るのである意味ちょうどよいのかも。初手のガツンと脳に来る旨さは最大級。でも満腹ではないのにもたれのある食後感が少し虚しい。油少なめ指定もちょっとアリかも。それなら麺量はノーマルでよさそう。,1
近所の百名店。なんなら、近所のランキングで一位のラーメン屋さん。それだけ高まった期待で訪問してしまったため、大きな感動はなかったです。初回は定番の醤油ラーメンを食べるべきでした。・まぜそば　1050円　辛いだけで旨みが少なかったです。　角切りのチャーシューも肉臭さ、冷たさがマイナスでした。　冷凍担々麺の味と似ており残念でした。・醤油ラーメン　950円　醤油スープに関しては、味がしっかり濃いめで、特徴のあるお味でした。　麺の太さを選べるのもよかったです。補足トイレが狭すぎて汚かったのが残念でした。,2
平日11時で15人ほどの並び。いつもよりも落ち着いてました。どことなくゴジラとかエヴァっぽい名前のラーメン。通常の塩に比べて､生姜も油も控えめ。ノーマルラーメンと比べてタレも控えめなので､出汁と麺の旨みを最大限に堪能できます。とても美味しかった！並で250gのはずだけど､絶対にもっと多いはず。ビールと山盛りおつまみの効果もあるが､食後は動けなくなり歩行も困難に。この日は入店から退店までに複数回の店主キレキレ場面を目撃。1.聞かれる前に客が麺量を言った2.退店してる人がいるのに入店してこなかった3.食後の丼をカウンターに上げずに退店した4.食べてる途中でつけ汁を薄くしてくれと頼んだ店に温かい接客や、和やかな雰囲気を求める方はこの店は合わないです。こういった緊張感が平気な人、昔のべんてんの感じが好きな人は大丈夫。でも初めての場合は､店のルールをよく確認してからの来店をお勧めします！（4に関してはルール内ではあると思いますが笑）,2
11:20頃 初訪。Ｘにて流れてくる限定が気になり、訳あって未訪だった麺屋yoshikiさんへ…^^;新小岩駅北口より徒歩5分ほどで到着、外待ち＆店内にも人は居なく店内に入ると店主から声が掛かり12:30の案内とのこと…一瞬迷うも承知して食券を購入し先渡し、行列整理カード49番を取り一度退散。12:27店頭に戻り行列整理カードを渡し、カウンター席の右端へ御案内。店主ワンオペ営業で丁寧に調理されています。着席後15分ほどで着丼です。先ずは2種の麺をそのまま数本…フスマがハッキリと確認できる薄茶色した平角ストレート中細麺は咀嚼すれば小麦が香る喉越し良い麺で、薄っすらたまご色した幅広ストレート麺は表面ツルッと滑らかでムッチリ高弾力な歯応えの、2種共に大変美味しい麺で…抹茶塩掛ければスープ浸けずに麺半分なくなりました^^;続けてスープに潜らせズズッと…鴨の香り旨味がタップリと感じられる出汁に塩ダレが塩梅ジャストで調和したスープを、2種の麺でズバズバと堪らなく美味しく啜れます♪シットリ柔らかなスライス＆ブロック状の鴨レアチャーは山葵＆フォアグラペースト付けながら焼き目が香ばしい丸葱と共に美味しくいただけ、パリッと香り高い上質な海苔は麺に巻いて美味しく啜れました。とここで味玉がデフォで載らないことに気付き、意気消沈…orz途中レモンを絞り入れ残りのフォアグラペースト＆山葵もスープに投入し味変させながら啜り続け、気付けば2種の麺を大変美味しく完食。スープ割りはポットで用意されており、セルフ割りして大変美味しく完飲です。鴨好きには堪らない一度で2度楽しめる逸杯^^キッチリ丁寧な接客も好印象で、退店時には確りと見送られ気分良く退店♪ごちそうさまでした！,2
池袋西口から5分ほどねつけ麺屋さんです。店内長いカウンターで15席ほど。灰色の壁に白木を合わせた今風な内装です。女性客も多いキレイな店内でした。ノーマルのつけ麺を注文コシのある中太麺とやさしめなスープのつけ麺たのみませんでしたが、〆のチーズリゾットも人気ありそうでした。,1
”麺屋悠”ーーー【お店について】大久保駅から徒歩2分ほど。小滝橋通りから一本入ったところにお店はあり、名店で修業した店主さんが営む、ワンタン麺が人気のラーメン屋さんだ。時刻は11:30ごろ。一瞬めちゃくちゃ並んでる！と思ったが隣のおにぎり屋さん？の列よう。私は食券機でワンタンメンを購入。店内は狭めのL字カウンター席が6席ほど。店内は常に満席といった感じ。小ライスがサービスで付くらしいのでそちらもお願いする。店主さんおひとりの営業だが、6分ほどでラーメン到着。それではいただきます。ーーー【味の感想】・ワンタンメン　¥1050早速スープを一口。すっきりとした出汁の旨味を感じる、これぞ志那そばといえる清湯醤油スープ。スープに浮かんだネギが良いアクセント、私このタイプのネギ大好き。麺は細めの中華ストレート麺。オーソドックスな中華麺で茹で加減は少し硬め。はじめはかんすい感を感じるが、その後スープにしっかりと馴染んできてめちゃくちゃ美味しくなる。たっぷりと入ったワンタン。皮が長めかつ餡もぎっしりの贅沢タイプ。これが5個くらい入っていてボリュームたっぷり。チャーシューは分厚く、脂身多めのみっちりタイプ。提供時に炙られており、これをサービスライスの上に。オンザライス。最高。ーーー【総評】柚子皮のアクセントも素晴らしく、いい意味で現代ナイズされていない古風な志那そばといった印象。ワンタンがたっぷりと入っていて、ライスまでついて1050円はめちゃくちゃコスパ良い。志那そばには珍しい味噌ラーメンが人気のお店のようで、私以外みんな味噌ラーメンを食べていました。折木さん、私、気になります。次回は味噌ワンタンメンかな。それではごちそうさまでした。とても美味しかったです。,1
鶏そば 志いなで、鶏白湯の卵付き麺大盛りをいただきました。まず運ばれてきた瞬間、白く艶のあるスープのビジュアルに期待が高まります。ひと口すすると、鶏の旨味がぎゅっと凝縮された濃厚さがありながら、後味は驚くほどまろやかで重たさを感じません。丁寧に炊き上げられているのが伝わる、雑味のない上品な鶏白湯です。麺はスープとの絡みが抜群で、大盛りでも最後まで飽きずに食べ進められます。卵は黄身がとろりとした絶妙な仕上がりで、スープに溶かすことでコクが一段とアップ。鶏白湯の深みをさらに引き立ててくれます。具材も一つひとつが丁寧で、主役のスープを邪魔せず、全体のバランスが非常に良い印象。濃厚系が好きだけど胃にもたれるのは苦手、という方にもぜひおすすめしたい一杯です。完成度が高く、「また食べたい」と素直に思わせてくれる鶏白湯ラーメンでした。,0
"サウナセンター稲荷町でととのった後、22時以降でもやっているのお店は貴重。しかも大通りに面していてかなり見つけやすい。時間がらバーのような雰囲気もあり、店員さんとお客さんが仲睦まじくビジネスの話をされていて、下町情緒を感じる。▪️醤油ラーメン　1,000円甘味の強い油で意外とさっぱりキリとしている。醤油のカエシが強いのと、シャープな塩味。麺はコシが残っていて素晴らしいポキポキ。ネギがおろしに近いくらい刻んであり、辛味もあって食べたことのない風味。ローストのようなチャーシューは歯応えが絶妙でスープとこれまた合います。全てが絶妙な組み合わせで、夜中に食べる一般的な鶏ガラ醤油とはイメージが異なる醤油ラーメン。▪️牛すじカレー　600円甘味と酸味が同居していて、絶妙な洋風カレー。牛すじもふんだんに使われていて非常にうまい。ザ中華そばみたいなのが食べたい気持ちの時にいただくものではないなと思いますが、気軽に上品なお味をいただけます。ごちそうさまでした。",2
平日の12:50に訪問。9人待ち。13:12に入店。武蔵小杉からバスを使い、宿題であった日陰の店前まで行ったのですか、まさかの臨時休業に意気消沈。お気に入りのNIBOSHIMANIAで気分転換です。海老の三段仕込みアサリ濃厚(角長千尋蝦、甘海老、大腰折海老×アサリ×境港100)濃厚なスープは、最初に海老の風味や香りをしっかりと感じ、アサリが全体を下支えしている印象で美味しい。かなり濃厚ですが、苦味等は全く感じないので、万人受けする印象。低加水の細麺と良く絡み、あっという間に完食。久々にニボプレッソではなく限定メニューをいただきましたが、めちゃくちゃ美味しかったです。ごちそうさまでした。,2
方南通りにある有名店「らぁ麺や 嶋」のすぐ近くにあり、以前から気になってはいたもののなかなか入る機会がなかったこちらに初めて挑戦した。外観も店内も独特な雰囲気を醸しているクセツヨな印象。入ると席に着く前に注文を聞かれてあたふたしながら注文、青いトレイでお勘定、そして水はセルフと接客も独特。濃厚魚出汁つけ麺200gを注文。スルスルと啜れる麺が特徴的で旨い。ワシワシなぶつ切りなチャーシューの入ったスープはシンプルにしっかり出た出汁が麺に絡む。,0
実は前週にも行ったのだけれど臨時休業だったシリーズ(写真参照)2026年の純すみ始めに福籠さん狙って行ったのですが、まさかの臨時休業。仕方ないので翌週に逆襲です。他の用事の合間に浅草橋へ。14時頃って中途半端な時間でしたが少し並んで「味噌らーめん」「わんたん」「コマ肉」「辛味噌」「麦酒」です。で「コマ肉」「辛味噌」「麦酒」は先に出してもらうといういつもの布陣で。以前お願いしたダブルわんたんも心をよぎりましたが、今日に関してはこれで。麦酒きたので乾杯。なんに対してだ。よくわからないけど乾杯。安定のコマ肉＆辛味噌で上機嫌です。ちびちびやってると味噌らーめんきました。寒い冬に濃厚な味噌が沁みるよね。いつものようにジェレミイにぶつくさ言われながらの1っ杯でした。この時は調子にのって次の日も純すみ巡りするとは考えてもいなかったのでした(笑。点数は回数行ってるのでケロリンルールで満点。参考にならず申し訳ありません。,1
以前、お店の公式Ｘで見かけて気になっていた酸辣麺。香辛料が得意なビリクラなら、酸辣麺も絶対美味いだろうと思ってました。この日は、黒酢生姜バージョンに進化して、本日の限定麺であったのでたまらず行ってきました。平日の夕飯時に来店。先客５人、後客４人。入ってすぐ右にある食券機で購入…、しようとしても、この一杯は食券機にボタンは存在せず、店主さんに「黒酢ってありますか？」と尋ねたところ、担々麺の食券を買うように言われたので、折角だから味玉付きで購入。　・黒酢生姜酸辣麺 + 味玉　　1200円-----待つこと７～８分で着丼。今回は、酸辣麵ということで、酸味の効いた、すっぱ辛い一品。しかし、よくある酸辣麵とは見た目が違います。まぁ、こちらのビリクラのラーメンは、味は違っても、盛り付けは共通なものが多いので、今回の酸辣麵も、共通盛り付けの１つですね。お味はというと、よくある酸辣麵とは違い、酸味は最小限で、全然酸っぱくない。名前の頭に「黒酢」と冠しているので、むせるほど酸っぱいかも…、と警戒していたんですが、酸味は隠し味程度で、とても食べやすい仕上がり。辛味も、よくある酸辣麵はラー油がふんだんに使われているイメージですが、ビリクラの酸辣麵は、ラー油は最小限で、山椒や一味といったスパイスで辛味付けしてある感じ。なので、一口目は、辛味も酸味も思っていたほど感じないんですが、食べ進めていると、徐々にスパイスが効いてきて、口の中で、酸味や辛味のバランスが完成し、いつの間にか、シビ辛の酸辣湯麵食べてました。そして、いつものように、スパイスの辛味、風味が蓄積し、食べ終わるころには、汗だくになってました。-----他所でラーメン食べるときは途中でニンニクや、コショウを入れたりして、味変を試してみたくなるんですが、ビリクラの一杯は、どれも途中で味わいが変化してくるので、途中で味変しようと思う前に、食べ終わってしまうのが面白い。この日も美味しくいただきました。ご馳走様でした。,0
鶴川駅から歩いたらどんくらいかな。結構かかると思うので公共交通機関ならバスに乗ることをお勧めします。バスで10分かからないくらい。休日の12時半ごろに伺いました。並ぶ覚悟で行ったけどタイミングよく待ちなしで入れたラッキー。並ぶタイミングのほうが多いとは思います。入ったら券売機で食券購入。塩ラーメンが名物ですが、塩つけ麺もあるし背脂生姜ラーメンというちょっと興味そそられるやつもあります。ただ初訪問なのでオーソドックスな塩ラーメンをチョイス。1000円ジャストでした。食券渡す時に手揉み麺か細麺か選べるので手揉みをいただきました。店内はカウンターだけじゃなくてテーブルもあって結構広いので意外と席数多そうです。鶏の出汁と塩ダレがマイルドで旨みしっかりありながらも優しいスープで美味しいです。麺ももちもちちゅるちゅるのちぢれちぢれ。チャーシューの香りがちょい強めで個人的にはもう少し控えめでも良かったけどこれは好みかな。でも美味しかったです。,2
夕方から予期せぬ宴会が始まり、千鳥足で朧月にたどり着いたが長蛇の列。さすがに待ちきれずお隣さんにピットインした。銀座篝本店。ちなみに初訪問。事前の知識もなくスタッフさんのすすめるがまま、鶏白湯SOBAを選択した。ポタージュのようなスープに、筍、赤ピーマン、かぼちゃ、さつまいもなどの野菜がゴロゴロ。チャーシューは蒸した鶏ムネが3枚。細麺とスープの絡みもよく、空腹だったこともあり、あっという間に完食した。店内は外人さんばっかり。インバウンドを意識してか値段も高め設定。鶏白湯SOBAは2000円。特製鶏白湯トリュフSOBAはなんと3400円だった。,0
大森駅から徒歩10分弱。2020年にオープンしたラーメン店。姉妹店として超人気のラーメン店、「HomemadeRamen 麦苗（むぎなえ）」の2号店らしい。ここのラーメン店は独立を目指す次世代育成店舗。平日13時ちょい前に訪問で、3名が並んでいる。券売機にて食券を購入。メニューはあっさりの「清澄」と動物と魚介ベースのこってり寄りの「清濁」の2種類があり、こってり寄りの「清濁」を注文。暫くして着井。見た目にも美しい盛り付け。食欲が一気に増す。まずはスープを。鶏、豚の動物系と魚介を長時間煮込んだ白濁スープ。程よいこってり感とあっさりを併せ持ったバランスのいいスープ。白濁しており、程よくとろみもある。濃厚な魚介類、動物系の旨味が凝縮しており、しかも無化調で油や塩分もそこまでは強くなく最強に旨味のあるスープ。麺は自家製麺でツルツルと喉越しのいいすするたびに気持ちのいい麺で食べ応えがある。美味しかった。ご馳走様でした。,1
2015年から3年連続でミシュランのビブグルマンで、当時から料金は据え置き？嘘でしょ？と思った方は行って見て確かめてください。丸鶏とガラ、カツオ出汁などで取った正統派のスッキリしたスープのラーメンが700円。餃子を付けても千円です。(餃子は食べてないけど…)煮玉子らあめんにしました。優しいスープが染み渡ります。強いて言えば大勝軒に近いのかな？令和7年産新米届きましたと言うお米は指定農家直送のコシヒカリ。しらすごはんで頂きました。今年の流行語大賞の10語に古古古米が選ばれましたが、やっぱり新米はふっくらしていて美味い！女子が食べでも天然素材なので、罪悪感は少ない無いのでは？とても美味しいです！コスパにも驚かされました。スープはもちろん全部飲み干しました。,0
"上野で常に行列を作る人気店「らーめん 鴨to葱」。平日の16時頃にふらっと寄ってみると9人待ち。昼時に比べれば少ないので、久々に食べることを決断。この時間でこの人気ぶりはさすがです。しかし回転は早く、約15分で入店。店内はほぼ外国人客で、日本人は私一人でした。今回注文したのは◆鴨らーめん特上（1,580円）特上は、・鴨のコンフィ・メンマ・味付け玉子が付く贅沢仕様。さらにネギは3種類から2種類を選べるシステム。こうしたカスタマイズの楽しさも、この店の魅力です。まずはスープを一口。澄み切った黄金色のスープから立ち上る、鴨脂の上品な香り。すっきりとした口当たりながら、奥行きのある旨味とほのかな甘味が広がります。う〜ん、やっぱり美味しい。。。途中で自家製卓上七味を加えると、ほのかな辛味がよいアクセントとなり、味の深みを増します。麺は細麺のストレート。この麺がとにかく美味しい。しなやかで啜りやすく、スープとの絡みも抜群。三河屋製麺さんの麺はやはり間違いありません。鴨のコンフィは、しっとりとした肉質に、じんわりと染みる旨味。脂の甘みがスープと一体化してとても美味しい。上野という立地もあり観光客が多い印象ですが、味はしっかり本格派。実力あるお店です。行列の理由を自分の舌で確かめる価値があると思います。この日、食べ終わった後は、行列が終息。並びが気になる方は、平日夕方が狙い目かもしれません。また来ます。ごちそうさまでした！！",2
・特製とりそば現店舗での営業が残り僅かとなった大喜平日14時過ぎでも10人超えの行列移転前最後の1杯を頂きにスープも麺もトッピングも全てバランスが最高過ぎる！再開は3月末頃になりそうですがその時はまた入谷に行かせてもらいますご馳走様でした。,2
本郷三丁目のラーメン【中華蕎麦にし乃】へいってきました最近お店に行くと外に並びがあって敬遠していましたがこの日はセーフでも自分が座って満席になりました頼んだのは♢山椒ラーメン♢ワンタン2個ずつ♢替え玉ラーメンは山椒がきいていてさっぱりしてますチャーシューは一枚に見えて三枚重なってますワンタンはプリプリで美味しい肉の塊とエビの塊を食べてる感じです替え玉に辛味をかけたら美味しかったですごちそうさまでした,2
そのお噂は、もちろん耳に入っており、目に入らずにはいられず、ずっと気にはなっていたけど、カロリーが気にはなってはおり。でもこの日、日本食の美味しさに浸りたく、列はなく、すぐ入って食べれる魅力が勝ち✨なるほど、やみつきになる甘酸っぱいスープ、特にメンマ美味麺を食べ終わった後に、スープ割りにしてくれ、どこまでも飲めるくらいの美味さ流石です✨,1
"西武新宿線井荻駅より徒歩3分。店主はワンタンメンの名店たんたん亭出身。16時まで通し営業のお店です。入口入ってすぐのタブレットと一体型の券売機で「ニコニコそば(1,250円)」の食券を購入。結局いつもこちらのワンタンメンを選んでしまいます。店内の真ん中のテーブルにはメンマとネギがセルフトッピングとして準備されています。麺類または料理1品注文につき1回利用出来るシステム。トッピングではありますが、提供されるラーメンのスープが繊細で完璧な出来なので、こちらはいつもおつまみ感覚でいただいています。提供されたニコニコそばは、旨味が凝縮されているのがひと目でわかるスープ、美しいストレート細麺、大きなワンタンが4つ(海老・肉各2つ)、同じく大きなチャーシューが2枚。テンションの上がるビジュアルです。こちらのラーメンは支那そばということですが、枕崎の鰹節、利尻昆布、煮干し、鯖節などが出汁にふんだんに使われていてかなり魚介系が強いです。麺は三河屋製麺のストレート細麺。煮干しラーメンによく使われるタイプの麺で、ビジュアルからして美しいです。魚介系が強いスープだからこそ、こちらの麺との相性もよいです。メニューの中には麺のないワンタンスープもありましたが、こちらの麺を味わわないという選択肢はありません。大きな海老ワンタンは、餡のすべてが海老のすり身ではなく海老の身のプリプリ感を残した仕上がり。大きさ、味、食感、すべて満点に近い贅沢なワンタンです。肉ワンタンは、焼売並みの肉感の強さで餡がパンパンに詰まっていました。チャーシューはいわゆる昔ながらの焼豚を現代風にブラッシュアップしたもの。メニューの写真以上の大きさで、ポークステーキのようにしっかりした歯ごたえがあるものでした。スープ、麺、具材の構成が精選されていて、心の底から美味しいと感じる一杯です。",0
カミさんと大泉で️「国宝」観た後の夕食を頂きに私は前回ブラック醤油味だった限定の「スタミナスパイスニラソバ(味噌)」。ニラや挽肉など素材の味を引き出すマイルドで香りの良い味噌も旨しカミさんは「鯵煮干しと鯖、あさり、昆布出汁の塩らーめん」。出汁のバランス抜群な優しい塩もグッド,1
"前から気になっていたのですが、平日の昼過ぎ14時近く。同じ通り沿いには「ちょりん」もあり、迷った挙句訪問。満席で２番目で待つ。その前に券売機で食券を購入するのですが、自販機の意味がない一択。それも1,500円のみ。サラリーマンには大金だが、意を決してポチっと。並んで待つこと5分くらいで着席。二郎系の様だが注文の仕方がわからない。通は全マシとかなんか言ってるが、不親切です。また、セルフサービスの水は分かるが箸やレンゲもセルフ。ラーメン屋さんでこの値段なら…と考えるのは私だけでしょうか？さらに待つこと5分以上、「ニンニク入れますか？」と聞かれ、抜きでお願いしますとお伝えして気付いたら着丼。カウンターの上に置かれて気付きませんでした。流石にボリューム半端ない。またみなさんが教えてくれる様にスープが美味しい。麺も太麺ちぢれで旨すぎます。正直多すぎます。値段を1,000円にして少なくしてくれたらありがたいと思いました。学生なら満足かな？ごちそうさまでした♪",1
所謂家系ラーメンというのは初めて。23時頃でしたが15人程度の並び。けど回転が割と良いのでそんなに待った感じはしなかったです麺の硬さや味の濃さ、油の多少など事前に聞かれたので、硬め普通普通としたが割と味は濃いめ。たぶん家系ってやつは白米も一緒に食べることを想定しているからなのでしょう。海苔がたくさんついているのも然り。並んでいる最中に食券回収され、着席とほぼ同時に着丼。素晴らしい油はそこまで強くなかったので割とすんなり頂けました。ご馳走さまでした,1
中華屋さんで呑んで締めのラーメン。なんて若いのだろう。やはり同期と飲んだからかな。同期という存在は不思議だよね。年齢までその時に戻った錯覚に陥る。ラーメンは硬め低加水、語らずともうまい。外人さんがつくるがたいしたもんだ。こんどは酔わずにたべたい。,0
日曜ランチ池袋では有名なつけ麺屋さん奇跡的に待ちはほとんどなく入店できました。食券を購入し、丼着を待つ。熱盛と伝え忘れた、というか聞き取れず（海外のアルバイター）並盛りとは答えた。冷やか熱かは聞かれた記憶はない。最近はコンビニ以外のどのお店も、日本のアルバイターを見かけないのだが、現代の若者はどこでお小遣い稼ぎをしているのだろう？つけ麺のビジュが良かった。肉が3種、かいわれ大根、味玉、細長いヤングコーン、海苔3枚、スープまで完食,1
新宿御苑エリアに店を構えるのは、幻の地鶏「天草大王」を出汁に扱うアフロビーツ。本店は目黒にある有名店「ブレイクビーツ」で、その系列店となります。久しぶりの来店です。『メニュー』【醤油らぁ麺】〜感想を少し〜新宿にある醤油ラーメンでは一番私の好みで、スープの味わいから麺の硬さも素晴らしいです。チャーシューはハムっぽい少し薫香がかった感じで、お洒落な醤油ラーメンといったところです,1
一之江にあります麦処 八と丁さんに伺わせていただきました。この日はお目当てだった限定の牡蠣クリーミーつけ麺をいただきました！こちらのお店は、限定メニューにも常に惹きつけられる一軒ですが、今回の牡蠣つけ麺も期待を裏切らない完成度でした！まず提供された瞬間に立ち上る牡蠣の芳醇な香り。つけ汁は白濁したビジュアルで、見た目からして濃厚そうですが、実際に口にすると重たさはなく、とてもクリーミーでマイルド。牡蠣特有の旨味とコクがしっかり感じられつつも、嫌なクセや生臭さは皆無で、非常に丁寧にまとめられています。麺は小麦の風味をしっかり感じられるタイプで、なめらかな啜り心地。濃厚ながらも優しいつけ汁が麺に程よく絡み、口に運ぶたびに牡蠣の旨味と小麦の甘みが一体となって広がります。麺量が多く感じられるのも嬉しいポイントで、満足感もしっかり。具材も抜かりなく、つけ汁の中には牡蠣の旨味を引き立てる工夫が随所に感じられます。全体のバランスが良く、最後まで飽きずに食べ進められる構成はさすがの一言です。そして、この一杯の真骨頂は追い飯。麺を食べ終えた後につけ汁へ投入すると、牡蠣の旨味が凝縮されたクリーミーリゾットのような味わいに変化し、まさに二度楽しめる締め。これはぜひ体験してほしいポイントで、追い飯込みでこの限定メニューは完成すると言っても過言ではありません。限定ながら完成度が非常に高く、八と丁さんの引き出しの多さとセンスを改めて実感できる一杯でした。牡蠣好きの方はもちろん、つけ麺がお好きな方にも強くおすすめしたいです。次の限定も楽しみに、また伺わせていただきたいと思います。ごちそうさまでした♪,1
2026年 2月たまあるラーメンday！本当はラーメン大好きだけど太るから。そしてこの日選んだのはこちら【らぁ麺くろ渦】さん以前から気になってた『のどぐろそば』が食べたくて。場所は新宿三丁目からすぐで見つけやすいです店内は木を基調とした清潔感ある店内・味玉のどぐろそば　1200円澄んだスープはのどぐろの香りであっさりだけど旨味があるとっても上品なスープです麺は細麺でスープに良く合いますこれはラーメンなのか？もはや日本料理の領域なのでは？と思うくらいとても美味しい味でした。また行きたいお店ですご馳走様でした！,0
店の入り口を覗いては、待ち行列ありの日が続いてたのですが、今日は運良くスムーズに入店もちろん、すぐ待ち行列が発生してましたー笑安定の醤油らーめんをチョイス相変わらずのコスパの良さお冷飲んで待ってると、程なく着丼まず、スープ一飲…うまい麺も程よい太さでスープに合うし、チャーシューも最高いつも通り、あっという間に完食ほぼ完飲で、ご馳走さま,2
"《 濃厚煮干らーめん ＠西永福の煮干箱 》・2025年1月23日・東京都杉並区(西永福駅)・¥1,1004年連続で百名店選出の人気店。清湯の煮干もありますが、この日は濃厚をいただいてみました。鶏豚の白湯スープに煮干を合わせた所謂セメント系になりますが、粘度は比較的ゆるめ…煮干しの風味はしっかりしてますが､個人的には動物系が出しゃばり過ぎですねこれなら個人的には清湯系の方がいいかな〜麺は低加水の中細ストレート。まぁこれは鉄板です。チャーシューは豚バラとモモの2種類、刻み玉ねぎ、レンコン、柚子皮、海苔 がトッピング。",2
『そらのいろ麹町本舗』 Lunch '26/2 (Visit)麹町駅から徒歩3・4分ソラノイロ・ベジそばから豚骨ラーメンにリニューアル、平日、昼過ぎ外待ち行列8番目、リニューアルされても変わらぬ人気店です。▪︎豚骨ラーメン　¥900本日は味変なしで頂くことに！少しトロミのある白濁した豚骨スープ、臭みは全くなく豚骨の旨みが凝縮されたクリーミーなマイルドスープ。麺は自家製のストレート細麺。今回は“カタ”を選択したが、噛んだ瞬間にパツッとした歯切れの良さがありながら、芯が強すぎるわけではなく、スープとの絡みも抜群。粉落とし、ハリ、バリ、カタ、普通、やわ、と好みで選べる中で、この“カタ”はスープの濃厚さと最もバランスが良い印象、丁度良い。トッピングはネギ、チャーシュー薄切り2枚とシンプルですがチャーシューはホロホロ系ではなく、しっかりとしたチャーシューです。一杯900円でこの完成度。レンゲを置くタイミングを忘れるほど、気づけばスープを最後まで飲み干していました。ご馳走さまでした♪,2
"「渋谷でうまいラーメンは？」と尋ねると、かなりの確率で名前が挙がる店がある「はやし」看板はない場所はマークシティの横いわゆる渋谷の“心臓破りの坂”の上渋谷という街は、慣れていないと軽く迷宮に放り込まれた気分になるハチ公前から横断歩道を渡り京王線側へ移転したフレッシュオーワダ渋谷駅前店の横の坂を300m程登り左へ少しだけ「本当に合っているのか」と不安になった頃、店は静かに現れる平日12時40分、外待ち4名外壁に貼られたメニューを眺める・らーめん 1,000円・味玉らーめん 1,100円・焼豚らーめん（味玉付き）1,500円英語表記を見ると、チャーシューは世界共通語らしい5分ほどで入店入口横の食券機は現金のみしかも硬貨と千円札限定キャッシュレス全盛の渋谷で、ここだけ時代が少しだけ巻き戻っている選ばれたのは焼豚らーめん店内はカウンター10席のみ入口側の端に案内される食券をカウンターへ置く3分後、音もなく丼が置かれるラーメンは視覚から始まるこの一杯は余計なことを語らない顔をしているシンプルで整っていて、どこか安心する佇まいまずスープをひと口もっと強く来るかと思っていたが、予想よりずっと穏やかだ豚と魚介が静かに手を取り合い、すっと喉を通っていく麺は中太ストレート黄色味のある麺がスープを程よく持ち上げ、口の中で無理のない調和を作る5枚の焼豚は驚くほど柔らかい卵は半熟で、期待を裏切らない仕事ぶり海苔はスープを含ませると、磯の香りがふわりと立ち上がる中央には柚子主張は控えめだが、確実に場の空気を変えるスープは豚骨魚介どれかが突出することはなく、すべてが適正特別な事はしていないようで、何一つ無駄がない具材はチャーシュー、メンマ、ネギ、海苔欠けても成立しないし、足しても多すぎるそんな配置だ気がつくと8分ほどでスープまでなくなっていた食べ終えた客たちが「美味しかったです」と笑顔で店主に声をかけて出ていくそれを見ていると、この店が長く支持されている理由が、説明なしで伝わってくる外に出ると10人ほどが静かに順番を待っていた渋谷の喧騒からほんの数歩離れた場所で、今日もこのラーメンは淡々と、同じ温度で提供されている",2
13時過ぎ、市ヶ谷飯田橋付近でのランチを確認すると、飯田橋からすぐのところにTOP5000のラーメン店があるとのことで、訪問。真新しいビルの3階フロアにあったべらぼうさん。この高評価なのに13時並びなしすんなり入店。会計は券売機がありますが、有人でキャッシュレスもOKは好感。こく旨醤油ラーメン1000円を注文。着丼もめっちゃ早かったです。ふむふむ、玉ねぎたっぷり、岩海苔系に手揉み麺で濃いめの醤油は大ヒット。このクオリティを並びなし1000円なら納得です。玉ねぎや海苔などトッピングしても良かったかもですね。いい店に会えました。ご馳走様でした。,1
"入り口から見ると真っ暗な三報スクエアビルに入り、奥まで進むと突き当たりにカウンターと間借りのようなテーブルがひとつそのロケーションだけでなく、漂う煮干しの濃い香りにお楽しみ度が爆上がり中華蕎麦（950円）、味玉濃厚蕎麦、（1,170円）、肉飯（400円）をオーダー、待つこと5-7分硬めの細麺が煮干し出汁と薬味の玉ねぎをまとって美味しいバランスの中華蕎麦煮干しの香りと苦味の銀色出汁が細麺に絡み付くことで小麦の甘さがとても引き立つほど、色、味（含む苦味）、香りの全てが正に濃厚（薬味の玉ねぎがいい仕事してます）、途中で昆布酢を足すと酢の酸味と昆布出汁によりまろやかさが加わり、異なるバランスに味変、これはクセになる（中毒になった）肉飯はご飯の上に刻んだチャーシュー、玉ねぎ、卵黄がのっており、チャーシューだれで混ぜ合わせながらいただく（煮干しホリックな口の中が日常に戻る瞬間）入り口を入るところから、食べて出るまで、ずっと楽しませてもらいました美味しくいただきました、ご馳走様でした！",2
近くのお店の待ち時間が長かったので、諦めてふらふらしている時に、良い匂いがしてきて入りました。古民家風のお店の雰囲気も良く、接客もナチュラルで優しくて好き。大当たりで幸せです！煮干し出汁がとても濃いのですが、苦味やえぐみが出るギリギリのところまで攻めている感じで、とても美味しい。チャーシューも、赤身のお肉なのに柔らかくて感動しました。低温調理なのかな？(脂が多めのお肉なら柔らかいのは、当たり前だと思いますが…)今度は塩味も食べてみたいです。,0
平日13時前に訪問。45分待ち表示でした。1年前の訪問から食券機が代わっており、細麺/平打ち麺が選べるように。(前回までは平打ち麺変更は口頭で)初めて平打ち麺にしましたが、細麺よりスープに合うと思いました。【スープ】相変わらずの優しめ。【麺】手もみ平打ち麺。細麺よりもスープを持ち上げるので合ってる。【トッピング】チャーシューがジューシーで特に美味しい。海苔も風味良し。【+α】45分待ち表示で、実際の待ちは発券から着丼まで35分でした。,2
目黒の会社に十年お勤めし、週に二日は通い続けた東京支那そばのトップオブトップ。そのスープをひとくち含めば、エグみの全くない透き通って甘い煮干の香り。麺を手繰ればポクポク歯応えのある食べて楽しい食感。そして、食べ応えあるワンタン。味変に入れる、揚げネギ。全てが昔のままで、常に完璧。その美味さに感動するレベル。職場が変わり、当店に訪問できなくなり、今はもっぱら行徳のこむろさん（当店のれん分け）に伺っている。こむろさんのラーメンは当店のをもっと突き詰めて極めた感じ。より高みにある気がする。でもどちらが優れているとかではなく、どちらも感動的に美味い。青は藍より出でて藍より青し。,2
とまそんのブログ： https://www.ramentabete.com/entry/2026/02/21/000000とまそんのYouTube： https://youtu.be/kEoXr1nSgo8＜２０２６．０２＞ ワンタンメン ＋ メンマ皿 ＋ 青菜皿 ＋ サッポロ赤星２本　２月という季節の概念を覆すような柔らかな陽光が荻窪の街を包み込む昼下がり！春の予感と琥珀色のスープへの期待が交差！。暦の上では立春を過ぎたとはいえ、まだ冬の寒さが名残を留めているはずの時期ですが、今日という日は特別な贈り物のように、四月を思わせる暖かな日差しが降り注いでいます 。荻窪駅の南口を出て、線路沿いの賑やかさを背に南口仲通り商店街のアーチをくぐると、そこにはどこか懐かしく、そして穏やかな時間が流れています。   　ボクは、この街の空気が好き。かつて「東の荻窪、西の成城」と称された文化の香りが、今も路地の随所に息づいているから？？。特にラーメンに関しては、戦後から続く老舗の歴史が層を成し、そこに新たな才能が積み重なっていく。今日私が目指す「らーめん高尾」は、正にその歴史の最新ページに刻まれた、美しき継承の物語そのものでございます 。   　駅から歩いて五分ほど。住宅街の静寂が混じり始める境界線に、壁と緑色の暖簾が鮮やかな「らーめん高尾」が見えてきます 。二〇二一年のオープンでありながら、その佇まいは何十年も前からそこにあったかのような「街の風景」として完成されています 。暖簾をくぐると、店主の温かな眼差しと、整然と磨き上げられたカウンターが私を迎えてくれました。春の陽光が差し込む店内で、ここで日常の重荷をそっと下ろし、至福の「麺活」を開始することにいたします。   ＜サッポロ赤星＞ 黄金の液体がグラスで踊る！昭和のラベルが郷愁誘う？キンキンに冷えた赤星喉と心潤す！　席に着き、まず私が求めたのは、日本のビール史を体現する至高の一本、「サッポロラガービール」、通称「赤星」でございます 。この店、そしてこの系統のラーメンを嗜む者にとって、赤星は単なる飲み物ではなく、儀式における聖水のような役割を果たします。店主の手によって供された中瓶は、結露が美しい真珠のような粒を纏い、キンキンに冷えたフロストグラスが添えられています 。   　栓を抜く「シュポン」という小気味よい音は、日常から非日常へのスイッチ。慎重に、しかし大胆にグラスへ注げば、きめ細やかな白い泡がふわりと立ち上がり、その下で黄金色の液体が陽光を反射して輝きます。一口、喉に流し込めば、赤星特有のしっかりとした苦味と、その奥に隠された仄かな麦の甘味が、五臓六腑を優しく、しかし確実に覚醒させていきます 。   　「ああ、これだ……」。思わず独り言が漏れます。二本お願いした赤星の一本目は、乾いた喉を潤すための解放。二本目は、これから供されるアテとともに、ゆっくりと時間を愛でるための悦楽 。この「ネオ・ノスタルジック」な店内の雰囲気と、歴史ある赤星のラベルが、これ以上ないほどに見事にシンクロし、私の心は早くも陶酔の淵へと誘われていきました。   ＜メンマ皿＞ 人肌の様な温もりを纏い胡椒で鮮烈な個性を放つ！フニャコリッ食感が、刻みネギと相まう！　ビールを半分ほど空けたところで、最初のアテ「メンマ皿」が到着しました。渋い波模様の小皿に、惜しげもなく盛られた短冊切りのメンマ。その上には、鮮度の良さを物語る白ネギの刻みがこんもりと載っています 。   　このメンマ皿の特筆すべき点は、その「温度感」にございます。冷蔵庫から取り出したばかりの冷たいそれではなく、ほんのりと人肌のような温かさが感じられるのです。この温もりが、メンマ本来の発酵由来の滋味深い香りと、纏わされた醤油タレの風味をふわりと立ち上がらせます 。食感は、柔らかさの中に繊維の心地よい抵抗を感じる「フニャコリッ」とした独特の質感 。   ここで私は、卓上の胡椒をパラリと振りかけます。これが「高尾流」の愉しみ方。温かなメンマに、胡椒のキレが全体をピリリと引き締める。シャキシャキとしたネギの辛味と相まって、これはもう、完璧な「ビール泥棒」へと昇華します 。一切れでビール一口。この幸せなループに身を委ねることが、どれほどの贅沢であるか、改めて痛感せずにはいられません。   ＜青菜皿＞ 深緑の宝石の様な鮮やかさ！優しい茹で加減！口内を清らかに整える静かなる癒やし脇役！　メンマ皿が「動」の刺激ならば、この「青菜皿」は「静」の極致。同じく波模様の小皿に盛られたほうれん草は、まるで春の萌芽を思わせる鮮やかな深緑色をしています 。表面には艶やかな醤油タレときらりと光る調味料が纏わされ、見ているだけで心が洗われるようです 。   　箸で持ち上げれば、茎の部分は瑞々しさを保ちつつ、葉の部分はしっとりと柔らかい。昨今の流行りである「強すぎるシャキシャキ感」とは一線を画す、素材の甘味を最大限に引き出した優しい茹で加減が、職人の丁寧な仕事を物語ります 。   　一口いただけば、ほうれん草本来の土の香りと出汁の旨味が重なり合い、赤星の強い苦味で満たされた口内を優しくリセットしてくれます。低カロリーでヘルシー、それでいて一品料理としての品格を備えたこの一皿は、拉麺の具材という枠を超え、立派な酒の肴として君臨しています 。メンマの塩気、青菜の清涼感、そして赤星の苦味。この三位一体のアンサンブルに、私は至福の絶頂を感じておりました。   ＜全体＞ 琥珀出汁を覆う白いワンタンの雲海！中央に咲くナルト！昭和美学が凝縮された風貌！　ビールとアテで十分に心と胃袋が整った絶妙なタイミングで、本日の真打ち「ワンタンメン」が運ばれてきました。丼が目の前に置かれた瞬間、私は思わず息を呑みました。これこそが、私が夢にまで見た「昭和の小宇宙」でございます 。   　透明感のある琥珀色のスープがなみなみと注がれ、その表面を白いワンタンの皮が、まるで春の空に浮かぶ薄雲のように優雅に覆っています。その中心部には、鮮やかなピンク色の渦を巻くナルトが一点、凛とした佇まいで鎮座している。それは、茶色い世界の中に咲いた一輪の希望の花のようです 。   　立ち上る湯気は、醤油の香ばしさと、微かに滲む生姜の清涼感を運んできます。派手なトッピングや過剰な演出を排し、ただ実直に、美味しさを追求した結果たどり着いた究極の簡素。この「飾らない美学」が結実した一杯のビジュアルは、二〇二六年という現代において、かえって新鮮な感動を呼び起こします。これから始まる食の体験が、単なる食事を超えた、魂の癒やしであることを予感させるに十分な第一印象でございました。＜出汁＞ 江ぐちのDNAを継承しつつ生姜が滲むキレ！現代的な輪郭を与えた至高の醤油清湯！　まずはレンゲを沈め、その黄金色のスープを一口いただきます。……ああ、染み渡ります。その一言に尽きます。一口含めば、まず広がるのは豚肉や香味野菜から丁寧に抽出された、厚みのある動物系のコク 。それは決して重すぎず、どこか懐かしい「江ぐち」の系譜を感じさせるノスタルジックな味わいです 。   　しかし、その後に続く展開が「高尾」の真骨頂。スープを飲み進めるごとに、ふわりと滲み出す生姜の清涼感が、全体をきりっと引き締めているのです 。この生姜の隠し味が、動物系の旨味に輪郭を与え、最後の一滴まで飽きさせない設計となっています。   　塩味（えんみ）に頼るのではなく、出汁（だし）の力で飲ませるという店主の哲学が、この一杯の透明感に凝縮されています 。優しく、けれど芯は太い。飲み干した後の余韻が、春の陽光のように温かく、いつまでも心に残る。そんな、慈しみ深いスープでございます。   ＜麺＞ 和蕎麦を彷彿とさせる茶褐色の麺！独特のザラつきが出汁を抱き込む！出汁旨みと一体化！　続いて、スープの中から箸で麺を引っ張り出します。現れたのは、一見すると日本蕎麦を思わせるような茶褐色のストレート中細麺 。自家製麺ならではの、力強い個性が光ります。   　口に運べば、その食感は唯一無二。「モチモチ」でも「ツルツル」でもない、「クシクシ、プツプツ」とした、独特の歯切れの良さがあります 。麺肌にはほんのりとザラつきがあり、それが琥珀色のスープをしっかりと抱き込み、口内へと運びます。   　噛み締めるほどに、強力粉らしい小麦の香ばしさが鼻に抜け、次第に出汁の旨味と麺の炭水化物の甘味が一体化していく 。この「出汁の吸い込み」の良さこそが、この麺の最大の武器。後半になるほど、麺がスープに馴染み、しなやかさを増していく変化もまた、食の楽しみを深めてくれます。蕎麦ライクな外見に隠された、自家製麺としての確かな誇りを感じる素晴らしい麺でございます。   ＜ナルト＆チャーシュー＞ 彩りのアイコンとしてのナルト！ホロリと解れる煮豚バラ肉！質を追求した脇役たち！？　丼の中央で愛嬌を振りまくナルト。この一枚があるだけで、ラーメンという食べ物はこれほどまでに「正統派」の顔立ちになるから不思議です。時折、トッピングを増した者だけが出会えるという「ナルトの端っこ」のいびつな形に、店主の遊び心と温もりを感じずにはいられません 。   　そして、スープの熱を帯びたチャーシュー。煮豚タイプのバラ肉をハーフカットしたものが、そっと添えられています。箸で持ち上げれば、赤身と脂身が見事な層を成しており、その繊維がホロリとほどけそうになっている絶妙な火入れ 。   　口に含めば、脂身はとろけるように甘く、赤身部分は少し「スカッ」とした質感から肉の旨味が溢れ出します 。スープを邪魔しない穏やかな味付けでありながら、噛みしめるほどに醤油ダレの香ばしさが広がる。ノスタルジックなアイコンを背負いながら、その中身は現代的なクオリティで磨き上げられた、正に名脇役でございます。   ＜ワンタン＞ 皮を愛でるための至福の雲海！肉餡は豆粒ほどの潔さ！出汁を吸い込んだ皮が喉元を滑る！　さて、いよいよ本日の楽しみの頂点、ワンタンでございます。高尾のワンタンは、肉餡を楽しむタイプではなく、圧倒的に「皮」を主役としたクラシカルなスタイル 。肉餡は豆粒程度にちょこんと添えられているに過ぎませんが、それこそが「分かっている」者の選択なのです。   　レンゲで慎重に掬い上げれば、薄く滑らかな皮が、スープをたっぷりと抱き込んで「ちゅるん」と滑り込みます。喉越しが快感であるのはもちろんですが、やや肉厚な部分は「食べる皮」としての確かな食感と満足感も残している 。   　この、出汁をしっかりと吸い込んだ皮自体の甘味が、醤油スープの塩気と絡み合う瞬間の幸福感。それはまるで、丼の中に浮かぶ無数の雲を食べているかのような錯覚を覚えます。麺と一緒に啜れば、麺のコシとワンタンの滑らかさが重なり合い、食感のグラデーションが生まれる。これぞ、ワンタンメンという食べ物の、一つの完成形ではないでしょうか 。   ＜メンマ＞ 出汁の中で熱を帯び皿の時とは異なる表情！麺の食感を引き立てる名アクセント！　最後に、拉麺の中に潜むメンマについて触れずにはいられません。先ほどの「メンマ皿」とは異なり、熱々のスープに浸ることで、こちらはまた別の表情を見せてくれます。　スープの熱が芯まで通ったメンマは、香りがより一層華やかに立ち上がり、麺と一緒に啜った際に最高のアクセントとなります。麺の「プツプツ」とした歯切れに、メンマの「コリッ」とした食感が重なる。このリズムこそが、食欲を最後まで減退させない秘密の鍵なのです 。   　皿で楽しむ際のラー油の刺激も格別ですが、スープの一部として馴染み、出汁を纏ったメンマの素朴な旨さ。これもまた、捨てがたい魅力がございます。最後まで、飽きることなく、むしろ名残惜しささえ感じながら、私は最後の一片まで、この至福の時間を噛み締めました。総じまして・・・「食べ終えた後の幸福感はまるで春の陽光！心と身体の隅々まで温かく満たす！単なる食事を超えた癒やしの食体験！」   　三鷹「江ぐち」から「みたか」、そしてこの荻窪「高尾」へと受け継がれてきた伝統。それは、決して過去を懐かしむだけの懐古主義ではありません。店主の丁寧な仕事、自家製麺へのこだわり、そして生姜を効かせたスープの進化。それら全てが重なり合い、現代の我々の心に響く「ネオ・ノスタルジー」として、力強く息づいています 。   　赤星を傾け、アテを楽しみ、そして琥珀色のスープで締める。この一連の流れが提供する「心の平穏」こそが、この店の真の価値なのではないでしょうか。忙しない日常の中で、ふと立ち止まり、自分を「整える」ための場所。荻窪の地に根を下ろしたこの名店は、これからも多くの人々の心を、その優しい湯気で包み込み続けていくことでしょう 。激しくオススメ！。旨し！なので・・・とっとと詠って、いつものように締めたいと思います！。　　　春近し　　　　荻窪の陽に　　　　　誘われて　　　　雲呑たゆたう　　　　　琥珀の宇宙　お粗末！と言うことで家族にも感謝しながら合掌！！今日も本当にごちそうさまでした！,0
十条駅のホーム沿いの裏路地に突如として現れる百名店のラーメン屋さん。ラーメン、つけ麺のあっさり（煮干しそば）とこってり（背脂煮干しそば）、そして油そばからなるラインナップ。注文は人気No. 1の代名詞の煮干しそばとメンマめし。平日のランチはセット注文すると100円引きです。店内は煮干しの香りで充満していて期待が高まります。着丼したスープは醤油色強めで、多少濁りはあるものの、透き通っている印象。一口啜ると煮干しの風味とカエシの塩味と甘味が絶妙。深みのある煮干しの味わいはさすがと言った感じ。麺はツルツルでモッチリ。モチモチの麺はスープとしっかり絡み啜り心地が良い。チャーシューはかなり味強めでしっかりした味付け。単体で食べるとちょっと塩っぱいかなと感じましたが麺やご飯と食べると凄いちょうど良かったです。メンマめしは柔らかいメンマと優しいながらもしっかりした味付けで美味しかったのですが、ホカホカのご飯の上のメンマが冷たかったのがちょっと残念。メンマも人肌程度に暖かい方が美味しいのではと感じました。麺は狭いながらも店の入り口にある製麺室で自家製しているのが見れました。非常にこだわりの感じるラーメン屋さんでした。,2
"午後から久しぶりに府中工場で仕事だったので、前からつけ麺を食べに行きたかった「ひら井」さんへ初訪問。ところが、券売機に『毎週金曜日は「中華蕎麦のみ」の営業です。「つけ蕎麦」はありません！』との非情の貼り紙。本来、平素から「中華蕎麦」を食べまくっている人間がこの理由で落ち込む必要はないのだが、つけ麺を食べると心に決めて初訪問した身には、寿司屋に行ったのに中トロが無いような残念な気持ちになる。だが、百名店の中華蕎麦が食べられるのだから、と気を取り直して、貼り紙で覆われていない券売機ボタン左上の「国産チャーシュー中華蕎麦 並 」¥1,400をポチ。外待ち五人目のポジションで食券を女性スタッフへ手渡し、入店してカウンターに座して数分後に着丼。1ロット4人分で回しているようで、自分より先に入ったお客さん2人と後に入った一人と同時だった。着丼時の最初の印象は「肉デカっ！」色々な店でチャーシューが丼を覆い尽くしているようなチャーシュー麺を食べてきたが、ひら井さんのチャーシューは大きい上に厚みがあるので、丼を覆い尽くしていないにもかかわらず存在感が半端ない。スープを一口啜ると、ガツーンと動物系のパンチが効いて旨味とコクがある。豚骨に近いが、こちらは豚ゲンコツ、豚頭、牛骨、鶏ガラ、モミジを使用し魚介材料は一切加えず仕上げた動物系１００％の濃厚スープだそうな。暫くこのタイプのスープとはご無沙汰していたが、これは美味い。麺はコシのある細ストレートで、小麦は北海道産「春よ恋」「はるきらり」を使用されているそうな。濃厚でパンチのあるスープとの絡みが美味しい。存在感抜群のチャーシューは炭火焼の豚バラ・肩ロース、真空低温調理の豚肩ロースの３種類で、お店のチャーシューに対する拘りがビシビシ伝わってくる。子供の頃に「はじめ人間ギャートルズ」というアニメを見て、子供心に「マンモスの肉を食べてみたい」と思ったものだ（同世代の方は共感してくださると思う）が、その夢が叶った気がする満足度たっぷりのチャーシューだった。これはつけ麺も食べに来なければいけないな。ごちそうさまでした。",2
行列ができるようになって中々行けなくなって1年以上ぶりに訪問しました以前とメニューが違う…麦しょうゆとチャーシュー飯を注文しましたスープは以前と同じ和風な感じがあって美味しいそばの実みたいなのは入ってなかったけど麺も細めでツルツルしていてコシもあって美味しいでも以前とは違う麺でしたさらに洗練されている一杯に仕上がっています！焼豚ご飯もお肉いっぱいで大満足です！ごちそうさまでした！#麦処八と丁 #八と丁 #限定ラーメン #麦しょうゆ #鴨 #山形ラーメン #環七通りグルメ #一之江駅グルメ #江戸川区グルメ #東京グルメ #麺活 #ラーメン部 #麺スタグラム #メンスタグラム #ラーメン食べ歩き #ラーメン大好き #ラーメン倶楽部 #ラーメンパトロール #ラー活 #ラーメン日記 #ラーメン記録 #ラーログ #麺モリー #ラーメン #中華そば #支那そば #拉麺 #つけめん #油そば #まぜそば #noodle,1
新橋駅から3分ほど平日19時半頃の訪問店内は広く待ちはなし特製海老ポタらぁめん 1030円ポタという名前からかなり濃厚系を想像していましたが実際は思ったよりあっさりめ海老の旨みはしっかり感じますが後味は軽やかスープにくどさはなくさらっと食べ進められますわんたんはつるんと柔らかく餡ぎっしりチャーシューはしっかりめ卵はいい半熟具合意外とあっさりなので〆ラーメンとしても全然つかえそうごちそうさまでした,0
この店は西荻窪駅からやや離れた住宅街にあるラーメン店です。ミシュラン東京2023～2026でビブグルマンに選出された店とのことです。そのわりにはメディアやネットではあまり話題になってなかったので、この店は知りませんでした(^^;この日は土曜日の開店時で15人の行列でした。「醤油そば（1000円）」を注文。茶色のあっさり醤油味のスープで、清湯系です。芳醇な醤油と弱めの魚介のバランスの良い味です。麺は細めのストレート麺で、低加水気味の全粒粉麺です。,1
池袋駅西口から徒歩2分のラーメン屋さん。ご主人は野方の名店「花道庵」の出身。味噌の味がしっかりしたまろやかなスープはやや塩味が強く、強火でシャキシャキに炒められたモヤシ、コシの強いもちもちの中太麺によく合います。厚みがあるけどほろほろで柔らかいチャーシュー、甘い黄身が濃厚な味付き玉子、コリコリした食感のメンマも味わいに変化をつけて楽しいです！,2
平日昼。13時を少しまわっていたので、空いているのを期待して訪問。　先客は無し。平日はピークを外せばいいのかも。　カウンター8席ほどの店。　ランチのラーメンセットを注文ラーメン数種類、ミニ丼数種類選べる。　醤油ラーメンとミニチャーシュー丼を選択。　少し待って到着醤油ながら澄んだ色味。　優しい味なので、最後まで飽きずに完食してしまった。美味しかった,0
"TOP5000選出の名店。火水木金の平日昼のみ。10:30-麺切れまで。(14:30くらい終了が多い)レンゲなし。マシマシ不可。火曜日11:30頃訪問。店外11人待ち。店前5人並び。以降は道路沿いへ。黄色いコーンから並ぶ。この日は気温6℃。途中撤退する人も。11:51    店外先頭。11:52    入店。12:04    着席。少なめ•半分は900円。小ラーメンは1,000円。普通の店舗より麺量は少なめ。店員さんに聞かれたら注文。・小ラーメン　1,000円店内は皆黙々と食事。カウンターは歴史感あり。12:18    コール確認。コール:ヤサイニンニクアブラヤサイは山盛りクタクタ系。食感が少しあるのもまた良い。アブラは丁度いい甘さと塩味。ヤサイとの相性ピッタリ。スープは微乳化。上の液体脂の量が凄まじい。下の醤油はしょっぱ過ぎず◎。全体的に優しい感じ。チャーシューは2枚。分厚く端はしょっぱめ。全体的には丁度いい味。赤身メインでホロッホロ。麺は柔らかめモチモチ。特に小麦の甘さが引き立つ。ここまで感じたのは久々。量はやはり少なめ。余裕を持って完食。腹六-七分目くらい。12:27    退店。店外20人待ち。また来れる日があれば。最後まで美味しかった。ご馳走様でした。",1
インバウンドが多い中日本人向けなお店ってどの辺だろう？と思った時にドンピシャなお店です落ち着いている雰囲気は勿論あるけれど活気があって日本人特有のおもてなし文化のような優しさも感じられます11時すぐに入店しましたがカウンターですでに食べている男性客1人ずつが2組と奥にご夫婦がいらっしゃって朝から女1人で入っても浮かないような雰囲気に惹かれました味は女性1番人気の梅塩ラーメンを いい意味で後味が残らない濃さでとても美味しかったです回転も速いので今回は待ち自体なかったですが入店からカウンターに札を置いて体感1分ほどでラーメンも提供され急いでる日にもいいと思います！,0
木曜日の12時着で並び8人、並び中にスタッフに声をかけられたら食券買って外で待機。今回は特製醤油ラーメン1600円、スープは無化調なので優しい味わいの向こうに美味しさがある。舌に集中しよう、鳥チャーシューは奥久慈鶏かな硬めで旨さがある豚チャーシューも美味しい、煮卵は美味いので必須です。13時くらいが空いてていいかもね。,1
いわゆる二毛作系のラーメンですね。朝ラーは600円とリーズナブル。背脂の浮いた醤油スープ、麺は博多系の細麺。提供時間も超早い！地元にこんなラーメン屋さんあったら、つい寄っちゃうな。退店時は『いってらっしゃい！』と言って下さるのがまたいいですね。,2
"定期直系巡り、今回は西東京側ということで八王子の野猿街道店2に来ました。そこまで行きづらいわけではないものの、シンプルに移動時間がかかるため中々来づらいんですよね。日曜の朝10時10分に到着し、大体40名程度待ちでした。並びは凄いものの、店内の席数が多いこともあり着丼までは大体1時間くらいです。注文は小ラーメン（1,000円）にアブラコール、ネギとうずら（150円ずつ）を購入しています。味の感想ですが、全体的にバランスが良く美味しかったです！まずスープがド乳化系で、一口飲むだけで甘みを感じることができるほどとなっています。そこに程よい茹で加減の麺が合わさることで￼最高の1杯に繋がっています。ヤサイはシャキ系で、デフォの量はそこまでとなっています。見た目がネギしかないので分かりづらいですが盛りの半分くらいがヤサイでした。アブラはプレーンかつ硬めだったのであんまり増さなくてもいいかなという感じです。スープに沈めといて最後に食べると良きでした。ブタがかなり好みで、肉感ありで大きめのものが3枚近く入ってました！追加トッピングのネギはごま油で味付けされてるよくラーメン屋で出てきがちなやつです。そのまま食べたり、途中でスープに沈めて全体の味変に使うなどできますが、正直量が多くて後半ねぎの味しかしなくなってしまいます。ねぎ自体は良かったので次回と欲しくはあるのですが、少なめにしてもらったりとか出来るんですかね？全体的にハイクオリティで、世間的な評価の高さも頷ける一杯でした。野猿街道店はデフォルトの美味しさもさることながららトッピングや限定メニューの豊富さが強みかなと感じられます。次回訪問する際には別のトッピングや、限定メニューなどにも挑戦してみたいです！",2
たんめんと缶ビール。余計なことを考えず、ただこれでいいと思える組み合わせ。野菜の甘みがしっかり出たスープに素直な麺。食べ終わると「やっぱりここだな」と思わせてくれる。銀座でこの安心感。たんめんの定番、ちゃんと理由があります。▼今日のオーダー▼＜食事＞たんめん＜お酒＞缶ビールごちそうさまでした☺︎===================================ご覧いただきありがとうございます！！お店選びの参考になれば嬉しいです♬,1
池袋の東口、Hareza池袋の裏手側にあるラーメン屋。休日の夜に行きました。閉店間近なのもありすんなりと入れました。店内の券売機で特製まぜそばを購入。豚と鶏のチャーシュー、味玉、黄卵、長ネギ、玉ねぎ、カイワレ、海苔、ヤングコーン、ナルト等が乗っています。底にある麺を持ち上げてかき混ぜます。麺は太麺でタレは醤油ベース。しっかりしたコシのある麺と濃い醤油がよく絡んで美味しいです。具もそれぞれ色んな食感、味わいがあって面白いです。,1
神田駅から大通りを渡ってすぐのこちらのお店　肉そば小　950円　肉そぼろ丼　300円デフォルトで硬めのストレート細麺にスープは濃厚煮干し出汁。チャーシューはバラの厚切り。店主おすすめの肉そぼろ丼は生姜が利いていて煮干しスープとよく合います。オリジナリティあるラーメン。ご馳走様でした。,0
背脂＆背徳感注入は浅草のらーめん弁慶にてまるで一面が雪（背脂）で覆われたようなスープ疲労感を一気にふっ飛ばす背脂だが、見た目ほど脂はしつこくないランチに無料で付くライスがありがたいスープにライスを浸したり、ライスにネギ＆もやしをオンして食す,0
らあめん(麺少なめ)16時からの会合の前にサクッと、と思って麺は少なめで。クラシカルスタイルな醤油味にラーメンと言う食べ物の基本の部分の尊さを感じます。滑らかな平打ち麺は舌触りが最高です。厚めにカットされているチャーシューも抜群な仕上がり。新宿西口に来たらこちらか満来さんかどちらをチョイスするべきなのか…,1
休日にラーメンが食べたくなって伺いました。13時半頃で並びなく入れました。煮干しの気分だったので、「煮干し極まる中華そば」を注文。初めての来店だったので、LINEのお友だちになるとトッピングや大盛りが無料になります！人気の卵トッピングをチョイス。あっという間に着丼。スープはサラッとしてるけど、煮干しの深みがあって美味い。飲み進めていくとだんだん塩が強く感じてくるので、お酢で味変がしっくりきた。麺はまっすぐでツルッとした細めの麺。いくらでも食べれそうな勢い。シンプルな醤油か塩のスープとも合いそう。チャーシューは結構重いかなと思ったけど、見た目より軽く、全く臭みなし。脂の部分はトロッとして、繊維質の部分とのバランス、味付けもちょうど良い。追加してもらった卵も火入れ加減がいい感じで、とろっと、まろやかな甘みがあってめちゃくちゃ好みでした。総じて具材のクオリティの高さにびっくり！煮干しなら海苔トッピングも今度試してみたい。別の味も試してみたいです！,0
ラーメンTOKYO百名店2025にも選ばれている名店、「一条流がんこ総本家分家四谷荒木町」。来店時は店外で食券を購入し、順番を待つスタイル。店内はカウンターのみだが回転は早く、人気店ながら比較的スムーズに入店できる印象だ。初訪問であることを伝えると、この店ならではの体験が始まる。純正100ラーメンと純正上品ラーメン（塩・醤油）のスープの香りを実際に嗅がせてもらい、そこから好みで選ばせてくれるというもの。言葉ではなく“香り”で選ぶという演出に、この店の自信とこだわりが感じられる。今回は純正100ラーメンをオーダー。提供された一杯は、カエシを一切使わないとは思えないほど力強く濃厚なスープ。素材の旨みだけでここまで完成度の高い味わいを作り上げている点に驚かされる。トッピングはチャーシューに加え、名物の「悪魔肉」と呼ばれる生姜焼き風の豚バラ煮込み。どちらもしっかりと味が入り、存在感抜群。歯ごたえのあるメンマ、香りの良い海苔、シャキッとしたネギが加わり、見た目の迫力も申し分ない。麺はコシが強く、濃厚なスープにしっかり寄り添う仕上がり。ボリュームもあり、食後の満足感は非常に高い。美味しいはもちろん、選ぶ工程の「体験」も嬉しい。百名店に選ばれる理由を、しっかりと実感できた。ごちそうさまでした！,2
"オフィスビルの2〜3階は飲食店になっており、そこの1店舗です。店内すごく綺麗で広くびっくりしました。女性1人でも食べやすい環境です。今回はラーメン大盛り¥1,100にしました。他のお店だと「本当に大盛り？」っていうところもありますが、ここはしっかり大盛りでした。飽きずに食べれる綺麗なスープでした。ご馳走様でした。",1
平日の13時頃訪問。外待ち1名に接続。退店する時は15名ほどの大行列が出来ていました。タイミングが良かったです。ラーメン小と生卵の食券購入。席が空いたら順次着席していきます。麺量は外待ちの時に麺半分で申請済み。無料トッピングはやさい少なめ、にんにく、あぶら、からめ。豚感強めの微乳化スープが美味しい。豚はいつも通り、味付け程よい大きい豚が２枚。豚１枚でお願いしているお客さんがいました。ここのお店の良いところはロットの概念がほぼ無くて、食べるのに専念していれば、いくら遅くても決して急かされないところです。他のお客さんでやさい、ましましの人が2ロット分の時間をかけて完食していました。店主も助手の女性もとても柔らかい接客。初めての方でもおすすめの直系二郎です。,1
ずっと気になってて行きたかったお店。平日11時すぎに到着、並びが4名程でそれ程待たずに入店できました。カウンター席では、目の前で作っている行程を見れてライブ感もありワクワクします。到着した丼からは良い香りも漂い、これは間違いないと確信がもてます。まずはスープ、かなりビシッと鴨をしっかりと感じられるスープで、鴨好きにはたまらないはずです。スープに合わせる麺は、3種の小麦を使用した三層麺とのことで、かなり太い平打ちの麺です。モチモチとした食感で、啜るというより食べ応えのある麺です。スープ、麺も鴨を味わうに最高の出来ですが、トッピングの鴨肉が美味しすぎました。軽く炙られた鴨肉は、香ばしさと共に、脂の旨味、肉の弾力と感動ものでした。当然そんな鴨肉ですので、鴨丼も絶品。ハーフではなく、通常サイズでも良かったです。鴨を存分に味わえるラーメンと丼、最高でした。今の場所での営業は2月いっぱいまでとの事で、また、どこかで食べれることを楽しみにしています。,2
約11:30に到着で待ち2人です。食券は先に買うシステムでタッチパネル式券売機からニコニコそば＋味玉とチャーシュー1枚を選択し現金で購入しました。タッチパネル式券売機なのでキャッシュレス決済が可能かと思い行きや現金のみ対応です。中待ちは2人までなので外の椅子で待ちます。店員さんに呼ばれ店内で待ちますがその際に食券を渡しました。着席してお店の中央にあるセルフトッピングのねぎとメンマを取りに行きました。変わったシステムです。暫くして着丼です。写真を撮ってからニコニコそば＋味玉とチャーシューの上にセルフトッピングのねぎとメンマを乗せました。まずはスープですが鶏ガラ、豚骨、煮干し、節系、昆布と全て厚めな出汁ですがバランスが良くたんたん亭系の中でも上位だと思います。トッピングは肉ワンタン×2、海老ワンタン×2、豚もも肉吊るし焼きチャーシューはデフォで2枚と別注で1枚、別注の味玉、ベビーリーフ×3枚の上にナルト、セルフトッピングのねぎとメンマです。吊るし焼きチャーシューは炭火焼きではありません。麺は三河屋製麺の切刃18のやや中太黄色麺です。,0
"ラーメン1,830円の芹ラーメン。こちらはお高くて諦め、伊吹いりこの中華蕎麦1,180円、ワンタン250円を追加トッピングしました。トッピング特製480円でリブロース、ワンタン、味玉、のり、追加トッピングも気になりました。",0
"【2025年 359杯目】タナカ ロボ⎯⎯⎯⎯⎯⎯⎯⎯⎯⎯⎯⎯⎯⎯⎯⎯⎯⎯⎯・✦焼豚ブラック ¥1,150⎯⎯⎯⎯⎯⎯⎯⎯⎯⎯⎯⎯⎯⎯⎯⎯⎯⎯⎯・✦柴崎亭出身で人気のこちらへ《来店状況》 ┈┈┈┈┈┈┈┈┈┈┈┈┈┈┈┈日時：2025年10月（平日）到着：14:29流れ：口頭注文→後会計並び：なし着丼：14:35《レビュー》 ┈┈┈┈┈┈┈┈┈┈┈┈┈┈┈┈◎スープスッキリとした濃口醤油の風味と穏やかな動物系の旨味に挽き立ての黒胡椒と花椒が効いた味わい。◎麺整った麺線のしなやかな麺肌でハリ感があるやや低加水の中細ストレート麺。◎チャーシュートロトロの豚バラがゴロゴロと。◎その他トッピング玉ねぎ、カイワレ、黒胡椒、花椒。次は生姜の豚そばを食べてみたいです✨ご馳走様でした《店舗情報》 ┈┈┈┈┈┈┈┈┈┈┈┈┈┈┈┈東京都世田谷区桜3-8-15上町駅 徒歩15分時間：11:00-16:00定休日：月/火（祝日の場合は営業）食べログ：3.65",0
東京出張のため、初めてのちゃん系ラーメン食べるために『ナギチャンラーメン』へ。シンプルな商品を注文。あっさりしてる中華スープに平打ち麺が合います。にんにくなどを追加するとあっさりな二郎系です。ご飯も無料のところもあるみたい。深夜の胃袋支えるちゃん系でした。,0
食べログTOP5000（2026.2現在）食べログ3.71コチラは事前調べなしで駅へ向かう道中にこの辺りの食べログを開いてたまたま見つけたお店お店構えは入りやすい雰囲気店内に入店するとコの字型カウンターに広々とした明るい店内清潔感感じるお店入り口入って右側の券売機で発券し席へ15:03到着　並びなし15:04 入店  券売機発券　先客4名15:05 着席15:11  着丼15:24 退店 ◆◆今回オーダーしたお品◆◆・中華そば  950円　炭火つるし焼チャーシュー煮干しと鯖節に動物系の香り高いWスープキレのある醤油感に強めのオイルで熱々のスープ麺は木箱に″まるえ中華そば″麺やみかん″と記載自家製麺なのかなぁ？中細ストレート麺※+200円で太麺に変更可と書いてたのでスープのオイリー感が強めに感じたので太麺が正解だったかなぁ？後半卓上の″自家製みかん一味″で味変ご馳走様でした*\(^o^)/*,1
祝日のお昼に訪問11時の開店3分間くらいに到着意外にもまだ待ちは5名ほど、一巡目ですんなり入店できました食券(新札可)でおすすめメニューの醤油ワンタン麺をチョイス、ビールと餃子(4ケ)もつけちゃいます清潔感ある店内、カウンターに落ち着き、ヱビス小瓶(国産の主要銘柄4種から選べます)をサービスのメンマの小皿(嬉しい！)をアテに楽しみつつ厨房を眺めること10分ほどでワンタン麺着丼、ほぼ同時に餃子もお出ましです麺の具はワンタン(海老、ひき肉各2ケ)、チャーシュー(3枚)、ほうれん草、海苔、メンマ、刻みネギと王道のラインナップ先ず熱々スープをひとくち啜ります複雑な出汁の旨みたっぷりながらスッキリとした味わい、とても好みです自家製麺は中太ちぢれタイプ、スープとの絡み抜群、すすって頬張ると香りが鼻に抜け多幸感に浸りますワンタンはちゅるんとした皮とタネの弾力のコントラストが絶妙、特に海老が秀逸この辺で餃子もいきましょうもっちりとした皮の中に野菜たっぷりの餡がたっぷり入って食べ応えあります(4ケで350円はお値打ち！)麺に戻り、後半戦は胡椒少々投入すると更に好みの味わいハイクオリティでバランス良い具も楽しみながらあっという間に完食し、満腹満足お店の方々の清々しい丁寧な接客もパーフェクトご馳走さまでした(さすがの名店、お店を出る頃にはかなりの行列です),2
箱崎で仕事だったので小腹が空いたところで目の前にラーメン屋さんが！迷わず入りました^_^九州ラーメン¥950を食券機で固めんを注文しました〜スープは割とあっさりしてました^_^また食べてから写真撮るの忘れてました〜ご馳走様でした〜ありがとうございます(^.^),0
